	AlmeidaO_2020	AlmeidaO_2020	AlmeidaO_2020	AlmeidaO_2020	AlmeidaO_2020	AlmeidaO_2020	AlmeidaO_2020	AlmeidaO_2020	AlmeidaO_2020
sample	AlmeidaO_2020__SRR8742576	AlmeidaO_2020__SRR8742577	AlmeidaO_2020__SRR8742578	AlmeidaO_2020__SRR8742579	AlmeidaO_2020__SRR8742580	AlmeidaO_2020__SRR8742581	AlmeidaO_2020__SRR8742582	AlmeidaO_2020__SRR8742584	AlmeidaO_2020__SRR8742585
macrocategory	food	food	food	food	food	food	food	food	food
category	fermented_seeds	fermented_seeds	fermented_seeds	fermented_seeds	fermented_seeds	fermented_seeds	fermented_seeds	fermented_seeds	fermented_seeds
type	cocoa_beans	cocoa_beans	cocoa_beans	cocoa_beans	cocoa_beans	cocoa_beans	cocoa_beans	cocoa_beans	cocoa_beans
subtype									
country	BRA	BRA	BRA	BRA	BRA	BRA	BRA	BRA	BRA
source	public	public	public	public	public	public	public	public	public
k__Bacteria|p__Firmicutes|c__Bacilli|o__Lactobacillales|f__Streptococcaceae|g__Lactococcus|s__Lactococcus_lactis|t__SGB7985	0.14109	0.0	0.40403	0.0	0.0	0.0	0.0	0.0	0.0
k__Bacteria|p__Actinomycetota|c__Actinomycetes|o__Propionibacteriales|f__Propionibacteriaceae|g__Cutibacterium|s__Cutibacterium_acnes|t__SGB16955	0.0	0.0	0.0	0.62919	0.0	0.0	0.0	0.0	0.0
k__Bacteria|p__Firmicutes|c__Bacilli|o__Lactobacillales|f__Lactobacillaceae|g__Lactiplantibacillus|s__Lactiplantibacillus_plantarum|t__SGB7202	0.0	0.0	0.0	0.0	0.24468	0.00653	0.08219	0.0	0.00553
k__Bacteria|p__Pseudomonadota|c__Gammaproteobacteria|o__Enterobacterales|f__Erwiniaceae|g__Pantoea|s__Pantoea_coffeiphila|t__SGB23192	0.1039	0.0	0.08975	0.0	0.0	0.0	0.0	0.0	0.0
k__Bacteria|p__Firmicutes|c__Bacilli|o__Bacillales|f__Paenibacillaceae|g__Paenibacillus|s__Paenibacillus_cookii|t__SGB7404	0.0	0.0	0.0	0.0	0.0	0.0	0.0	0.0	0.00236
k__Bacteria|p__Firmicutes|c__Bacilli|o__Bacillales|f__Bacillaceae|g__Bacillus|s__Bacillus_licheniformis|t__SGB7780	0.0	0.0	0.0	0.0	0.0	0.0	0.0	0.32638	0.11446
k__Bacteria|p__Firmicutes|c__Bacilli|o__Bacillales|f__Paenibacillaceae|g__Brevibacillus|s__Brevibacillus_brevis|t__SGB154278	0.0	0.0	0.0	0.0	0.00566	0.0	0.0	0.00038	0.00681
k__Bacteria|p__Firmicutes|c__Bacilli|o__Lactobacillales|f__Lactobacillaceae|g__Limosilactobacillus|s__Limosilactobacillus_fermentum|t__SGB7106	14.74891	0.0	0.0	0.0	36.39586	97.98457	85.62774	0.92977	9.05524
k__Bacteria|p__Pseudomonadota|c__Alphaproteobacteria|o__Acetobacterales|f__Acetobacteraceae|g__Acetobacter|s__Acetobacter_fabarum|t__SGB1190	0.0	0.0	0.0	0.0	0.0	0.00207	0.01561	0.0	0.0
k__Bacteria|p__Pseudomonadota|c__Alphaproteobacteria|o__Acetobacterales|f__Acetobacteraceae|g__Acetobacter|s__Acetobacter_orientalis|t__SGB1187	0.0	0.0	0.0	0.0	0.0	0.0	0.00589	0.0	0.0
k__Bacteria|p__Pseudomonadota|c__Gammaproteobacteria|o__Moraxellales|f__Moraxellaceae|g__Acinetobacter|s__Acinetobacter_baumannii|t__SGB10343	0.0	0.0	0.0	0.0	0.0	0.00182	0.0	0.0	0.0
k__Bacteria|p__Firmicutes|c__Bacilli|o__Lactobacillales|f__Lactobacillaceae|g__Levilactobacillus|s__Levilactobacillus_brevis|t__SGB7196	0.0	0.0	0.0	0.0	0.0181	0.0	0.0	0.0	0.0
k__Bacteria|p__Firmicutes|c__Bacilli|o__Lactobacillales|f__Lactobacillaceae|g__Leuconostoc|s__Leuconostoc_pseudomesenteroides|t__SGB69408	0.33599	0.0	0.00916	0.0	0.0	0.0	0.0639	0.0	0.0
k__Bacteria|p__Pseudomonadota|c__Alphaproteobacteria|o__Acetobacterales|f__Acetobacteraceae|g__Acetobacter|s__Acetobacter_indonesiensis|t__SGB1203	0.0	0.0	0.0	0.0	0.00318	0.00082	0.00904	0.0	0.00189
k__Bacteria|p__Firmicutes|c__Bacilli|o__Lactobacillales|f__Lactobacillaceae|g__Liquorilactobacillus|s__Liquorilactobacillus_nagelii|t__SGB7063	0.0	0.0	0.0	0.0	0.40044	0.13373	0.10752	0.0	0.10121
k__Bacteria|p__Firmicutes|c__Bacilli|o__Bacillales|f__Bacillaceae|g__Caldibacillus|s__Caldibacillus_thermoamylovorans|t__SGB7728	0.0	0.0	0.0	0.0	0.0	0.0	0.0	0.01139	0.0
k__Bacteria|p__Firmicutes|c__Bacilli|o__Bacillales|f__Bacillaceae|g__Bacillus|s__Bacillus_subtilis|t__SGB7788_group	0.0	0.0	0.0	0.0	0.01429	0.0	0.0	2.94509	0.80501
k__Bacteria|p__Firmicutes|c__Bacilli|o__Bacillales|f__Bacillaceae|g__Heyndrickxia|s__Heyndrickxia_coagulans|t__SGB7729	0.0	0.0	0.0	0.0	0.0	0.0	0.0	0.02653	0.06504
k__Bacteria|p__Pseudomonadota|c__Gammaproteobacteria|o__Enterobacterales|f__Erwiniaceae|g__Pantoea|s__Pantoea_dispersa|t__SGB10172	0.0	0.0	0.00996	0.0	0.0	0.0	0.0	0.0	0.0
k__Eukaryota|p__Ascomycota|c__Saccharomycetes|o__Saccharomycetales|f__Pichiaceae|g__Pichia|s__Pichia_kudriavzevii|t__EUK4909	0.0	0.0	0.0	0.0	0.07035	0.15144	0.01672	0.00471	1.71903
k__Eukaryota|p__Ascomycota|c__Saccharomycetes|o__Saccharomycetales|f__Saccharomycetaceae|g__Saccharomyces|s__Saccharomyces_cerevisiae|t__EUK4932	0.89747	3.06707	0.0	0.0	0.16073	0.05368	0.0041	0.00059	0.15768
k__Bacteria|p__Pseudomonadota|c__Alphaproteobacteria|o__Acetobacterales|f__Acetobacteraceae|g__Acetobacter|s__Acetobacter_pasteurianus|t__SGB1197	0.0	0.0	0.0	0.0	6.57497	0.03801	0.02176	5.53348	12.31695
k__Bacteria|p__Firmicutes|c__Bacilli|o__Lactobacillales|f__Lactobacillaceae|g__Paucilactobacillus|s__Paucilactobacillus_vaccinostercus|t__SGB7173	0.0	0.0	0.0	0.0	0.03269	0.0	0.0	0.0	0.0
k__Bacteria|p__Pseudomonadota|c__Alphaproteobacteria|o__Acetobacterales|f__Acetobacteraceae|g__Acetobacter|s__Acetobacter_ghanensis|t__SGB1192	0.0	0.0	0.0	0.0	1.67866	0.04084	0.21948	0.0	0.09868
k__Bacteria|p__Firmicutes|c__Bacilli|o__Lactobacillales|f__Enterococcaceae|g__Enterococcus|s__Enterococcus_casseliflavus|t__SGB7952	0.0	0.0	0.0	0.0	0.0	0.0027	0.0	0.0	0.0
k__Bacteria|p__Pseudomonadota|c__Betaproteobacteria|o__Burkholderiales|f__Burkholderiaceae|g__Paraburkholderia|s__Paraburkholderia_tropica|t__SGB12985	0.0527	0.0	0.0	0.0	0.0	0.0	0.0	0.0	0.0
k__Bacteria|p__Pseudomonadota|c__Gammaproteobacteria|o__Lysobacterales|f__Rhodanobacteraceae|g__Frateuria|s__Frateuria_aurantia|t__SGB180577	5.90083	0.31372	0.0	0.0	0.0	0.00061	0.10036	0.0	0.0
k__Bacteria|p__Pseudomonadota|c__Alphaproteobacteria|o__Acetobacterales|f__Acetobacteraceae|g__Acetobacter|s__Acetobacter_pasteurianus|t__SGB1196	0.37659	0.00921	0.0	0.0	45.14407	0.18463	0.83171	86.72346	68.56411
k__Bacteria|p__Pseudomonadota|c__Alphaproteobacteria|o__Acetobacterales|f__Acetobacteraceae|g__Acetobacter|s__Acetobacter_pomorum|t__SGB1193	0.0	0.0	0.0	0.0	0.08917	0.0	0.0	0.11811	0.14347
k__Bacteria|p__Pseudomonadota|c__Alphaproteobacteria|o__Acetobacterales|f__Acetobacteraceae|g__Acetobacter|s__Acetobacter_senegalensis|t__SGB1205	0.05294	0.13136	0.0	0.0	4.82338	0.35549	0.65705	0.12242	3.86077
k__Bacteria|p__Firmicutes|c__Bacilli|o__Bacillales|f__Bacillaceae|g__Heyndrickxia|s__Heyndrickxia_oleronia|t__SGB7732	0.0	0.0	0.0	0.0	0.02289	0.0	0.0	0.05407	0.13334
k__Bacteria|p__Firmicutes|c__Bacilli|o__Lactobacillales|f__Lactobacillaceae|g__Pediococcus|s__Pediococcus_acidilactici|t__SGB7168	0.0	0.0	0.0	0.0	0.0	0.0	0.0	0.86143	0.0
k__Bacteria|p__Firmicutes|c__Bacilli|o__Bacillales|f__Bacillaceae|g__Heyndrickxia|s__Heyndrickxia_ginsengihumi|t__SGB7734	0.0	0.0	0.0	0.0	0.0622	0.0	0.0	0.03822	0.1793
k__Bacteria|p__Pseudomonadota|c__Alphaproteobacteria|o__Acetobacterales|f__Acetobacteraceae|g__Kozakia|s__Kozakia_baliensis|t__SGB1183	0.0	0.04026	0.0	0.0	0.0	0.0	0.00145	0.0	0.0
k__Bacteria|p__Pseudomonadota|c__Alphaproteobacteria|o__Acetobacterales|f__Acetobacteraceae|g__Gluconobacter|s__Gluconobacter_vitians|t__SGB89211	0.0	0.0	0.0	0.0	0.0	0.0	0.01041	0.0	0.0
k__Bacteria|p__Pseudomonadota|c__Alphaproteobacteria|o__Acetobacterales|f__Acetobacteraceae|g__Gluconobacter|s__Gluconobacter_morbifer|t__SGB162062	0.0	0.0	0.0	0.0	0.0	0.0	0.00063	0.0	0.0
k__Bacteria|p__Pseudomonadota|c__Alphaproteobacteria|o__Acetobacterales|f__Acetobacteraceae|g__Acetobacter|s__Acetobacter_persici|t__SGB1199	0.0	0.01502	0.0	0.0	0.00888	0.00611	0.09738	0.0	0.00665
k__Bacteria|p__Pseudomonadota|c__Alphaproteobacteria|o__Acetobacterales|f__Acetobacteraceae|g__Gluconobacter|s__Gluconobacter_kanchanaburiensis|t__SGB89213	0.0	0.0	0.0	0.0	0.0	0.0	0.01206	0.0	0.0
k__Bacteria|p__Pseudomonadota|c__Alphaproteobacteria|o__Acetobacterales|f__Acetobacteraceae|g__Acetobacter|s__Acetobacter_tropicalis|t__SGB1204	0.0	0.0	0.0	0.0	0.02814	0.00392	0.02514	0.0	0.03366
k__Bacteria|p__Pseudomonadota|c__Alphaproteobacteria|o__Acetobacterales|f__Acetobacteraceae|g__Gluconobacter|s__Gluconobacter_japonicus|t__SGB1161	14.02031	2.09619	0.04151	0.0	0.00737	0.01767	5.22432	0.0	0.0006
k__Bacteria|p__Firmicutes|c__Bacilli|o__Lactobacillales|f__Lactobacillaceae|g__Fructobacillus|s__Fructobacillus_tropaeoli|t__SGB208550	0.07124	0.0	0.0	0.0	0.0	0.0	0.0	0.0	0.0
k__Bacteria|p__Pseudomonadota|c__Gammaproteobacteria|o__Enterobacterales|f__Enterobacteriaceae|g__GGB59904|s__GGB59904_SGB81786|t__SGB81786	0.20746	0.07323	0.79744	6.76115	0.0	0.0	0.00178	0.0	0.0
k__Bacteria|p__Bacteroidota|c__Sphingobacteriia|o__Sphingobacteriales|f__Sphingobacteriaceae|g__Sphingobacterium|s__Sphingobacterium_daejeonense|t__SGB28244	0.0	0.01479	0.0	0.0	0.0	0.0	0.0	0.0	0.0
k__Bacteria|p__Bacteroidota|c__Sphingobacteriia|o__Sphingobacteriales|f__Sphingobacteriaceae|g__Sphingobacterium|s__Sphingobacterium_thalpophilum|t__SGB28240	0.30167	0.22889	0.0	0.0	0.01475	0.01558	0.0	0.0	0.00023
k__Bacteria|p__Pseudomonadota|c__Betaproteobacteria|o__Burkholderiales|f__Comamonadaceae|g__Comamonas|s__Comamonas_terrae|t__SGB32618	0.0012	0.00139	0.0	0.0	0.0	0.0	0.0	0.0	0.0
k__Eukaryota|p__Ascomycota|c__Saccharomycetes|o__Saccharomycetales|f__Pichiaceae|g__Pichia|s__Pichia_manshurica|t__EUK121235	0.0	0.02163	0.0	0.0	0.00589	0.0	0.01197	0.0	0.07398
k__Bacteria|p__Pseudomonadota|c__Gammaproteobacteria|o__Lysobacterales|f__Lysobacteraceae|g__Xanthomonas|s__Xanthomonas_massiliensis|t__SGB32973	0.14347	0.0	0.0	0.0	0.0	0.00201	0.0	0.0	0.0
k__Bacteria|p__Firmicutes|c__Bacilli|o__Bacillales|f__Bacillaceae|g__Niallia|s__Niallia_circulans|t__SGB205842	0.0	0.0	0.0	0.0	0.03524	0.0	0.0	0.19883	0.2001
k__Bacteria|p__Firmicutes|c__Bacilli|o__Lactobacillales|f__Lactobacillaceae|g__Periweissella|s__Periweissella_ghanensis|t__SGB109637	0.13023	0.01121	0.0	0.0	0.0	0.0	0.0	0.0	0.0
k__Bacteria|p__Pseudomonadota|c__Alphaproteobacteria|o__Acetobacterales|f__Acetobacteraceae|g__Komagataeibacter|s__Komagataeibacter_oboediens|t__SGB1177	0.0	0.00678	0.0	0.0	0.63337	0.00089	0.03292	0.02743	0.08557
k__Bacteria|p__Pseudomonadota|c__Alphaproteobacteria|o__Acetobacterales|f__Acetobacteraceae|g__Acetobacter|s__Acetobacter_ascendens|t__SGB1195	0.0	0.0	0.0	0.0	0.36393	0.0	0.0	0.60064	0.59392
k__Bacteria|p__Firmicutes|c__Bacilli|o__Bacillales|f__Bacillaceae|g__Shouchella|s__Shouchella_clausii|t__SGB8291	0.0	0.0	0.0	0.0	0.00736	0.03462	0.0	0.77302	0.41248
k__Bacteria|p__Firmicutes|c__Bacilli|o__Bacillales|f__Bacillaceae|g__Bacillus|s__Bacillus_halotolerans|t__SGB7787	0.0	0.0	0.0	0.0	0.0	0.0	0.0	0.00423	0.0
k__Bacteria|p__Pseudomonadota|c__Gammaproteobacteria|o__Enterobacterales|f__Erwiniaceae|g__Rosenbergiella|s__Rosenbergiella_epipactidis|t__SGB10292	0.06849	0.0	0.34778	0.0	0.0	0.0	0.0	0.0	0.0
k__Bacteria|p__Pseudomonadota|c__Alphaproteobacteria|o__Acetobacterales|f__Acetobacteraceae|g__Acetobacter|s__Acetobacter_pomorum|t__SGB1194	0.0	0.0	0.0	0.0	0.32998	0.0	0.00026	0.34864	0.45478
k__Bacteria|p__Pseudomonadota|c__Alphaproteobacteria|o__Acetobacterales|f__Acetobacteraceae|g__Komagataeibacter|s__Komagataeibacter_saccharivorans|t__SGB24153	0.0	0.0	0.0	0.0	0.0125	0.0	0.05919	0.0	0.0
k__Bacteria|p__Pseudomonadota|c__Alphaproteobacteria|o__Acetobacterales|f__Acetobacteraceae|g__Komagataeibacter|s__Komagataeibacter_melaceti|t__SGB24160	0.0103	0.0	0.0	0.0	0.43287	0.00015	0.02445	0.0	0.04528
k__Bacteria|p__Pseudomonadota|c__Alphaproteobacteria|o__Acetobacterales|f__Acetobacteraceae|g__Novacetimonas|s__Novacetimonas_hansenii|t__SGB1175	0.0	0.0	0.0	0.0	0.00645	0.0	0.04773	0.0	0.0
k__Bacteria|p__Pseudomonadota|c__Alphaproteobacteria|o__Acetobacterales|f__Acetobacteraceae|g__Komagataeibacter|s__Komagataeibacter_medellinensis|t__SGB1181	0.0	0.0	0.0	0.0	0.00407	0.0	0.0	0.0	0.0
k__Bacteria|p__Pseudomonadota|c__Alphaproteobacteria|o__Acetobacterales|f__Acetobacteraceae|g__Gluconobacter|s__Gluconobacter_cerinus|t__SGB1160	0.07611	0.60624	0.0	0.0	0.0	0.0	0.01499	0.0	0.0
k__Bacteria|p__Pseudomonadota|c__Alphaproteobacteria|o__Acetobacterales|f__Acetobacteraceae|g__Gluconobacter|s__Gluconobacter_thailandicus|t__SGB1162	0.0	0.0	0.0	0.0	0.0	0.0	0.00062	0.0	0.0
k__Bacteria|p__Pseudomonadota|c__Alphaproteobacteria|o__Acetobacterales|f__Acetobacteraceae|g__Komagataeibacter|s__Komagataeibacter_europaeus|t__SGB1178	0.0	0.0	0.0	0.0	0.00176	0.0	0.0071	0.0	0.00891
k__Bacteria|p__Pseudomonadota|c__Gammaproteobacteria|o__Enterobacterales|f__Erwiniaceae|g__Tatumella|s__Tatumella_saanichensis|t__SGB31094	0.25864	3.7713	0.1327	0.0	0.02529	0.04092	0.0	0.0	0.0
k__Bacteria|p__Pseudomonadota|c__Alphaproteobacteria|o__Acetobacterales|f__Acetobacteraceae|g__Gluconobacter|s__Gluconobacter_sphaericus|t__SGB89212	1.09973	0.0	0.0	0.0	0.0	0.0	0.48864	0.0	0.0
k__Bacteria|p__Pseudomonadota|c__Alphaproteobacteria|o__Acetobacterales|f__Acetobacteraceae|g__Novacetimonas|s__Novacetimonas_cocois|t__SGB208091	0.06303	0.00298	0.0	0.0	0.04617	0.0	0.40947	0.0	0.02876
k__Bacteria|p__Pseudomonadota|c__Alphaproteobacteria|o__Acetobacterales|f__Acetobacteraceae|g__Gluconobacter|s__Gluconobacter_oxydans|t__SGB1165	0.7348	0.05706	0.0	0.0	0.00729	0.0246	4.26181	0.0	0.2089
k__Bacteria|p__Pseudomonadota|c__Alphaproteobacteria|o__Acetobacterales|f__Acetobacteraceae|g__Gluconobacter|s__Gluconobacter_kondonii|t__SGB30476	5.06603	0.01564	0.13264	0.0	0.0	0.0	0.21927	0.0	0.0
k__Bacteria|p__Pseudomonadota|c__Gammaproteobacteria|o__Enterobacterales|f__Erwiniaceae|g__Tatumella|s__Tatumella_ptyseos|t__SGB10295	6.76951	50.94728	8.84219	0.0	0.51101	0.46809	0.08558	0.0	0.06236
k__Bacteria|p__Pseudomonadota|c__Alphaproteobacteria|o__Acetobacterales|f__Acetobacteraceae|g__Gluconobacter|s__Gluconobacter_cadivus|t__SGB89208	0.0	0.02777	0.0	0.0	0.0	0.0	0.0	0.0	0.0
k__Bacteria|p__Pseudomonadota|c__Gammaproteobacteria|o__Enterobacterales|f__Erwiniaceae|g__Tatumella|s__Tatumella_sp_JGM130|t__SGB92518	0.14955	0.01388	0.05148	0.0	0.0	0.0	0.0	0.0	0.0
k__Bacteria|p__Pseudomonadota|c__Gammaproteobacteria|o__Enterobacterales|f__Erwiniaceae|g__Tatumella|s__Tatumella_SGB211856|t__SGB211856	14.89933	14.72932	31.45455	0.0	0.09182	0.13643	0.17364	0.0	0.00248
k__Bacteria|p__Pseudomonadota|c__Alphaproteobacteria|o__Acetobacterales|f__Acetobacteraceae|g__Novacetimonas|s__Novacetimonas_pomaceti|t__SGB24150	0.0	0.0	0.0	0.0	0.00955	0.0	0.00449	0.0	0.00062
k__Bacteria|p__Pseudomonadota|c__Alphaproteobacteria|o__Acetobacterales|f__Acetobacteraceae|g__Gluconobacter|s__Gluconobacter_frateurii|t__SGB1163	0.0	0.0	0.0	0.0	0.0	0.0	0.0005	0.0	0.0
k__Bacteria|p__Pseudomonadota|c__Gammaproteobacteria|o__Enterobacterales|f__Erwiniaceae|g__Tatumella|s__Tatumella_sp_JGM118|t__SGB92519	1.70369	21.72959	1.0824	12.86469	0.22504	0.22152	0.01868	0.0	0.02106
k__Bacteria|p__Pseudomonadota|c__Alphaproteobacteria|o__Acetobacterales|f__Acetobacteraceae|g__Gluconacetobacter|s__Gluconacetobacter_entanii|t__SGB24152	0.0	0.26872	0.0	0.0	0.95282	0.01505	0.48747	0.0	0.1218
k__Bacteria|p__Pseudomonadota|c__Alphaproteobacteria|o__Acetobacterales|f__Acetobacteraceae|g__Acetobacter|s__Acetobacter_malorum|t__SGB1202	0.0	0.0	0.0	0.0	0.12104	0.00377	0.10312	0.0	0.00312
k__Bacteria|p__Pseudomonadota|c__Alphaproteobacteria|o__Acetobacterales|f__Acetobacteraceae|g__Acetobacter|s__Acetobacter_thailandicus|t__SGB1186	0.4102	0.0	0.0	0.0	0.0	0.0	0.01157	0.0	0.0
k__Bacteria|p__Pseudomonadota|c__Gammaproteobacteria|o__Enterobacterales|f__Erwiniaceae|g__Tatumella|s__Tatumella_citrea|t__SGB10293	0.49955	0.14024	0.96411	0.0	0.0	0.0	0.00203	0.0	0.0
k__Bacteria|p__Pseudomonadota|c__Alphaproteobacteria|o__Acetobacterales|f__Acetobacteraceae|g__Gluconobacter|s__Gluconobacter_roseus|t__SGB1167	0.0	0.0	0.0	0.0	0.0	0.0	0.00494	0.0	0.0
k__Bacteria|p__Pseudomonadota|c__Gammaproteobacteria|o__Lysobacterales|f__Lysobacteraceae|g__GGB143084|s__GGB143084_SGB213467|t__SGB213467	0.00386	0.0	0.0	0.0	0.0	0.0	0.0	0.0	0.0
k__Bacteria|p__Pseudomonadota|c__Gammaproteobacteria|o__Enterobacterales|f__Erwiniaceae|g__Pantoea|s__Pantoea_cypripedii|t__SGB10171	0.0	0.89271	0.0	0.0	0.03211	0.0093	0.0	0.0	0.0
k__Bacteria|p__Pseudomonadota|c__Gammaproteobacteria|o__Enterobacterales|f__Erwiniaceae|g__Pantoea|s__Pantoea_sp_alder81|t__SGB110057	0.24339	0.0	0.35508	0.0	0.0	0.0	0.0	0.0	0.0
k__Bacteria|p__Pseudomonadota|c__Alphaproteobacteria|o__Acetobacterales|f__Acetobacteraceae|g__Gluconobacter|s__Gluconobacter_SGB69209|t__SGB69209	0.0	0.0	0.0	0.0	0.0	0.0	0.01519	0.0	0.0
k__Bacteria|p__Pseudomonadota|c__Alphaproteobacteria|o__Acetobacterales|f__Acetobacteraceae|g__Gluconobacter|s__Gluconobacter_aidae|t__SGB89210	0.0	0.0	0.0	0.0	0.0	0.0	0.00814	0.0	0.0
k__Bacteria|p__Pseudomonadota|c__Gammaproteobacteria|o__Enterobacterales|f__Erwiniaceae|g__Erwiniaceae_unclassified|s__Erwiniaceae_bacterium_L1_54_3|t__SGB81771	10.18175	0.0	11.68931	0.0	0.0	0.0	0.0182	0.0	0.0
k__Bacteria|p__Actinomycetota|c__Actinomycetes|o__Micrococcales|f__Micrococcaceae|g__Rothia|s__Rothia_koreensis|t__SGB16630	0.0	0.0	0.0	0.0	0.0	0.00427	0.0	0.0	0.0
k__Bacteria|p__Bacteroidota|c__Sphingobacteriia|o__Sphingobacteriales|f__Sphingobacteriaceae|g__Sphingobacterium|s__Sphingobacterium_allocomposti|t__SGB78592	0.0	0.0	0.0	0.0	0.0	0.00401	0.0	0.0	0.0
k__Bacteria|p__Pseudomonadota|c__Gammaproteobacteria|o__Enterobacterales|f__Enterobacteriaceae|g__Enterobacter|s__Enterobacter_cancerogenus|t__SGB10181	5.48767	0.1556	8.33615	0.0	0.0	0.00227	0.01538	0.0	0.0
k__Bacteria|p__Pseudomonadota|c__Gammaproteobacteria|o__Enterobacterales|f__Erwiniaceae|g__Pantoea|s__Pantoea_rwandensis|t__SGB10180	14.43598	0.0	34.88779	0.0	0.0	0.0	0.11031	0.0	0.0
k__Bacteria|p__Pseudomonadota|c__Gammaproteobacteria|o__Enterobacterales|f__Erwiniaceae|g__Pantoea|s__Candidatus_Pantoea_multigeneris|t__SGB31219	0.0016	0.0	0.01078	0.0	0.0	0.0	0.0	0.0	0.0
k__Bacteria|p__Pseudomonadota|c__Alphaproteobacteria|o__Hyphomicrobiales|f__Nitrobacteraceae|g__Bradyrhizobium|s__Bradyrhizobium_SGB11337|t__SGB11337	0.0	0.0	0.0	68.75109	0.0	0.0	0.0	0.0	0.0
k__Bacteria|p__Firmicutes|c__Bacilli|o__Bacillales|f__Staphylococcaceae|g__Staphylococcus|s__Staphylococcus_durrellii|t__SGB94573	0.0	0.0	0.0	0.0	0.0	0.01012	0.0	0.0	0.0
k__Bacteria|p__Firmicutes|c__Bacilli|o__Bacillales|f__Bacillaceae|g__Cytobacillus|s__Cytobacillus_stercorigallinarum|t__SGB82814	0.0	0.0	0.0	0.0	0.0	0.0	0.0	0.01909	0.01009
k__Bacteria|p__Firmicutes|c__Bacilli|o__Bacillales|f__Caryophanaceae|g__Ureibacillus|s__Ureibacillus_galli|t__SGB82709	0.0	0.0	0.0	0.0	0.0	0.00202	0.0	0.28236	0.1211
k__Bacteria|p__Firmicutes|c__Bacilli|o__Bacillales|f__Paenibacillaceae|g__Paenibacillus|s__Paenibacillus_montaniterrae|t__SGB94505	0.0	0.0	0.0	0.0	0.0	0.0	0.0	0.00104	0.00038
k__Bacteria|p__Firmicutes|c__Bacilli|o__Bacillales|f__Paenibacillaceae|g__Paenibacillus|s__Paenibacillus_sp_JJ_223|t__SGB109934	0.0	0.0	0.0	0.0	0.0	0.0	0.0	0.00846	0.02896
k__Bacteria|p__Firmicutes|c__Bacilli|o__Bacillales|f__Bacillaceae|g__Lysinibacillus|s__Lysinibacillus_telephonicus|t__SGB29947	0.0	0.0	0.0	0.0	0.0	0.0	0.0	0.01934	0.01234
k__Bacteria|p__Firmicutes|c__Bacilli|o__Bacillales|f__Caryophanaceae|g__Rummeliibacillus|s__Rummeliibacillus_sp_POC4|t__SGB29934	0.0	0.0	0.0	0.0	0.00623	0.0	0.0	0.00702	0.02528
k__Bacteria|p__Firmicutes|c__Bacilli|o__Lactobacillales|f__Lactobacillaceae|g__Liquorilactobacillus|s__Liquorilactobacillus_cacaonum|t__SGB7075	0.0	0.0	0.0	0.0	0.0	0.00372	0.0	0.0	0.0
k__Bacteria|p__Pseudomonadota|c__Alphaproteobacteria|o__Acetobacterales|f__Acetobacteraceae|g__Novacetimonas|s__Novacetimonas_maltaceti|t__SGB24151	0.0	0.0	0.0	0.0	0.2657	0.0	0.22546	0.0	0.03871
k__Bacteria|p__Firmicutes|c__Bacilli|o__Bacillales|f__Paenibacillaceae|g__Paenibacillus|s__Paenibacillus_lactis|t__SGB7408	0.0	0.0	0.0	0.0	0.0	0.0	0.0	0.00693	0.00745
k__Bacteria|p__Firmicutes|c__Bacilli|o__Lactobacillales|f__Lactobacillaceae|g__Lactiplantibacillus|s__Lactiplantibacillus_fabifermentans|t__SGB7203	0.0	0.0	0.0	0.0	0.0	0.0	0.00064	0.0	0.0
k__Bacteria|p__Firmicutes|c__Bacilli|o__Bacillales|f__Bacillaceae|g__Heyndrickxia|s__Heyndrickxia_shackletonii|t__SGB7730	0.0	0.0	0.0	0.0	0.07012	0.0	0.0	0.0042	0.05219
k__Bacteria|p__Bacteroidota|c__Flavobacteriia|o__Flavobacteriales|f__Weeksellaceae|g__Chryseobacterium|s__Chryseobacterium_sp_G0240|t__SGB28207	0.13833	0.0	0.08699	0.0	0.0	0.0	0.0	0.0	0.0
k__Bacteria|p__Pseudomonadota|c__Betaproteobacteria|o__Burkholderiales|f__Alcaligenaceae|g__Bordetella|s__Bordetella_sp_02P26C_1|t__SGB88693	0.0	0.0	0.0	0.0	0.0	0.00114	0.0	0.0	0.0
k__Bacteria|p__Pseudomonadota|c__Betaproteobacteria|o__Burkholderiales|f__Alcaligenaceae|g__Bordetella|s__Bordetella_genomosp_4|t__SGB13104	0.02656	0.0	0.0	0.0	0.0	0.0	0.0	0.0	0.0
k__Bacteria|p__Firmicutes|c__Bacilli|o__Bacillales|f__Bacillaceae|g__Niallia|s__Niallia_circulans|t__SGB7550	0.0	0.0	0.0	0.0	0.0	0.0	0.0	0.0	0.00165
k__Bacteria|p__Pseudomonadota|c__Gammaproteobacteria|o__Enterobacterales|f__Erwiniaceae|g__Pantoea|s__Pantoea_rodasii|t__SGB10178	0.03517	0.02605	0.05486	10.99388	0.0	0.00771	0.0	0.0	0.0
k__Bacteria|p__Pseudomonadota|c__Gammaproteobacteria|o__Enterobacterales|f__Erwiniaceae|g__Tatumella|s__Tatumella_SGB21203|t__SGB21203	0.13727	0.57691	0.15463	0.0	0.00191	0.00357	0.0	0.0	0.0
k__Bacteria|p__Pseudomonadota|c__Betaproteobacteria|o__Burkholderiales|f__Alcaligenaceae|g__Achromobacter|s__Achromobacter_aloeverae|t__SGB32689	0.00805	0.0	0.0	0.0	0.0	0.0	0.0	0.0	0.0
k__Bacteria|p__Pseudomonadota|c__Alphaproteobacteria|o__Sphingomonadales|f__Sphingomonadaceae|g__Novosphingobium|s__Novosphingobium_lindaniclasticum|t__SGB11529	0.00328	0.0	0.0	0.0	0.0	0.0	0.0	0.0	0.0
k__Bacteria|p__Pseudomonadota|c__Gammaproteobacteria|o__Enterobacterales|f__Erwiniaceae|g__Pantoea|s__Pantoea_rodasii|t__SGB10179	0.00213	0.0	0.01193	0.0	0.0	0.0	0.0	0.0	0.0
k__Bacteria|p__Bacteroidota|c__Flavobacteriia|o__Flavobacteriales|f__Weeksellaceae|g__Chryseobacterium|s__Chryseobacterium_gleum|t__SGB2576	0.0	0.00798	0.0	0.0	0.0	0.0	0.0	0.0	0.0
k__Bacteria|p__Pseudomonadota|c__Gammaproteobacteria|o__Enterobacterales|f__Erwiniaceae|g__Pantoea|s__Pantoea_cypripedii|t__SGB81774	0.0	0.0	0.04012	0.0	0.0	0.0	0.0	0.0	0.0
k__Bacteria|p__Bacteroidota|c__Flavobacteriia|o__Flavobacteriales|f__Flavobacteriaceae|g__Flavobacterium|s__Flavobacterium_akiainvivens|t__SGB3051	0.0	0.0	0.00994	0.0	0.0	0.0	0.0	0.0	0.0
k__Bacteria|p__Pseudomonadota|c__Gammaproteobacteria|o__Enterobacterales|f__Erwiniaceae|g__Pantoea|s__Pantoea_rwandensis|t__SGB10182	0.0	0.0	0.00272	0.0	0.0	0.0	0.0	0.0	0.0
k__Bacteria|p__Bacteroidota|c__Sphingobacteriia|o__Sphingobacteriales|f__Sphingobacteriaceae|g__Sphingobacterium|s__Sphingobacterium_litopenaei|t__SGB78603	0.0	0.0	0.0	0.0	0.0	0.00363	0.0	0.0	0.0
k__Bacteria|p__Firmicutes|c__Bacilli|o__Bacillales|f__Bacillaceae|g__Lysinibacillus|s__Lysinibacillus_odysseyi|t__SGB7477	0.0	0.0	0.0	0.0	0.0	0.0	0.0	0.00276	0.00171
k__Bacteria|p__Firmicutes|c__Bacilli|o__Bacillales|f__Bacillaceae|g__Heyndrickxia|s__Heyndrickxia_vini|t__SGB94638	0.0	0.0	0.0	0.0	0.0	0.0	0.0	0.0	0.0024
k__Bacteria|p__Firmicutes|c__Bacilli|o__Bacillales|f__Caryophanaceae|g__Rummeliibacillus|s__Rummeliibacillus_pycnus|t__SGB29935	0.0	0.0	0.0	0.0	0.0	0.0	0.0	0.0	0.00129
k__Bacteria|p__Firmicutes|c__Bacilli|o__Bacillales|f__Paenibacillaceae|g__Paenibacillus|s__Paenibacillus_chibensis|t__SGB29209	0.0	0.0	0.0	0.0	0.0	0.0	0.0	0.0	0.00032
