sample	KastmanEK_2016__CSB962	KastmanEK_2016__CSB907	KastmanEK_2016__CSB888	KastmanEK_2016__CSB875	KastmanEK_2016__CSB870	KastmanEK_2016__CSB739	KastmanEK_2016__CSB737	KastmanEK_2016__CSB734	KastmanEK_2016__CSB729	KastmanEK_2016__CSB726	KastmanEK_2016__CSB720	KastmanEK_2016__CSB694	KastmanEK_2016__CSB619	KastmanEK_2016__CSB600	KastmanEK_2016__CSB409	KastmanEK_2016__CSB387	KastmanEK_2016__CSB341	KastmanEK_2016__CSB307
macrocategory	food	food	food	food	food	food	food	food	food	food	food	food	food	food	food	food	food	food
category	dairy	dairy	dairy	dairy	dairy	dairy	dairy	dairy	dairy	dairy	dairy	dairy	dairy	dairy	dairy	dairy	dairy	dairy
type	cheese	cheese	cheese	cheese	cheese	cheese	cheese	cheese	cheese	cheese	cheese	cheese	cheese	cheese	cheese	cheese	cheese	cheese
subtype	cheese_rind	cheese_rind	cheese_rind	cheese_rind	cheese_rind	cheese_rind	cheese_rind	cheese_rind	cheese_rind	cheese_rind	cheese_rind	cheese_rind	cheese_rind	cheese_rind	cheese_rind	cheese_rind	cheese_rind	cheese_rind
country	USA	FRA	ITA	FRA	ESP	USA	USA	USA	USA	USA	USA	FRA	USA	USA	FRA	GBR	ESP	FRA
source	public	public	public	public	public	public	public	public	public	public	public	public	public	public	public	public	public	public
k__Bacteria|p__Actinobacteria|c__Actinomycetia|o__Bifidobacteriales|f__Bifidobacteriaceae|g__Bifidobacterium|s__Bifidobacterium_crudilactis|t__SGB33632	0	0	0	0	0	0	0	0	0	0	0	0	0	0	0.51453	0	0	0
k__Bacteria|p__Actinobacteria|c__Actinomycetia|o__Corynebacteriales|f__Corynebacteriaceae|g__Corynebacterium|s__Corynebacterium_SGB69237|t__SGB69237	0.72923	0	0	0	0	0	0	0	0	0	0	0	0	5.31591	1.72343	0	0	0
k__Bacteria|p__Actinobacteria|c__Actinomycetia|o__Corynebacteriales|f__Corynebacteriaceae|g__Corynebacterium|s__Corynebacterium_casei|t__SGB17127	3.20967	0	0	0.44488	0	0	0	0	4.92176	0	0.93156	0	0	0	4.34694	0	0	0.99732
k__Bacteria|p__Actinobacteria|c__Actinomycetia|o__Corynebacteriales|f__Corynebacteriaceae|g__Corynebacterium|s__Corynebacterium_flavescens|t__SGB17096	0	0	0	0	0	0	0	0	0	0	0	0	0	0	0	0	0	0.08633
k__Bacteria|p__Actinobacteria|c__Actinomycetia|o__Corynebacteriales|f__Corynebacteriaceae|g__Corynebacterium|s__Corynebacterium_glyciniphilum|t__SGB38105	0	0	0	0	0.16005	0	0	0	0	0	0	0	0	0	0	0	0	0
k__Bacteria|p__Actinobacteria|c__Actinomycetia|o__Corynebacteriales|f__Corynebacteriaceae|g__Corynebacterium|s__Corynebacterium_variabile|t__SGB17034	0	0	0	0	0	0	0	0	0.00567	0	0	0	0	0	1.07425	0	0	5.35629
k__Bacteria|p__Actinobacteria|c__Actinomycetia|o__Corynebacteriales|f__Dietziaceae|g__Dietzia|s__Dietzia_SGB66233|t__SGB66233	0	0	0	0	0	0	0	0	0	0	0	0	0	0.08696	0	0	0.0168	0
k__Bacteria|p__Actinobacteria|c__Actinomycetia|o__Micrococcales|f__Brevibacteriaceae|g__Brevibacterium|s__Brevibacterium_SGB69234|t__SGB69234	0	0.01034	13.45757	0.05218	0	1.07808	0	0.51194	0	0	0	0	0	40.53751	0	0.1003	3.43743	0.09636
k__Bacteria|p__Actinobacteria|c__Actinomycetia|o__Micrococcales|f__Brevibacteriaceae|g__Brevibacterium|s__Brevibacterium_SGB73277|t__SGB73277	0.05014	0	0	0.00555	0.08024	2.16365	0.0359	32.51229	0	0	0.04404	0	0	0.37698	0	0.05709	12.1032	0
k__Bacteria|p__Actinobacteria|c__Actinomycetia|o__Micrococcales|f__Brevibacteriaceae|g__Brevibacterium|s__Brevibacterium_SGB93100|t__SGB93100	0	0.17008	0.28639	0.01517	0	0.12395	0.05789	4.99087	0	0	0	0	0	1.60448	0.01083	5.09537	39.69374	5.70104
k__Bacteria|p__Actinobacteria|c__Actinomycetia|o__Micrococcales|f__Brevibacteriaceae|g__Brevibacterium|s__Brevibacterium_SGB98807|t__SGB98807	0	0.22943	0	0.01056	0	0.78324	0	0	0	0	0	0.33117	0	0.03392	0	0	0.18881	0
k__Bacteria|p__Actinobacteria|c__Actinomycetia|o__Micrococcales|f__Brevibacteriaceae|g__Brevibacterium|s__Brevibacterium_antiquum|t__SGB16638	0	0	0	0	0.03976	0	0	0	0	0	0	0	0	0	0	0	0	0
k__Bacteria|p__Actinobacteria|c__Actinomycetia|o__Micrococcales|f__Brevibacteriaceae|g__Brevibacterium|s__Brevibacterium_antiquum|t__SGB93099	0	0	0	0	0	0	0	0.20666	0	0	0	0	0	0	0	0	0.01238	0.02737
k__Bacteria|p__Actinobacteria|c__Actinomycetia|o__Micrococcales|f__Brevibacteriaceae|g__Brevibacterium|s__Brevibacterium_aurantiacum|t__SGB16639	38.03591	19.34627	3.58742	67.81777	8.68534	10.96543	64.06657	5.13811	29.6829	0	1.22549	15.82662	0.30045	5.4268	1.676	30.30565	10.26159	21.34004
k__Bacteria|p__Actinobacteria|c__Actinomycetia|o__Micrococcales|f__Brevibacteriaceae|g__Brevibacterium|s__Brevibacterium_aurantiacum|t__SGB88050	0	0	0	0	0	0	0	0	0	0	0	0	0	0	0	0.00931	0.00886	0.01461
k__Bacteria|p__Actinobacteria|c__Actinomycetia|o__Micrococcales|f__Brevibacteriaceae|g__Brevibacterium|s__Brevibacterium_iodinum|t__SGB16635	0	0	0	0	0.51104	0	0	0	0	0	0	0	0	0	0	0	0	0
k__Bacteria|p__Actinobacteria|c__Actinomycetia|o__Micrococcales|f__Brevibacteriaceae|g__Brevibacterium|s__Brevibacterium_jeotgali|t__SGB16633	0	0	0	0.00068	0	0	0	0	0	0	0	0	0	0	0	0	0	0
k__Bacteria|p__Actinobacteria|c__Actinomycetia|o__Micrococcales|f__Brevibacteriaceae|g__Brevibacterium|s__Brevibacterium_linens|t__SGB16634	0	0	0	0	0	0	0	0	0	0	0	0	0	0	0	0	0	0.35227
k__Bacteria|p__Actinobacteria|c__Actinomycetia|o__Micrococcales|f__Brevibacteriaceae|g__Brevibacterium|s__Brevibacterium_sandarakinum|t__SGB16640	0	0	0	0	0	0	0	0	0	0	0	0	0	0	0	0	0.00426	0
k__Bacteria|p__Actinobacteria|c__Actinomycetia|o__Micrococcales|f__Brevibacteriaceae|g__Brevibacterium|s__Brevibacterium_sp_239c|t__SGB16641	0.44591	0.1129	2.5588	0.14646	0	11.26939	0.3463	0.34124	0	0	0	1.10255	0	6.00154	22.03165	6.5012	0.2341	14.09188
k__Bacteria|p__Actinobacteria|c__Actinomycetia|o__Micrococcales|f__Brevibacteriaceae|g__Brevibacterium|s__Brevibacterium_sp_S111|t__SGB34830	0	0	0	0	0	0	0	0	0	0	0	0	0	0	16.00442	0	0	0
k__Bacteria|p__Actinobacteria|c__Actinomycetia|o__Micrococcales|f__Brevibacteriaceae|g__Brevibacterium|s__Brevibacterium_sp_S22|t__SGB34829	0	0	0	0	0	0	0	0	0	0	0	0	0	0.0131	0	0	0	0
k__Bacteria|p__Actinobacteria|c__Actinomycetia|o__Micrococcales|f__Brevibacteriaceae|g__Brevibacterium|s__Brevibacterium_yomogidense|t__SGB16632	0	0.16937	0	0.94443	0	0.10258	0	0	0	0	0.0195	1.66174	0	0	0.11213	0.268	0	0.39952
k__Bacteria|p__Actinobacteria|c__Actinomycetia|o__Micrococcales|f__Dermabacteraceae|g__Brachybacterium|s__Brachybacterium_SGB87477|t__SGB87477	0.0	0.0	0.0	0.87757	0.0	0.03051	0.0	0.0	0.0	0	0.0	10.73725	0.0	0.0	1.8317	0.0	0.0	0.2242
k__Bacteria|p__Actinobacteria|c__Actinomycetia|o__Micrococcales|f__Dermabacteraceae|g__Brachybacterium|s__Brachybacterium_SGB93118|t__SGB93118	0.03442	0.04212	0.0	0.29321	0.01267	0.0	8.44787	1.82507	0.0	0	0.11625	0.0	0.0	0.0	0.0	0.0	0.0	0.32059
k__Bacteria|p__Actinobacteria|c__Actinomycetia|o__Micrococcales|f__Dermabacteraceae|g__Brachybacterium|s__Brachybacterium_SGB98941|t__SGB98941	0.0	0.0	0.0	0.00464	0.00961	0.0	0.0	0.01969	0.0	0	0.0	0.0	0.0	0.0	0.0	0.0	0.00591	0.08865
k__Bacteria|p__Actinobacteria|c__Actinomycetia|o__Micrococcales|f__Dermabacteraceae|g__Brachybacterium|s__Brachybacterium_alimentarium|t__SGB16653	11.55307	10.35233	0.85405	0.67597	0.01928	18.36424	9.70118	8.2989	17.56121	0	0.12439	1.96018	0.03644	23.05778	12.40046	3.64148	5.82821	17.08167
k__Bacteria|p__Actinobacteria|c__Actinomycetia|o__Micrococcales|f__Dermabacteraceae|g__Brachybacterium|s__Brachybacterium_fresconis|t__SGB93117	0.0	0.0	0.0	0.0	0.0	0.0	0.0	0.02338	0.0	0	0.0	0.0	0.0	0.0	0.0	0.0	0.05632	0.0
k__Bacteria|p__Actinobacteria|c__Actinomycetia|o__Micrococcales|f__Dermabacteraceae|g__Brachybacterium|s__Brachybacterium_sacelli|t__SGB93116	0.00085	0.0	0.0	0.0	0.0	0.02384	0.0	0.0	0.0	0	0.0	0.0	0.0	0.0	0.0	0.02689	0.10389	0.0
k__Bacteria|p__Actinobacteria|c__Actinomycetia|o__Micrococcales|f__Dermabacteraceae|g__Brachybacterium|s__Brachybacterium_sp_FME24|t__SGB87479	0.0	0.08422	0.0	0.00024	0.0	0.0	0.0	0.0	0.0	0	0.0	0.0	0.0	0.0	0.0	2.14227	0.00884	0.0
k__Bacteria|p__Actinobacteria|c__Actinomycetia|o__Micrococcales|f__Dermabacteraceae|g__Brachybacterium|s__Brachybacterium_tyrofermentans|t__SGB69231	1.08189	12.22821	0.07584	13.62706	0.0	0.0	0.0	3.7944	0.33815	0	0.08249	5.10344	0.20191	0.0	0.0	0.05872	6.99202	2.60746
k__Bacteria|p__Actinobacteria|c__Actinomycetia|o__Micrococcales|f__Intrasporangiaceae|g__Janibacter|s__Janibacter_SGB93302|t__SGB93302	0.01456	5.25152	0.0	0.02278	0.0	0.0633	0.0	0.0	0.0	0	0.0	0.0	0.0	0.0	0.0	0.0	0.66474	0.0
k__Bacteria|p__Actinobacteria|c__Actinomycetia|o__Micrococcales|f__Microbacteriaceae|g__Agrococcus|s__Agrococcus_casei|t__SGB16940	0.0	0.0	0.0	0.27386	0.0	0.0	0.0	0.0	0.0	0	0.0	0.0	0.0	0.0	0.0	0.0	0.0	0.0
k__Bacteria|p__Actinobacteria|c__Actinomycetia|o__Micrococcales|f__Microbacteriaceae|g__Frigoribacterium|s__Frigoribacterium_sp_JB110|t__SGB16938	0.01188	0.0	0.0	0.0	0.0	0.0	0.0	0.0	0.0	0	0.0	0.0	0.0	0.0	0.0	0.0	0.0	0.0
k__Bacteria|p__Actinobacteria|c__Actinomycetia|o__Micrococcales|f__Microbacteriaceae|g__Gulosibacter|s__Gulosibacter_sediminis|t__SGB34837	0.0	0.0	0.0	0.0	0.0	0.0	0.0	0.0	0.0	0	0.0	0.0	0.0	0.0	0.0	0.0	0.0	0.14663
k__Bacteria|p__Actinobacteria|c__Actinomycetia|o__Micrococcales|f__Microbacteriaceae|g__Leucobacter|s__Leucobacter_sp_G161|t__SGB16932	0.0	0.0	0.0	0.0	0.0	0.0	0.0	0.0	0.0	0	0.0	0.0	0.0	0.0	0.04475	0.0	0.0	0.0
k__Bacteria|p__Actinobacteria|c__Actinomycetia|o__Micrococcales|f__Microbacteriaceae|g__Microbacterium|s__Microbacterium_SGB66223|t__SGB66223	0.0	0.0	0.0	0.04089	0.0	0.0	0.0	0.0	0.0	0	0.0	0.0	0.0	0.0	0.0	0.0	0.0	0.0
k__Bacteria|p__Actinobacteria|c__Actinomycetia|o__Micrococcales|f__Microbacteriaceae|g__Microbacterium|s__Microbacterium_SGB99069|t__SGB99069	0.0	0.0	0.0	0.0924	0.0	0.0	0.0	0.0	0.0	0	0.0	0.19556	0.0	0.0	0.0	0.30749	0.0	0.0
k__Bacteria|p__Actinobacteria|c__Actinomycetia|o__Micrococcales|f__Microbacteriaceae|g__Microbacterium|s__Microbacterium_gubbeenense|t__SGB34904	0.0	0.0	0.0	0.8692	0.0	0.0	0.0	0.0	0.11551	0	0.0	0.0	0.0	0.0	0.0	0.0	0.0	0.0
k__Bacteria|p__Actinobacteria|c__Actinomycetia|o__Micrococcales|f__Micrococcaceae|g__Arthrobacter|s__Arthrobacter_SGB69235|t__SGB69235	0.0	0.0	0.0	0.0	0.0	0.0	0.0	0.01342	0.19209	0	0.00084	0.0223	0.0	0.0	0.0	0.0	0.0	0.0
k__Bacteria|p__Actinobacteria|c__Actinomycetia|o__Micrococcales|f__Micrococcaceae|g__Arthrobacter|s__Arthrobacter_rhombi|t__SGB16742	0.0	0.19507	0.0	0.01205	0.0	0.0	0.0	0.0	0.0	0	0.11812	0.73101	0.02557	0.0	0.0	0.0	0.0	0.0
k__Bacteria|p__Actinobacteria|c__Actinomycetia|o__Micrococcales|f__Micrococcaceae|g__Arthrobacter|s__Arthrobacter_sp_MYb211|t__SGB16747	0.0	0.56794	0.0	0.0	0.0	0.0	0.0	0.0	0.0	0	0.0	0.0	0.0	0.0	0.0	0.0	0.0	0.1588
k__Bacteria|p__Actinobacteria|c__Actinomycetia|o__Micrococcales|f__Micrococcaceae|g__Citricoccus|s__Citricoccus_SGB98783|t__SGB98783	0.0	0.1713	0.0	1.21361	0.0	0.0	0.0	0.0	0.0	0	0.0326	0.0	0.0	0.0	0.0	0.0	0.0	0.0
k__Bacteria|p__Actinobacteria|c__Actinomycetia|o__Micrococcales|f__Micrococcaceae|g__Glutamicibacter|s__Glutamicibacter_ardleyensis|t__SGB16746	0.0	0.0	0.0	1.23409	0.0	0.0	0.0	0	0.0	0	0	1.92129	0	0.0	0.0	0.0	0.0	0.098
k__Bacteria|p__Actinobacteria|c__Actinomycetia|o__Micrococcales|f__Micrococcaceae|g__Glutamicibacter|s__Glutamicibacter_arilaitensis|t__SGB16749	0.0	0.0	0.0	0.1628	0.08986	0.0	0.0	0	0.0	0	0	0.0	0	0.0	0.0	0.0	0.0	1.96659
k__Bacteria|p__Actinobacteria|c__Actinomycetia|o__Micrococcales|f__Micrococcaceae|g__Kocuria|s__Kocuria_salsicia|t__SGB16669	0.0	0.0	0.0	0.0	0.0	0.0	0.0	0	0.1533	0	0	0.0	0	0.0	0.0	0.0	0.0	0.0
k__Bacteria|p__Actinobacteria|c__Actinomycetia|o__Streptosporangiales|f__Nocardiopsaceae|g__Nocardiopsis|s__Nocardiopsis_listeri|t__SGB34315	0.0	0.0	0.0	0.0	0.0	0.0	0.0	0	0.0	0	0	0.0	0	0.0	0.0	0.0	0.0268	0.0
k__Bacteria|p__Actinobacteria|c__Actinomycetia|o__Streptosporangiales|f__Nocardiopsaceae|g__Nocardiopsis|s__Nocardiopsis_sp_JB363|t__SGB16395	0.0	0.0	0.0	0.0	0.0	1.42971	0.0	0	0.0	0	0	0.0	0	0.0	0.0	0.10624	1.08699	4.98274
k__Bacteria|p__Actinobacteria|c__CFGB10515|o__OFGB10515|f__FGB10515|g__GGB48227|s__GGB48227_SGB66234|t__SGB66234	3.46619	0.0	0.0	0.0	0.0	0.0	0.0	0	0.0	0	0	0.0	0	0.0	0.0	0.0	0.0	0.0
k__Bacteria|p__Actinobacteria|c__CFGB10515|o__OFGB10515|f__FGB10515|g__GGB48227|s__GGB48227_SGB69236|t__SGB69236	0.0	0.0	0.0	0.0	0.0	0.0	0.0	0	0.0	0	0	0.0	0	0.0	0.0	0.0	0.13793	0.0
k__Bacteria|p__Actinobacteria|c__CFGB22532|o__OFGB22532|f__FGB22532|g__GGB42949|s__GGB42949_SGB60172|t__SGB60172	0.0	0.009	0.0	0.01221	0.0	0.09955	0.0	0	0.0	0	0	23.36559	0	0.03684	6.92246	0.13529	0.03649	0.01466
k__Bacteria|p__Actinobacteria|c__CFGB22911|o__OFGB22911|f__FGB22911|g__GGB52421|s__GGB52421_SGB73284|t__SGB73284	22.59301	0.0	0.06	0.0	0.00706	0.0	0.01865	0	0.10494	0	0	0.0	0	0.19042	0.24307	0.0	0.12054	0.0
k__Bacteria|p__Actinobacteria|c__CFGB43984|o__OFGB43984|f__FGB43984|g__GGB48225|s__GGB48225_SGB66232|t__SGB66232	0.0	0.0	0.0	0.0	0.0	0.0	0.0	0	0.0	0	0	0.0	0	0.0	0.0	0.0	0.01598	0.0
k__Bacteria|p__Actinobacteria|c__CFGB44020|o__OFGB44020|f__FGB44020|g__GGB71983|s__GGB71983_SGB99036|t__SGB99036	0.0	0.0	0.0	0.00351	0.0	0.0	0.0	0	0.0	0	0	0.0	0	0.0	0.0	0.0	0.0	0.0
k__Bacteria|p__Actinobacteria|c__CFGB47577|o__OFGB47577|f__FGB47577|g__GGB49272|s__GGB49272_SGB69136|t__SGB69136	0.0	0.0	0.0	0.0	0.0	0.0	0.0	0	0.0	0	0	0.34883	0	0.0	0.79536	0.0	0.0	0.0
k__Bacteria|p__Actinobacteria|c__CFGB48225|o__OFGB48225|f__FGB48225|g__GGB71772|s__GGB71772_SGB98739|t__SGB98739	0.0	0.0	0.0	0.0	0.0	0.17289	0.0	0	0.0	0	0	0.0	0	0.16439	0.0	0.02527	0.0	0.2463
k__Bacteria|p__Firmicutes|c__Bacilli|o__Bacillales|f__Staphylococcaceae|g__Jeotgalicoccus|s__Jeotgalicoccus_SGB94720|t__SGB94720	0.0	0.0	0.0	0.0	0.0	0.0	0.0	0.0	0.0	0.0	0.0	8.10187	0.0	0.0	0.0	0.18825	0.0	0.11645
k__Bacteria|p__Firmicutes|c__Bacilli|o__Bacillales|f__Staphylococcaceae|g__Jeotgalicoccus|s__Jeotgalicoccus_SGB96891|t__SGB96891	0.0	0.02073	0.0	0.0	0.0	0.0	0.0	0.0	0.0	0.0	0.0	0.01408	0.0	0.0	0.0	0.0	0.0	0.0
k__Bacteria|p__Firmicutes|c__Bacilli|o__Bacillales|f__Staphylococcaceae|g__Mammaliicoccus|s__Mammaliicoccus_SGB96923|t__SGB96923	0.0	0.0	0.0	0.0	0.0	0.0	0.0	0.0	0.0	0.0	0.0	0.0	0.0	0.0	0.67619	0.0	0.0	0.0
k__Bacteria|p__Firmicutes|c__Bacilli|o__Bacillales|f__Staphylococcaceae|g__Mammaliicoccus|s__Mammaliicoccus_sciuri|t__SGB7818	0.0	0.0	0.0	0.0	0.0	0.0	0.0	0.0	0.0	0.0	0.0	0.0	0.0	0.0	0.0	0.0	0.0	0.04298
k__Bacteria|p__Firmicutes|c__Bacilli|o__Bacillales|f__Staphylococcaceae|g__Mammaliicoccus|s__Mammaliicoccus_vitulinus|t__SGB7820	0.0	0.0	0.0	0.0	0.0	0.0	0.0	0.0	0.0	0.0	0.0	0.00141	0.0	0.0	0.0	0.0	0.0	0.0
k__Bacteria|p__Firmicutes|c__Bacilli|o__Bacillales|f__Staphylococcaceae|g__Salinicoccus|s__Salinicoccus_SGB96906|t__SGB96906	0.0	0.0	0.0	0.0	0.0	0.0	0.0	0.0	0.0	0.0	0.0	0.0	0.0	0.0	0.0	0.0	0.0985	0.0
k__Bacteria|p__Firmicutes|c__Bacilli|o__Bacillales|f__Staphylococcaceae|g__Salinicoccus|s__Salinicoccus_SGB96907|t__SGB96907	0.0	0.02107	0.0	0.0	0.0	0.0	0.0	0.0	0.0	0.0	0.0	0.0	0.0	0.0	0.0	0.0	0.02281	0.0
k__Bacteria|p__Firmicutes|c__Bacilli|o__Bacillales|f__Staphylococcaceae|g__Staphylococcus|s__Staphylococcus_edaphicus|t__SGB7849	0.0	0.0	0.0	0.0	0.0	0.0	0.0	0.0	0.0	0.00042	0.0	0.0	0.0	0.0	0.0	0.0	0.0	0.0
k__Bacteria|p__Firmicutes|c__Bacilli|o__Bacillales|f__Staphylococcaceae|g__Staphylococcus|s__Staphylococcus_epidermidis|t__SGB7865	0.0	0.0	0.0	0.0	0.0	0.0	0.0	0.0	0.0	0.0	0.0	0.0	0.0	0.0	0.04342	0.0	0.0	0.0
k__Bacteria|p__Firmicutes|c__Bacilli|o__Bacillales|f__Staphylococcaceae|g__Staphylococcus|s__Staphylococcus_equorum|t__SGB7843	16.79567	48.78815	46.72761	9.57308	16.03328	31.37674	16.81765	30.05196	9.78318	0.93908	92.70369	13.24598	49.64197	15.46966	9.0078	34.40846	18.32116	18.16096
k__Bacteria|p__Firmicutes|c__Bacilli|o__Bacillales|f__Staphylococcaceae|g__Staphylococcus|s__Staphylococcus_saprophyticus|t__SGB7848	0.0	0.0	0.16065	0.0	32.22403	0.33529	0.0	0.84971	0.0	63.20827	0.00153	0.0	0.0	0.0	0.41823	0.0	0.0	0.5491
k__Bacteria|p__Firmicutes|c__Bacilli|o__Bacillales|f__Staphylococcaceae|g__Staphylococcus|s__Staphylococcus_sp_GSSP0090|t__SGB82653	0.0	0.0	0.0	0.0	0.00152	0.0	0.0	0.0	0.0	0.00785	0.0	0.0	0.0	0.0	0.0	0.0	0.0	0.0
k__Bacteria|p__Firmicutes|c__Bacilli|o__Bacillales|f__Staphylococcaceae|g__Staphylococcus|s__Staphylococcus_succinus|t__SGB7842	0.0	0.0	0.23335	0.0	35.35302	0.0	0.0	0.0	0.0	0.00665	0.0	0.0	0.0	0.0	0.0	0.0	0.0	0.0
k__Bacteria|p__Firmicutes|c__Bacilli|o__Bacillales|f__Staphylococcaceae|g__Staphylococcus|s__Staphylococcus_xylosus|t__SGB7846	0.0	0.0	0.0	0.0	0.0	0.0	0.0	0.0	0.0	0.42179	0.0	0.0	0.0	0.0	0.0	0.0	0.0	0.0
k__Bacteria|p__Firmicutes|c__Bacilli|o__Bacillales|f__Staphylococcaceae|g__Staphylococcus|s__Staphylococcus_xylosus|t__SGB7847	0.0	0.0	0.0	0.0	0.0	0.22614	0.0	0.01935	0.0	32.31951	0.0	0.0	0.0	0.0	1.17003	0.0	0.0	0.0
k__Bacteria|p__Firmicutes|c__Bacilli|o__Lactobacillales|f__Carnobacteriaceae|g__Alkalibacterium|s__Alkalibacterium_SGB96934|t__SGB96934	0.0	0.0	0.0	0.0	0.0	0.0	0.0	0.0	0.0	0.0	0.0	2.33876	0.0	0.0	6.16747	0.0	0.0	0.0
k__Bacteria|p__Firmicutes|c__Bacilli|o__Lactobacillales|f__Carnobacteriaceae|g__Alkalibacterium|s__Alkalibacterium_gilvum|t__SGB7879	0.0	0.0	0.0	0.04801	0.0	0.0	0.0	0.0	0.0	0.0	0.17108	0.0	0.0	0.0	0.0	0.0	0.0	0.0
k__Bacteria|p__Firmicutes|c__Bacilli|o__Lactobacillales|f__Carnobacteriaceae|g__Carnobacterium|s__Carnobacterium_maltaromaticum|t__SGB7902	0.0	0.0	0.0	0.0	0.0	0.0	0.0	0.0	0.09049	0.0	0.0	0.0	0.0	0.0	0.09214	0.0	0.0	0.0
k__Bacteria|p__Firmicutes|c__Bacilli|o__Lactobacillales|f__Carnobacteriaceae|g__Carnobacterium|s__Carnobacterium_sp_CS13|t__SGB7911	0.0	0.0	0.0	0.0	0.0	0.0	0.0	0.0	0.0	0.0	0.0	0.02777	0.0	0.0	0.0	0.0	0.0	0.0
k__Bacteria|p__Firmicutes|c__Bacilli|o__Lactobacillales|f__Carnobacteriaceae|g__Marinilactibacillus|s__Marinilactibacillus_psychrotolerans|t__SGB7876	0.0	0.0	0.0	0.00132	0.0	0.0	0.0	0.0	0.0	0.0	0.07323	0.0	0.02677	0.0	0.0	0.0	0.0	0.09136
k__Bacteria|p__Firmicutes|c__Bacilli|o__Lactobacillales|f__Enterococcaceae|g__Enterococcus|s__Enterococcus_devriesei|t__SGB7928	0.0	0.0	0.0	0.0	0.0	0.0	0.0	0.0	0.0	0.0	0.0	0.0	0.0	0.0	0.64705	0.0	0.0	0.0
k__Bacteria|p__Firmicutes|c__Bacilli|o__Lactobacillales|f__Enterococcaceae|g__Enterococcus|s__Enterococcus_faecalis|t__SGB7962	0.0	0.0	0.0	0.0	0.0	0.0	0.0	0.0	0.0	0.0	0.06651	0.0	0.0	0.0	0.04612	0.0	0.0	0.01924
k__Bacteria|p__Firmicutes|c__Bacilli|o__Lactobacillales|f__Enterococcaceae|g__Enterococcus|s__Enterococcus_malodoratus|t__SGB7932	0.0	0.0	0.0	0.0	0.0	0.0	0.0	0.0	0.0	0.0	0.0	0.0	0.0	0.0	0.0951	0.0	0.0	0.0
k__Bacteria|p__Firmicutes|c__Bacilli|o__Lactobacillales|f__Enterococcaceae|g__Tetragenococcus|s__Tetragenococcus_halophilus|t__SGB7926	0.0	0.0	0.0	0.0	0.01067	0.18922	0.0	0.0	0.0	0.0	0.0	0.0	0.0	0.0	0.0	0.0	0.00922	0.0
k__Bacteria|p__Firmicutes|c__Bacilli|o__Lactobacillales|f__Enterococcaceae|g__Tetragenococcus|s__Tetragenococcus_koreensis|t__SGB29882	0.0	0.0	0.0	0.0	0.0	0.0	0.0	0.0	0.0	0.0	0.0	0.0	0.0	0.04354	0.0	0.0	0.0	0.0
k__Bacteria|p__Firmicutes|c__Bacilli|o__Lactobacillales|f__Enterococcaceae|g__Vagococcus|s__Vagococcus_fluvialis|t__SGB7918	0.0	0.0	0.0	0.0	0.0	0.0	0.0	0.0	0.0	0.0	0.0	0.0	0.0	0.0	0.19238	0.0	0.0	0.0
k__Bacteria|p__Firmicutes|c__Bacilli|o__Lactobacillales|f__Lactobacillaceae|g__Lacticaseibacillus|s__Lacticaseibacillus_paracasei|t__SGB7142_group	0	0.0	0	0.0	0.0	0.0	0.0	0.0	0.09561	0.0	0.0	0	0.0	0	0.023	0.0	0.0	0.0
k__Bacteria|p__Firmicutes|c__Bacilli|o__Lactobacillales|f__Lactobacillaceae|g__Lactiplantibacillus|s__Lactiplantibacillus_plantarum|t__SGB7202	0	0.0	0	0.0	0.0	0.0	0.0	0.0	0.01526	0.0	0.0	0	0.0	0	0.0	0.0	0.0	0.0
k__Bacteria|p__Firmicutes|c__Bacilli|o__Lactobacillales|f__Lactobacillaceae|g__Latilactobacillus|s__Latilactobacillus_curvatus|t__SGB7249	0	0.0	0	0.0	0.0	0.0	0.0	0.0	0.02417	0.00897	0.0	0	0.0	0	0.0	0.0	0.0	0.0
k__Bacteria|p__Firmicutes|c__Bacilli|o__Lactobacillales|f__Lactobacillaceae|g__Leuconostoc|s__Leuconostoc_mesenteroides|t__SGB7126	0	0.0	0	0.0	0.0	0.0	0.0	0.0	1.51049	0.0	0.11355	0	0.0	0	2.22905	0.0	0.0	0.0
k__Bacteria|p__Firmicutes|c__Bacilli|o__Lactobacillales|f__Lactobacillaceae|g__Loigolactobacillus|s__Loigolactobacillus_coryniformis|t__SGB7198	0	0.0	0	0.0	0.0	0.0	0.0	0.0	0.0	0.01339	0.0	0	0.0	0	0.0	0.0	0.0	0.0
k__Bacteria|p__Firmicutes|c__Bacilli|o__Lactobacillales|f__Lactobacillaceae|g__Weissella|s__Weissella_hellenica|t__SGB29577	0	0.0	0	0.0	0.05446	0.0	0.0	0.0	0.0	0.0	0.0	0	0.0	0	0.0	0.0	0.0	0.0
k__Bacteria|p__Firmicutes|c__Bacilli|o__Lactobacillales|f__Lactobacillaceae|g__Weissella|s__Weissella_jogaejeotgali|t__SGB7119	0	0.0	0	0.0	0.0	0.0	0.0	0.0	0.0	0.0	0.0	0	0.0	0	0.0	0.0	0.0	0.16898
k__Bacteria|p__Firmicutes|c__Bacilli|o__Lactobacillales|f__Lactobacillaceae|g__Weissella|s__Weissella_paramesenteroides|t__SGB7118	0	0.0	0	0.0	0.0	0.0	0.0	0.0	0.01046	0.0	0.0	0	0.0	0	0.0	0.0	0.0	0.0
k__Bacteria|p__Firmicutes|c__Bacilli|o__Lactobacillales|f__Streptococcaceae|g__Lactococcus|s__Lactococcus_cremoris|t__SGB7984	0	0.06044	0	0.20188	0.0	0.14568	0.0	0.02717	0.36653	0.0	0.0	0	0.0	0	1.18091	0.0	0.0	0.14381
k__Bacteria|p__Firmicutes|c__Bacilli|o__Lactobacillales|f__Streptococcaceae|g__Lactococcus|s__Lactococcus_lactis|t__SGB7985	0	0.00557	0	0.57388	0.84171	1.87486	0.01027	1.25574	12.60106	0.0	1.23575	0	0.0	0	2.04212	0.10352	0.01085	1.54438
k__Bacteria|p__Firmicutes|c__Bacilli|o__Lactobacillales|f__Streptococcaceae|g__Streptococcus|s__Streptococcus_parauberis|t__SGB8228	0	0.0	0	0.0	0.0	0.0	0.0	0.0	0.0	0.0	0.0	0	0.0	0	0.016	0.0	0.0	0.0
k__Bacteria|p__Firmicutes|c__Bacilli|o__Lactobacillales|f__Streptococcaceae|g__Streptococcus|s__Streptococcus_thermophilus|t__SGB8002	0	0.27018	0	0.44187	0.0	0.21987	0.0	0.16546	2.211	0.0	0.0	0	1.17536	0	0.86094	0.0	0.0	0.22557
k__Bacteria|p__Proteobacteria|c__Betaproteobacteria|o__Burkholderiales|f__Alcaligenaceae|g__Corticimicrobacter|s__Corticimicrobacter_populi|t__SGB22618	0.0	0	0	0	0	0	0	0	0	0	0	0	0	0.0	0	0.0	0.00071	0
k__Bacteria|p__Proteobacteria|c__CFGB55768|o__OFGB55768|f__FGB55768|g__GGB72429|s__GGB72429_SGB99621|t__SGB99621	0.06407	0	0	0	0	0	0	0	0	0	0	0	0	0.3702	0	0.07476	0.0	0
k__Bacteria|p__Proteobacteria|c__Gammaproteobacteria|o__Alteromonadales|f__Pseudoalteromonadaceae|g__Pseudoalteromonas|s__Pseudoalteromonas_nigrifaciens|t__SGB13904	0	0	0	0	0	0	0	0	0	0	0	0.1316	0	0	0.0	0	0.0	0
k__Bacteria|p__Proteobacteria|c__Gammaproteobacteria|o__Enterobacterales|f__Enterobacteriaceae|g__Escherichia|s__Escherichia_coli|t__SGB10068	0	0	0	0	0	0	0	0	0	0	0	0.0	0	0	0.08513	0	0.0	0
k__Bacteria|p__Proteobacteria|c__Gammaproteobacteria|o__Enterobacterales|f__Enterobacteriaceae|g__Kluyvera|s__Kluyvera_cryocrescens|t__SGB23242	0	0	0	0	0	0	0	0	0	0	0	0.0	0	0	0.07257	0	0.0	0
k__Bacteria|p__Proteobacteria|c__Gammaproteobacteria|o__Enterobacterales|f__Enterobacteriaceae|g__Kluyvera|s__Kluyvera_intermedia|t__SGB31156	0	0	0	0	0	0	0	0	0	0	0	0.0	0	0	2.09598	0	0.0	0
k__Bacteria|p__Proteobacteria|c__Gammaproteobacteria|o__Enterobacterales|f__Enterobacteriaceae|g__Lelliottia|s__Lelliottia_amnigena|t__SGB10146	0	0	0	0	0	0	0	0	0	0	0	0.0	0	0	0.83994	0	0.0	0
k__Bacteria|p__Proteobacteria|c__Gammaproteobacteria|o__Enterobacterales|f__Hafniaceae|g__Hafnia|s__Hafnia_paralvei|t__SGB10207	0	0	0	0	0	0	0	0	0	0	0	0.0	0	0	1.00952	0	0.0	0
k__Bacteria|p__Proteobacteria|c__Gammaproteobacteria|o__Enterobacterales|f__Morganellaceae|g__Proteus|s__Proteus_vulgaris|t__SGB9993	0	0	0	0	0	0	0	0	0	0	0	0.0	0	0	0.01888	0	0.0	0
k__Bacteria|p__Proteobacteria|c__Gammaproteobacteria|o__Enterobacterales|f__Morganellaceae|g__Providencia|s__Providencia_heimbachae|t__SGB10009	0	0	0	0	0	0	0	0	0	0	0	0.00397	0	0	0.0	0	0.0	0
k__Bacteria|p__Proteobacteria|c__Gammaproteobacteria|o__Enterobacterales|f__Yersiniaceae|g__Serratia|s__Serratia_liquefaciens|t__SGB10256	0	0	0	0	0	0	0	0	0	0	0	0.0	0	0	0.31723	0	0.0	0
k__Bacteria|p__Proteobacteria|c__Gammaproteobacteria|o__Enterobacterales|f__Yersiniaceae|g__Serratia|s__Serratia_quinivorans|t__SGB10257	0	0	0	0	0	0	0	0	0	0	0	0.0	0	0	0.0	0	0.00619	0
k__Bacteria|p__Proteobacteria|c__Gammaproteobacteria|o__Moraxellales|f__Moraxellaceae|g__Psychrobacter|s__Psychrobacter_aquimaris|t__SGB23000	0.0	0	0	0.0	0	0	0	0	0	0	0.03746	0.02522	0	0	0	0.0	0	0.0
k__Bacteria|p__Proteobacteria|c__Gammaproteobacteria|o__Moraxellales|f__Moraxellaceae|g__Psychrobacter|s__Psychrobacter_celer|t__SGB10449	0.0	0	0	0.0	0	0	0	0	0	0	0.06612	0.0	0	0	0	0.0	0	0.0
k__Bacteria|p__Proteobacteria|c__Gammaproteobacteria|o__Moraxellales|f__Moraxellaceae|g__Psychrobacter|s__Psychrobacter_faecalis|t__SGB10464	0.0	0	0	0.0	0	0	0	0	0	0	0.17893	0.11401	0	0	0	0.0	0	0.34443
k__Bacteria|p__Proteobacteria|c__Gammaproteobacteria|o__Moraxellales|f__Moraxellaceae|g__Psychrobacter|s__Psychrobacter_immobilis|t__SGB10459	0.0	0	0	0.0	0	0	0	0	0	0	0.06657	0.57365	0	0	0	0.0	0	0.0
k__Bacteria|p__Proteobacteria|c__Gammaproteobacteria|o__Moraxellales|f__Moraxellaceae|g__Psychrobacter|s__Psychrobacter_sp_FME13|t__SGB69382	0.0	0	0	0.02156	0	0	0	0	0	0	0.0	0.0	0	0	0	0.0	0	0.0
k__Bacteria|p__Proteobacteria|c__Gammaproteobacteria|o__Moraxellales|f__Moraxellaceae|g__Psychrobacter|s__Psychrobacter_sp_FME5|t__SGB69383	0.0	0	0	0.2082	0	0	0	0	0	0	0.0	11.5321	0	0	0	0.0	0	0.0
k__Bacteria|p__Proteobacteria|c__Gammaproteobacteria|o__Oceanospirillales|f__Halomonadaceae|g__Halomonas|s__Halomonas_SGB69225|t__SGB69225	0.00241	0	0	0.0	0	0	0	0	0	0	0.0	0.02942	0	0	0	0.0	0	0.0
k__Bacteria|p__Proteobacteria|c__Gammaproteobacteria|o__Oceanospirillales|f__Halomonadaceae|g__Halomonas|s__Halomonas_sp_FME1|t__SGB11844	0.0	0	0	0.07643	0	0	0	0	0	0	0.0	0.55263	0	0	0	16.30599	0	0.0
k__Bacteria|p__Proteobacteria|c__Gammaproteobacteria|o__Pseudomonadales|f__Pseudomonadaceae|g__Pseudomonas|s__Pseudomonas_helleri|t__SGB12098	0.0	0	0.0	0	0	0	0	0.0	0.0	0	0.0	0	0.0	0	0.59105	0	0.0	0
k__Bacteria|p__Proteobacteria|c__Gammaproteobacteria|o__Pseudomonadales|f__Pseudomonadaceae|g__Pseudomonas|s__Pseudomonas_lundensis|t__SGB12101	0.0	0	0.0	0	0	0	0	0.0	0.0	0	0.0	0	0.0	0	0.15575	0	0.0	0
k__Bacteria|p__Proteobacteria|c__Gammaproteobacteria|o__Pseudomonadales|f__Pseudomonadaceae|g__Pseudomonas|s__Pseudomonas_lundensis|t__SGB12102	0.0	0	0.0	0	0	0	0	0.0	0.0	0	0.0	0	0.0	0	0.0535	0	0.0	0
k__Bacteria|p__Proteobacteria|c__Gammaproteobacteria|o__Pseudomonadales|f__Pseudomonadaceae|g__Pseudomonas|s__Pseudomonas_putida|t__SGB12293	0.0	0	0.0	0	0	0	0	0.0	0.0	0	0.0	0	0.0	0	0.12052	0	0.0	0
k__Eukaryota|p__Ascomycota|c__Eurotiomycetes|o__Eurotiales|f__Aspergillaceae|g__Aspergillus|s__Aspergillus_sp_MA_6041|t__EUK2153248	0.0	0	0.0	0	0	0	0	0.0	0.0	0	0.0	0	0.0	0	0.0	0	0.20499	0
k__Eukaryota|p__Ascomycota|c__Eurotiomycetes|o__Eurotiales|f__Aspergillaceae|g__Penicillium|s__Penicillium_camemberti|t__EUK5075	0.33036	0	2.38784	0	0	0	0	0.56353	0.28658	0	0.0884	0	12.78948	0	0.0	0	0.0	0
k__Eukaryota|p__Ascomycota|c__Eurotiomycetes|o__Eurotiales|f__Aspergillaceae|g__Penicillium|s__Penicillium_roqueforti|t__EUK5082	0.0	0	0.0	0	0	0	0	0.0	0.11416	0	0.48863	0	0.0	0	0.0	0	0.0	0
k__Eukaryota|p__Ascomycota|c__Eurotiomycetes|o__Eurotiales|f__Aspergillaceae|g__Penicillium|s__Penicillium_sp_SPG_F1|t__EUK2488753	0.0	0	8.8699	0	0	0	0	0.0	0.0	0	0.0	0	0.0	0	0.0	0	0.0	0
k__Eukaryota|p__Ascomycota|c__Saccharomycetes|o__Saccharomycetales|f__Debaryomycetaceae|g__Candida|s__Candida_parapsilosis|t__EUK5480	0.0	0.0	0.0	0	0.0	0.0	0.0	0.0	0.0	0.0	0.04029	0	0.0	0.0	0	0.0	0.0	0.0
k__Eukaryota|p__Ascomycota|c__Saccharomycetes|o__Saccharomycetales|f__Debaryomycetaceae|g__Debaryomyces|s__Debaryomyces_hansenii_group_1|t__EUK4959_1	1.58074	1.89375	20.74057	0	5.86639	18.96184	0.49771	9.3911	19.76121	3.07406	1.95899	0	35.80206	1.26998	0	0.13843	0.27975	2.19341
k__Eukaryota|p__Ascomycota|c__Saccharomycetes|o__Saccharomycetales|f__Debaryomycetaceae|g__Debaryomyces|s__Debaryomyces_nepalensis|t__EUK27299	0.0	0.0	0.0	0	0.0	0.0	0.0	0.0	0.05428	0.0	0.0	0	0.0	0.0	0	0.0	0.0	0.0
k__Eukaryota|p__Ascomycota|c__Saccharomycetes|o__Saccharomycetales|f__Pichiaceae|g__Pichia|s__Pichia_kudriavzevii|t__EUK4909	0.0	0.0	0.0	0	0.0	0.0	0.0	0.0	0.0	0.0	0.01399	0	0.0	0.0	0	0.0	0.0	0.0
