sample	YouL_2022__SRR13308520	YouL_2022__SRR13308521	YouL_2022__SRR13308522	YouL_2022__SRR13308523	YouL_2022__SRR13308524	YouL_2022__SRR13308525	YouL_2022__SRR13308526	YouL_2022__SRR13308527	YouL_2022__SRR13308528	YouL_2022__SRR13308529	YouL_2022__SRR13308530	YouL_2022__SRR13308531	YouL_2022__SRR13308532	YouL_2022__SRR13308533	YouL_2022__SRR13308534	YouL_2022__SRR13308535	YouL_2022__SRR13308536	YouL_2022__SRR13308537	YouL_2022__SRR13308538	YouL_2022__SRR13308539	YouL_2022__SRR13308540	YouL_2022__SRR13308541	YouL_2022__SRR13308542
macrocategory	food	food	food	food	food	food	food	food	food	food	food	food	food	food	food	food	food	food	food	food	food	food	food
category	dairy	dairy	dairy	dairy	dairy	dairy	dairy	dairy	dairy	dairy	dairy	dairy	dairy	dairy	dairy	dairy	dairy	dairy	dairy	dairy	dairy	dairy	dairy
type	koumiss	koumiss	koumiss	koumiss	koumiss	koumiss	koumiss	koumiss	koumiss	koumiss	koumiss	koumiss	koumiss	koumiss	koumiss	koumiss	koumiss	koumiss	koumiss	koumiss	koumiss	koumiss	koumiss
subtype																							
country	CHN	CHN	CHN	CHN	CHN	CHN	CHN	CHN	CHN	CHN	CHN	CHN	CHN	CHN	CHN	CHN	CHN	CHN	CHN	CHN	CHN	CHN	CHN
source	public	public	public	public	public	public	public	public	public	public	public	public	public	public	public	public	public	public	public	public	public	public	public
k__Bacteria|p__Firmicutes|c__Bacilli|o__Lactobacillales|f__Lactobacillaceae|g__Lactobacillus|s__Lactobacillus_helveticus|t__SGB7048_group	97.57538	81.02932	98.7604	70.77444	76.11016	98.44411	74.07712	83.22981	96.70426	98.19534	97.09086	96.28159	1.56041	96.10754	16.08486	21.0062	97.12354	94.94901	94.02308	96.26709	38.20203	91.9483	97.19919
k__Bacteria|p__Firmicutes|c__Bacilli|o__Lactobacillales|f__Streptococcaceae|g__Streptococcus|s__Streptococcus_thermophilus|t__SGB8002	0.59942	0.0	0.00324	3.6808	0.55186	0.00593	0.23566	0.0012	0.86939	0.00463	0.0	1.85337	0.03633	0.0	0.0	0.0	0.0	0.0	0.0	0.00306	4.72066	0.21141	0.08709
k__Bacteria|p__Firmicutes|c__Bacilli|o__Lactobacillales|f__Lactobacillaceae|g__Lentilactobacillus|s__Lentilactobacillus_kefiri|t__SGB7221	0.52454	1.01347	0.09443	0.35873	0.22123	0.40213	0.06578	0.02695	0.01387	0.03497	1.42885	0.02647	0.0	0.00341	4.44027	0.70341	0.17974	0.88403	5.06043	0.00547	0.19018	4.58623	0.0875
k__Bacteria|p__Firmicutes|c__Bacilli|o__Lactobacillales|f__Streptococcaceae|g__Lactococcus|s__Lactococcus_petauri|t__SGB7980	0.30577	1.26065	0.0	0.46054	0.02854	0.00705	0.06414	0.0	0.0	0.0	0.0	0.12667	0.0	0.0	0.0	0.0	0.03384	0.02752	0.0	0.14639	1.59748	0.02214	0.01732
k__Bacteria|p__Firmicutes|c__Bacilli|o__Lactobacillales|f__Lactobacillaceae|g__Limosilactobacillus|s__Limosilactobacillus_pontis|t__SGB7090	0.25745	2.46678	0.5436	0.0	3.74047	0.16479	0.5748	10.6612	0.6298	0.20529	0.01619	0.07204	0.0	3.27139	0.00089	0.0	0.0	0.0	0.00046	3.22615	13.56863	0.04002	0.97968
k__Bacteria|p__Firmicutes|c__Bacilli|o__Bacillales|f__Staphylococcaceae|g__Macrococcus|s__Macrococcus_caseolyticus|t__SGB7869	0.20153	1.96424	0.02026	0.95269	0.40915	0.01624	0.12061	0.0	0.04719	0.32091	0.01876	0.02874	0.01244	0.0	0.0257	0.00238	0.01553	0.02257	0.00018	0.00325	2.88044	0.13525	0.02152
k__Bacteria|p__Firmicutes|c__Bacilli|o__Lactobacillales|f__Lactobacillaceae|g__Lentilactobacillus|s__Lentilactobacillus_parakefiri|t__SGB7222	0.15195	2.17945	0.04659	0.0	0.28501	0.10197	0.03694	0.30206	0.07523	0.14935	0.01825	0.06437	0.0	0.12709	0.02125	0.04955	0.05238	0.0664	0.40768	0.04026	0.07364	0.19054	0.24622
k__Bacteria|p__Firmicutes|c__Bacilli|o__Lactobacillales|f__Streptococcaceae|g__Lactococcus|s__Lactococcus_lactis|t__SGB7985	0.13867	0.71726	0.0005	4.34281	12.32627	0.56445	20.18733	0.00199	0.75319	0.00151	1.30935	0.09125	90.65273	0.00079	0.1457	0.00282	0.1403	0.19718	0.00045	0.02207	1.85912	1.17614	0.66011
k__Bacteria|p__Proteobacteria|c__Alphaproteobacteria|o__Rhodospirillales|f__Acetobacteraceae|g__Acetobacter|s__Acetobacter_malorum|t__SGB1201	0.1029	0.82178	0.01529	0.0	0.46268	0.00566	0.07094	0.73031	0.00746	0.01905	0.03814	0.01757	0.0	0.0594	0.0	0.0	0.01066	0.03346	0.16664	0.00075	0.05007	0.02685	0.01348
k__Bacteria|p__Proteobacteria|c__Gammaproteobacteria|o__Enterobacterales|f__Enterobacteriaceae|g__Lelliottia|s__Lelliottia_amnigena|t__SGB10144	0.02937	0.0	0.0	0.03082	0.00016	0.0	0.00023	0.0	0.0	0.0	0.0	0.0	0.0	0.0	0.0	0.0	0.18176	0.26193	0.0	0.0	0.67388	0.0	2e-05
k__Bacteria|p__Proteobacteria|c__Gammaproteobacteria|o__Moraxellales|f__Moraxellaceae|g__Moraxella|s__Moraxella_osloensis|t__SGB10439	0.02429	6.4528	0.01376	0.07804	0.02829	0.00164	0.00726	0.0027	0.01397	0.00354	0.0026	0.10444	0.0	0.0	0.01592	0.0046	0.02648	0.05028	0.00155	0.00357	0.47533	0.0125	0.01535
k__Bacteria|p__Proteobacteria|c__Alphaproteobacteria|o__Rhodospirillales|f__Acetobacteraceae|g__Acetobacter|s__Acetobacter_pasteurianus|t__SGB1197	0.01972	0.14863	0.03277	0.0	0.27831	0.01335	0.03785	1.00577	0.02731	0.00599	0.0024	0.00269	0.0	0.00036	0.00079	0.03425	0.00361	0.00837	0.0177	0.20579	0.07833	0.05832	0.01371
k__Bacteria|p__Firmicutes|c__Bacilli|o__Lactobacillales|f__Lactobacillaceae|g__Lentilactobacillus|s__Lentilactobacillus_diolivorans|t__SGB7225	0.0185	0.03238	0.00754	0.0	0.21724	0.02762	0.01117	0.17885	0.00986	0.00171	0.00907	0.0094	0.0	0.00042	0.0	0.0	0.00061	0.00416	0.0076	0.0	0.00969	0.92247	0.12637
k__Bacteria|p__Proteobacteria|c__Alphaproteobacteria|o__Rhodospirillales|f__Acetobacteraceae|g__Acetobacter|s__Acetobacter_pasteurianus|t__SGB1196	0.01303	0.36566	0.05627	0.0	0.7766	0.02074	1.79065	3.24626	0.01589	0.16	0.00527	0.00486	0.0	0.00046	0.0923	0.80652	0.01176	0.03263	0.23796	0.0159	0.13079	0.12734	0.19293
k__Bacteria|p__Proteobacteria|c__Gammaproteobacteria|o__Moraxellales|f__Moraxellaceae|g__Acinetobacter|s__Acinetobacter_johnsonii|t__SGB10398	0.00776	0.22281	0.0	0.59403	0.16786	0.0	0.494	0.0	0.00013	0.0	0.0	0.00323	0.0	0.0	0.04614	0.0476	0.02095	0.02739	0.00214	0.0	0.70579	0.00371	0.00553
k__Bacteria|p__Firmicutes|c__Bacilli|o__Lactobacillales|f__Lactobacillaceae|g__Leuconostoc|s__Leuconostoc_lactis|t__SGB7121	0.00706	0.0	0.0	0.0043	0.01485	0.0	0.01974	0.0	0.0	0.0	0.0	0.00023	0.0	0.0	0.0	0.0	0.0	0.0	0.0	0.0	0.0	0.00166	0.05358
k__Bacteria|p__Proteobacteria|c__Alphaproteobacteria|o__Rhodospirillales|f__Acetobacteraceae|g__Acetobacter|s__Acetobacter_cerevisiae|t__SGB1200	0.00704	0.11284	0.0	0.0	0.01446	0.0	0.0125	0.01537	0.00025	0.00024	0.0003	0.0	0.0	0.00017	0.0	0.0	0.0	0.0	0.00387	0.00052	0.00116	0.00333	0.00082
k__Bacteria|p__Proteobacteria|c__Gammaproteobacteria|o__Enterobacterales|f__Enterobacteriaceae|g__Enterobacter|s__Enterobacter_asburiae|t__SGB10141	0.00679	0.0008	0.0	0.0	0.0	0.0	0.0	0.0	0.00413	0.0	0.0	0.0	0.0	0.0	0.0	0.0	0.0	0.0	0.0	0.0	3.40897	0.0	0.0
k__Bacteria|p__Actinobacteria|c__CFGB5342|o__OFGB5342|f__FGB5342|g__GGB15717|s__GGB15717_SGB23955|t__SGB23955	0.00366	0.27655	0.00207	0.01011	0.26245	0.00596	0.0	0.00105	0.25124	0.4726	0.01519	0.0	0.0	0.0	0.0	0.00091	0.06335	0.12893	0.0	0.01256	0.14945	0.00275	0.02234
k__Bacteria|p__Proteobacteria|c__Gammaproteobacteria|o__Enterobacterales|f__Enterobacteriaceae|g__Enterobacter|s__Enterobacter_ludwigii|t__SGB10127	0.00197	0.0	0.0	0.0	0.24476	0.0	0.26474	0.0	0.00061	0.0	0.0	0.0	0.0	0.0	0.0	0.0	0.00282	0.00492	0.00226	0.0	16.37243	0.05053	0.00129
k__Bacteria|p__Proteobacteria|c__Alphaproteobacteria|o__Rhodospirillales|f__Acetobacteraceae|g__Acetobacter|s__Acetobacter_estunensis|t__SGB89224	0.00145	0.12214	0.04069	0.0	0.11595	0.00184	0.05981	0.07212	0.0071	0.0	0.00148	0.02087	0.0	0.00015	0.0	0.00017	0.0	0.0	0.01894	0.0	0.05282	0.04473	0.00495
k__Bacteria|p__Firmicutes|c__Bacilli|o__Lactobacillales|f__Streptococcaceae|g__Lactococcus|s__Lactococcus_raffinolactis|t__SGB7989	0.00067	0.01568	0.0	0.19023	0.02982	0.0	0.02462	0.0	0.00097	0.0	0.0	0.0	1.17719	0.0	0.0404	0.0	0.0	0.0	0.0	0.0	0.08014	0.00099	0.01345
k__Bacteria|p__Proteobacteria|c__Gammaproteobacteria|o__Enterobacterales|f__Enterobacteriaceae|g__Klebsiella|s__Klebsiella_grimontii|t__SGB10120	0.00057	0.00484	0.0	0.33136	1.10751	0.0	0.03634	0.0	0.14099	0.0	0.0	0.0	0.00029	0.0	0.0	0.0	0.01708	0.02441	0.0	0.0	0.30783	0.08633	0.00999
k__Bacteria|p__Firmicutes|c__Bacilli|o__Bacillales|f__Staphylococcaceae|g__Staphylococcus|s__Staphylococcus_coagulans|t__SGB7825	0.0005	0.0246	0.0	0.0	0.0	7e-05	0.0	0.0	0.0	0.00198	0.0	0.0	0.0	0.0	0.0	0.0	0.00807	0.00895	0.0	0.0001	0.01126	0.0	0.0
k__Bacteria|p__Proteobacteria|c__Gammaproteobacteria|o__Enterobacterales|f__Enterobacteriaceae|g__Kluyvera|s__Kluyvera_cryocrescens|t__SGB23242	4e-05	0.0	0.0	0.01432	0.00595	0.0	0.00578	0.0	0.0	0.0	0.0	0.0	0.0	0.0	0.0	0.0	0.0	0.0	0.0	0.0	0.00298	0.00181	0.00293
k__Bacteria|p__Firmicutes|c__Bacilli|o__Bacillales|f__Staphylococcaceae|g__Staphylococcus|s__Staphylococcus_hominis|t__SGB7858	0.0	0.22118	0.0	0.0	0.0	0.0	0.0	0.00049	0.0	0.0	0.0	0.0	0.0	0.0	0.0	0.0	0.00075	0.00099	0.0	0.0	0.0	0.0	0.0
k__Bacteria|p__Firmicutes|c__Bacilli|o__Bacillales|f__Staphylococcaceae|g__Staphylococcus|s__Staphylococcus_epidermidis|t__SGB7865	0.0	0.08151	0.0	0.0	0.0	0.0	0.0	8e-05	0.0	0.00504	0.0	0.0	0.0	0.0	0.0	0.0	0.00124	0.00072	0.0	0.0	0.01189	0.0	0.0
k__Bacteria|p__Proteobacteria|c__Alphaproteobacteria|o__Rhodospirillales|f__Acetobacteraceae|g__Acetobacter|s__Acetobacter_aceti|t__SGB1169	0.0	0.07818	0.0	0.0	0.0196	0.0	0.0	0.00177	0.0006	0.0	0.0	0.0	0.0	0.0	0.0	0.0	0.0	0.0	0.01217	0.00604	0.00143	4e-05	0.00069
k__Bacteria|p__Firmicutes|c__Bacilli|o__Lactobacillales|f__Enterococcaceae|g__Enterococcus|s__Enterococcus_faecalis|t__SGB7962	0.0	0.0762	0.0	0.32746	0.04258	0.01501	0.00014	0.0	0.06973	0.00578	0.01034	0.74226	0.0	0.0	0.0	0.0	0.02674	0.0351	0.0	0.0	0.05144	0.0	0.02156
k__Bacteria|p__Proteobacteria|c__Alphaproteobacteria|o__Rhodospirillales|f__Acetobacteraceae|g__Gluconobacter|s__Gluconobacter_vitians|t__SGB89211	0.0	0.06533	0.00169	0.0	0.00462	3e-05	0.0	0.07794	0.0	0.0	0.00049	0.0	0.0	0.00077	0.0	0.0	0.0	0.0	0.0213	0.0	0.00555	0.00015	0.0
k__Bacteria|p__Proteobacteria|c__Alphaproteobacteria|o__Rhodospirillales|f__Acetobacteraceae|g__Acetobacter|s__Acetobacter_orientalis|t__SGB1187	0.0	0.02837	0.0	0.00983	0.0083	0.00114	0.00359	0.0	0.0	0.0	0.0	0.0	0.0	0.01668	0.00494	0.0	0.001	0.00385	0.00133	0.0	0.0	0.0	0.01043
k__Bacteria|p__Firmicutes|c__Bacilli|o__Lactobacillales|f__Streptococcaceae|g__Streptococcus|s__Streptococcus_gallolyticus|t__SGB8018	0.0	0.02612	0.0	0.0	0.0	0.0	0.0	0.0	0.0	0.0	0.0	0.0	0.0	0.0	0.0	0.0	0.0045	0.00791	0.0	0.0	0.0	0.0	0.0
k__Bacteria|p__Actinobacteria|c__Actinomycetia|o__Micrococcales|f__Micrococcaceae|g__Kocuria|s__Kocuria_salsicia|t__SGB16669	0.0	0.02252	0.0	0.00679	0.05683	0.0	0.0	0.0	0.05043	0.02157	0.0	0.0	0.0	0.0	0.0	0.0	5e-05	0.00018	0.0	0.0	0.16975	0.02576	0.00216
k__Bacteria|p__Firmicutes|c__Bacilli|o__Lactobacillales|f__Lactobacillaceae|g__Leuconostoc|s__Leuconostoc_mesenteroides|t__SGB7126	0.0	0.01824	0.0	0.16266	0.16582	0.0026	0.17478	0.00516	0.00259	0.00087	0.0	0.09102	1.11672	0.0	0.01339	0.0	0.00195	0.00221	0.0	0.00795	0.01618	0.01966	0.0091
k__Bacteria|p__Proteobacteria|c__Alphaproteobacteria|o__Rhodospirillales|f__Acetobacteraceae|g__Acetobacter|s__Acetobacter_ghanensis|t__SGB1192	0.0	0.01774	0.00265	0.0	0.35344	0.00405	0.17803	0.25798	0.00337	0.26414	0.0206	0.03645	0.0	0.00428	0.05382	0.00854	0.00218	0.00596	0.00319	0.00924	0.00183	0.00069	0.00238
k__Bacteria|p__Firmicutes|c__Bacilli|o__Lactobacillales|f__Enterococcaceae|g__Enterococcus|s__Enterococcus_durans|t__SGB7966	0.0	0.01614	0.0	0.15636	0.00075	0.0	0.00058	0.0	0.0	0.01341	0.0	0.0	0.0	0.0	0.0	0.0	0.00517	0.00557	0.0	0.0	0.08231	0.05677	0.00012
k__Bacteria|p__Firmicutes|c__Bacilli|o__Lactobacillales|f__Lactobacillaceae|g__Lactiplantibacillus|s__Lactiplantibacillus_plantarum|t__SGB7202	0.0	0.01476	0.0	3e-05	0.00362	0.0	0.00127	0.01514	0.0003	0.00016	0.0	0.0	0.0	0.0	0.0	0.0	0.01079	0.0137	0.0	0.00141	0.00646	0.00025	0.00063
k__Bacteria|p__Actinobacteria|c__Actinomycetia|o__Micrococcales|f__Dermacoccaceae|g__Dermacoccus|s__Dermacoccus_nishinomiyaensis|t__SGB16007	0.0	0.01405	0.0	0.0006	0.0004	0.0	0.0	0.0	2e-05	0.0	0.0	0.0	0.0	0.0	0.0	0.0	0.0	0.0	0.0	0.0	0.0	0.0	0.0
k__Bacteria|p__Proteobacteria|c__Alphaproteobacteria|o__Rhodospirillales|f__Acetobacteraceae|g__Gluconobacter|s__Gluconobacter_oxydans|t__SGB1165	0.0	0.01141	0.0	0.0	0.0	0.0	0.0	0.0	0.0	0.0	0.0	0.0	0.0	0.0	0.0	0.0	0.0	0.0	0.0	0.0	0.0	0.0	0.0
k__Bacteria|p__Firmicutes|c__Bacilli|o__Bacillales|f__Staphylococcaceae|g__Staphylococcus|s__Staphylococcus_chromogenes|t__SGB7824	0.0	0.01084	0.0	0.01654	0.0	0.0	0.0	0.0	0.0	0.0	0.0	0.0	0.0	0.0	0.0	0.00014	0.00061	0.00039	0.0	0.0	0.0	0.0	0.0
k__Bacteria|p__Firmicutes|c__Bacilli|o__Lactobacillales|f__Enterococcaceae|g__Enterococcus|s__Enterococcus_faecium|t__SGB7967	0.0	0.00953	5e-05	0.05097	0.00428	0.006	0.0	0.0	0.00655	0.0436	0.00823	0.08077	0.0	0.0	0.0	0.0	0.0	0.0	0.0	0.0	0.43009	0.0	0.00149
k__Bacteria|p__Firmicutes|c__Bacilli|o__Lactobacillales|f__Streptococcaceae|g__Streptococcus|s__Streptococcus_suis|t__SGB29821	0.0	0.00778	0.0	9.83351	0.01722	0.0	0.0	0.0	0.01932	0.0	0.0	0.0	0.00227	0.0	0.00536	0.0	0.0	0.0	0.0	0.0	0.0	0.0	0.0
k__Bacteria|p__Actinobacteria|c__Actinomycetia|o__Micrococcales|f__Micrococcaceae|g__Kocuria|s__Kocuria_rhizophila|t__SGB16670	0.0	0.00604	0.0	0.00015	0.0	0.0	0.0	0.0	0.0	0.0	0.0	0.0	0.0	0.0	0.0	0.0	0.0036	0.00636	0.0	0.0	0.0	0.0	0.0
k__Bacteria|p__Actinobacteria|c__Actinomycetia|o__Micrococcales|f__Micrococcaceae|g__Arthrobacter|s__Arthrobacter_sp_S41|t__SGB35039	0.0	0.00512	0.0	0.0	0.0	0.0	0.0	0.0	0.0	0.0	0.0	0.0	0.0	0.0	0.0	0.0	0.0	0.0	0.0	0.0	0.0	0.0	0.0
k__Bacteria|p__Firmicutes|c__Bacilli|o__Bacillales|f__Staphylococcaceae|g__Macrococcus|s__Macrococcus_bohemicus|t__SGB7867	0.0	0.00448	0.0	0.0	0.0	0.0	0.0	0.0	0.0	0.0	0.0	0.0	0.0	0.0	0.0	0.0	0.0	0.0	0.0	0.0	0.0	0.0	0.0
k__Bacteria|p__Firmicutes|c__Bacilli|o__Lactobacillales|f__Lactobacillaceae|g__Pediococcus|s__Pediococcus_pentosaceus|t__SGB7169	0.0	0.0042	0.0	0.0	0.0	0.0	0.0	0.0	0.0	0.0	0.0	0.0	0.0	0.0	0.0	0.0	0.0	0.0	0.0	0.0	0.0	0.0	0.0
k__Bacteria|p__Firmicutes|c__Bacilli|o__Lactobacillales|f__Lactobacillaceae|g__Lactobacillus|s__Lactobacillus_kefiranofaciens|t__SGB7046	0.0	0.00374	0.35487	0.0	0.16128	0.1741	0.38828	0.03543	0.04116	0.03173	0.0	0.33804	0.0	0.39643	75.13049	77.31164	1.46381	2.49441	0.0	0.0087	0.0251	0.18487	0.08936
k__Bacteria|p__Firmicutes|c__Bacilli|o__Lactobacillales|f__Streptococcaceae|g__Streptococcus|s__Streptococcus_dysgalactiae|t__SGB8219	0.0	0.00353	0.0	0.01858	0.0	0.0	0.0	0.0	0.0	0.0	0.0	0.0	0.01802	0.0	0.0	0.0	0.00047	0.00065	0.0	0.0	0.1163	0.0	0.0
k__Bacteria|p__Firmicutes|c__Bacilli|o__Lactobacillales|f__Streptococcaceae|g__Streptococcus|s__Streptococcus_pluranimalium|t__SGB25257	0.0	0.00251	0.0	0.00016	0.0	0.0	0.0	0.0	0.0	0.0	0.0	0.0	0.0	0.0	0.0	0.0	0.01253	0.01449	0.0	0.0	0.0	0.0	0.0
k__Bacteria|p__Actinobacteria|c__Actinomycetia|o__Micrococcales|f__Micrococcaceae|g__Neomicrococcus|s__Neomicrococcus_lactis|t__SGB87984	0.0	0.0025	0.0	0.0	0.0	0.0	0.0	0.0	0.0	0.0	0.0	0.0	0.0	0.0	0.0	0.0	0.0	0.0	0.0	0.0	0.0	0.0	0.0
k__Bacteria|p__Firmicutes|c__Bacilli|o__Bacillales|f__Staphylococcaceae|g__Staphylococcus|s__Staphylococcus_aureus|t__SGB7852	0.0	0.0024	0.0	0.04629	0.0	0.0	0.0	0.0	0.0	0.0	0.0	0.0	0.00155	0.0	0.0	0.01207	0.0	0.0	0.0	0.0	0.0	0.0	0.0
k__Bacteria|p__Proteobacteria|c__Alphaproteobacteria|o__Rhodospirillales|f__Acetobacteraceae|g__Komagataeibacter|s__Komagataeibacter_sucrofermentans|t__SGB24155	0.0	0.00227	0.00117	0.0	0.03222	0.0	0.01047	0.02713	0.0	0.0	0.0	0.0	0.0	0.0	0.0	0.0	0.0	0.0	0.00106	0.0	0.00162	0.00037	0.00049
k__Bacteria|p__Proteobacteria|c__Alphaproteobacteria|o__Rhodospirillales|f__Acetobacteraceae|g__Acetobacter|s__Acetobacter_fabarum|t__SGB1190	0.0	0.00204	0.0	0.0	0.02834	0.0	0.01503	0.00312	0.0	0.0	0.003	0.0	0.0	0.01067	3.14152	0.0	0.0	3e-05	0.0	0.0	0.00026	0.0	0.0
k__Bacteria|p__Bacteroidetes|c__Flavobacteriia|o__Flavobacteriales|f__Weeksellaceae|g__Epilithonimonas|s__Epilithonimonas_hominis|t__SGB2549	0.0	0.00129	0.0	0.0	0.0	0.0	0.0	0.0	0.0	0.0	0.0	0.0	0.0	0.0	0.0	0.0	0.0	0.0	0.0	0.0	0.0	0.0	0.0
k__Bacteria|p__Actinobacteria|c__Actinomycetia|o__Micrococcales|f__Micrococcaceae|g__Kocuria|s__Kocuria_palustris|t__SGB16663	0.0	0.00122	0.0	0.0	0.0	0.0	0.0	0.0	0.0	0.0	0.0	0.0	0.0	0.0	0.0	0.0	0.0	0.0	0.0	0.0	0.0	0.0	0.0
k__Bacteria|p__Firmicutes|c__Bacilli|o__Bacillales|f__Staphylococcaceae|g__Staphylococcus|s__Staphylococcus_capitis|t__SGB7863	0.0	0.00117	0.0	0.0	0.0	0.0	0.0	0.0	0.0	0.0	0.0	0.0	0.0	0.0	0.0	0.0	0.0	0.0	0.0	0.0	0.0	0.0	0.0
k__Bacteria|p__Proteobacteria|c__Gammaproteobacteria|o__Moraxellales|f__Moraxellaceae|g__Acinetobacter|s__Acinetobacter_junii|t__SGB10370	0.0	0.00115	0.0	0.50223	0.0	0.0	0.0	0.0	0.0	0.0	0.0	0.0	0.0	0.0	0.00033	0.0	0.0	0.0	0.0	0.00038	0.00309	0.0	0.0
k__Bacteria|p__Firmicutes|c__Bacilli|o__Lactobacillales|f__Streptococcaceae|g__Streptococcus|s__Streptococcus_hillyeri|t__SGB29806	0.0	0.00089	0.0	0.0	0.0	0.0	0.0	0.0	0.0	0.0	0.0	0.0	0.0	0.0	0.0	0.0	0.00725	0.01107	0.0	0.0	0.0	0.0	0.0
k__Bacteria|p__Actinobacteria|c__Actinomycetia|o__Micrococcales|f__Micrococcaceae|g__Rothia|s__Rothia_terrae|t__SGB16994	0.0	0.00078	0.0	0.00045	0.00054	0.0	0.0	0.0	0.0	0.0	0.0	0.0	0.0	0.0	0.0	0.0	0.0	0.0	0.0	0.0	0.00245	0.0	0.0
k__Bacteria|p__Firmicutes|c__Bacilli|o__Lactobacillales|f__Streptococcaceae|g__Streptococcus|s__Streptococcus_mitis|t__SGB8168	0.0	0.00071	0.0	0.0	0.0	0.0	0.0	0.0	0.0	0.0	0.0	0.0	0.0	0.0	0.0	0.0	0.0	0.0	0.0	0.0	0.0	0.0	0.0
k__Bacteria|p__Actinobacteria|c__Actinomycetia|o__Actinomycetales|f__Actinomycetaceae|g__Actinomyces|s__Actinomyces_haliotis|t__SGB61276	0.0	0.00046	0.0	0.0	0.0	0.0	0.0	0.0	0.0	0.0	0.0	0.0	0.0	0.0	0.0	0.0	0.0	0.0	0.0	0.0	0.0	0.0	0.0
k__Bacteria|p__Firmicutes|c__Bacilli|o__Lactobacillales|f__Lactobacillaceae|g__Lentilactobacillus|s__Lentilactobacillus_hilgardii|t__SGB7216	0.0	0.00027	0.0	0.0	0.00121	0.0	0.0	0.00584	0.0007	0.0	0.0	0.00025	0.0	0.0	0.0	0.0	0.0	0.0	0.0	0.0	0.0	0.00641	0.00019
k__Bacteria|p__Proteobacteria|c__Gammaproteobacteria|o__Moraxellales|f__Moraxellaceae|g__Acinetobacter|s__Acinetobacter_soli|t__SGB10374	0.0	0.00023	0.0	0.0	0.0	0.0	0.0	0.0	0.0	0.0	0.0	0.0	0.0	0.0	0.0	0.0	0.0	0.0	0.0	0.0	0.0	0.0	0.0
k__Bacteria|p__Firmicutes|c__Bacilli|o__Bacillales|f__Staphylococcaceae|g__Staphylococcus|s__Staphylococcus_borealis|t__SGB7860	0.0	0.00018	0.0	0.0	0.0	0.0	0.0	0.0	0.0	0.0	0.0	0.0	0.0	0.0	0.0	0.0	0.0	0.0	0.0	0.0	0.0	0.0	0.0
k__Bacteria|p__Firmicutes|c__Bacilli|o__Bacillales|f__Staphylococcaceae|g__Staphylococcus|s__Staphylococcus_pasteuri|t__SGB7855	0.0	0.00015	0.0	3e-05	0.0	0.0	0.0	0.0	0.0	0.0	0.0	0.0	0.0	0.0	0.0	0.0	0.0	0.0	0.0	0.0	0.0	0.0	0.0
k__Bacteria|p__Firmicutes|c__Bacilli|o__Lactobacillales|f__Lactobacillaceae|g__Ligilactobacillus|s__Ligilactobacillus_salivarius|t__SGB7082_group	0.0	6e-05	0.0	0.0	0.0	0.0	0.0	0.0	0.0	0.0	0.0	0.0	0.0	0.0	0.0	0.0	0.0	0.0	0.0	0.0	0.0	0.0	0.0
k__Bacteria|p__Firmicutes|c__Bacilli|o__Lactobacillales|f__Lactobacillaceae|g__Companilactobacillus|s__Companilactobacillus_crustorum|t__SGB7242	0.0	0.0	0.00094	0.0	0.00042	0.0	0.0	0.0	0.00124	0.0	0.0	0.0	0.0	0.0	0.0	0.0	0.00016	0.0005	0.0	0.0	0.0	0.0	0.0
k__Bacteria|p__Bacteroidetes|c__Flavobacteriia|o__Flavobacteriales|f__Weeksellaceae|g__Epilithonimonas|s__Epilithonimonas_bovis|t__SGB2548	0.0	0.0	0.0009	0.0	0.05132	0.0	0.00238	0.00026	0.08433	0.0	0.0	0.0	0.0	0.0	0.0	0.0	0.00188	0.00292	0.0	0.0	0.0	0.0	0.0
k__Bacteria|p__Proteobacteria|c__Alphaproteobacteria|o__Rhodospirillales|f__Acetobacteraceae|g__Acetobacter|s__Acetobacter_tropicalis|t__SGB1204	0.0	0.0	0.00032	0.0	0.00108	0.0	0.0	0.04092	0.0	0.0005	0.0	0.0	0.0	0.0	0.0	0.0	0.0	0.00014	0.00593	0.00373	0.0	0.0	0.00126
k__Bacteria|p__Proteobacteria|c__Alphaproteobacteria|o__Rhodospirillales|f__Acetobacteraceae|g__Komagataeibacter|s__Komagataeibacter_medellinensis|t__SGB1181	0.0	0.0	1e-05	0.0	0.00312	0.0	0.0	0.0	0.0	0.0	0.0	0.0	0.0	0.0	0.0	0.0	0.0	0.0	0.0	0.0	0.0	0.0	0.0
k__Bacteria|p__Actinobacteria|c__Actinomycetia|o__Bifidobacteriales|f__Bifidobacteriaceae|g__Bifidobacterium|s__Bifidobacterium_mongoliense|t__SGB17228	0.0	0.0	0.0	1.50056	0.0	0.0	0.0	0.0	0.0	0.0	0.0	0.0	0.0	0.0	0.0	0.0	0.01485	0.0148	0.0	0.0	0.0	0.00015	0.0
k__Bacteria|p__Proteobacteria|c__Gammaproteobacteria|o__Enterobacterales|f__Enterobacteriaceae|g__Escherichia|s__Escherichia_coli|t__SGB10068	0.0	0.0	0.0	1.48444	8e-05	0.0	0.00037	0.0	0.0	0.0	0.0	0.0	0.00043	0.0	0.0	0.0	0.03312	0.05151	0.0	0.0	0.0	0.0	0.0
k__Bacteria|p__Proteobacteria|c__Gammaproteobacteria|o__Enterobacterales|f__Enterobacteriaceae|g__Enterobacter|s__Enterobacter_kobei|t__SGB10133	0.0	0.0	0.0	1.1835	0.0	0.0	0.0	0.0	0.0	0.0	0.0	0.0	0.0	0.0	0.0	0.0	0.0	0.0002	0.0	0.0	3.40511	0.0	0.0
k__Bacteria|p__Proteobacteria|c__Gammaproteobacteria|o__Aeromonadales|f__Aeromonadaceae|g__Aeromonas|s__Aeromonas_media|t__SGB9956	0.0	0.0	0.0	0.66394	0.0	0.0	0.0	0.0	0.0	0.0	0.0	0.0	0.0	0.0	0.0	0.0	0.0	0.0	0.0	0.0	0.00114	0.0	0.0
k__Bacteria|p__Proteobacteria|c__Gammaproteobacteria|o__Enterobacterales|f__Enterobacteriaceae|g__Klebsiella|s__Klebsiella_variicola|t__SGB10114	0.0	0.0	0.0	0.4102	0.0	0.0	0.0	0.0	0.0	0.0	0.0	0.0	0.0	0.0	0.0	0.0	0.0	0.0	0.0	0.0	0.0	0.0	0.0
k__Bacteria|p__Proteobacteria|c__Gammaproteobacteria|o__Aeromonadales|f__Aeromonadaceae|g__Aeromonas|s__Aeromonas_caviae|t__SGB9955	0.0	0.0	0.0	0.36088	0.0	0.0	0.0	0.0	0.0	0.0	0.0	0.0	0.0	0.0	0.0	0.0	0.0	0.0	0.0	0.0	0.00011	0.0	0.0
k__Bacteria|p__Proteobacteria|c__Gammaproteobacteria|o__Enterobacterales|f__Enterobacteriaceae|g__Leclercia|s__Leclercia_adecarboxylata|t__SGB10147	0.0	0.0	0.0	0.32048	0.0	0.0	0.0	0.0	0.0	0.0	0.0	0.0	0.0	0.0	0.0	0.0	0.0003	0.00069	0.0	0.0	0.0	0.0	0.0
k__Bacteria|p__Proteobacteria|c__Gammaproteobacteria|o__Enterobacterales|f__Enterobacteriaceae|g__Enterobacter|s__Enterobacter_hormaechei|t__SGB10130	0.0	0.0	0.0	0.23412	0.08368	0.0	0.05638	0.0	0.00176	0.0	0.0	6e-05	0.00167	0.0	0.0	0.0	0.10636	0.14085	0.0	0.0	0.57906	0.00081	0.00395
k__Bacteria|p__Proteobacteria|c__Gammaproteobacteria|o__Aeromonadales|f__Aeromonadaceae|g__Aeromonas|s__Aeromonas_media|t__SGB9957	0.0	0.0	0.0	0.21568	0.0	0.0	0.0	0.0	0.0	0.0	0.0	0.0	0.0	0.0	0.03391	0.0	0.0	0.0	0.0	0.0	0.00336	0.0	0.00046
k__Bacteria|p__Proteobacteria|c__Gammaproteobacteria|o__Enterobacterales|f__Enterobacteriaceae|g__Citrobacter|s__Citrobacter_freundii|t__SGB10083	0.0	0.0	0.0	0.12684	0.00169	0.0	0.00157	0.0	0.0	0.0	0.0	0.0	0.0	0.0	0.00028	0.0	0.0264	0.03308	0.0	0.0	0.0	0.0	0.0
k__Bacteria|p__Firmicutes|c__Bacilli|o__Lactobacillales|f__Lactobacillaceae|g__Leuconostoc|s__Leuconostoc_pseudomesenteroides|t__SGB7124	0.0	0.0	0.0	0.10503	0.00188	0.0	0.00099	0.01004	0.00091	0.0	0.0	0.0	0.00084	0.0	0.0	0.0	0.02612	0.03747	0.00043	0.0	0.0	0.00098	0.01388
k__Bacteria|p__Proteobacteria|c__Gammaproteobacteria|o__Enterobacterales|f__Enterobacteriaceae|g__Raoultella|s__Raoultella_ornithinolytica|t__SGB10124	0.0	0.0	0.0	0.06825	0.00409	0.0	0.00149	0.0	0.0	0.0	0.0	0.0	0.0	0.0	0.0	0.0	0.00169	0.00397	0.0	0.0	0.35548	0.00307	0.0
k__Bacteria|p__Firmicutes|c__Bacilli|o__Bacillales|f__Planococcaceae|g__Kurthia|s__Kurthia_gibsonii|t__SGB7515	0.0	0.0	0.0	0.06577	0.0	0.0	0.0	0.0	0.0	0.0	0.0	0.0	0.0	0.0	0.0	0.0	0.0	0.0	0.0	0.0	0.0	0.0	0.0
k__Bacteria|p__Proteobacteria|c__Alphaproteobacteria|o__Rhodospirillales|f__Acetobacteraceae|g__Acetobacter|s__Acetobacter_syzygii|t__SGB1189	0.0	0.0	0.0	0.0632	0.0	0.0	0.0	0.0	0.0	0.0	0.0	0.0	0.0	0.0	0.54465	0.0	0.0	0.0	0.0	0.0	0.0	0.02114	0.0
k__Bacteria|p__Proteobacteria|c__Gammaproteobacteria|o__Enterobacterales|f__Enterobacteriaceae|g__Klebsiella|s__Klebsiella_michiganensis|t__SGB10119	0.0	0.0	0.0	0.04556	0.07969	0.0	0.0	0.0	0.01226	0.0	0.0	0.00288	0.0	0.0	0.00032	0.0	0.0	0.0003	0.0	0.0	0.0629	0.00033	0.0
k__Bacteria|p__Proteobacteria|c__Gammaproteobacteria|o__Enterobacterales|f__Enterobacteriaceae|g__Kluyvera|s__Kluyvera_intermedia|t__SGB31156	0.0	0.0	0.0	0.0429	1.13129	0.0	0.82319	0.0	0.00117	0.0	0.0	0.0	0.0	0.0	0.00113	0.0	0.0	0.0	0.0	0.0	0.6942	0.0	0.01318
k__Bacteria|p__Proteobacteria|c__Gammaproteobacteria|o__Enterobacterales|f__Enterobacteriaceae|g__Citrobacter|s__Citrobacter_braakii|t__SGB10086	0.0	0.0	0.0	0.03063	0.08506	0.0	0.09682	0.0	0.00579	0.0	0.0	0.0	0.0	0.0	0.0	0.0	0.0	0.0	0.0	0.0	0.37077	0.00204	0.00337
k__Bacteria|p__Proteobacteria|c__Gammaproteobacteria|o__Aeromonadales|f__Aeromonadaceae|g__Aeromonas|s__Aeromonas_veronii|t__SGB9947	0.0	0.0	0.0	0.02203	0.0	0.0	0.0	0.0	0.0	0.0	0.0	0.0	0.0	0.0	0.0	0.0	0.0	0.0	0.0	0.0	0.0	0.0	0.0
k__Bacteria|p__Proteobacteria|c__Gammaproteobacteria|o__Enterobacterales|f__Enterobacteriaceae|g__Klebsiella|s__Klebsiella_oxytoca|t__SGB10118	0.0	0.0	0.0	0.01648	0.00313	0.0	0.0	0.0	0.0021	0.0	0.0	0.0	0.0	0.0	0.0	0.0	0.0	0.0	0.0	0.0	0.00929	0.0	0.0
k__Bacteria|p__Proteobacteria|c__Gammaproteobacteria|o__Pseudomonadales|f__Pseudomonadaceae|g__Pseudomonas|s__Pseudomonas_putida|t__SGB12293	0.0	0.0	0.0	0.01423	0.0	0.0	0.0	0.0	0.0	0.0	0.0	0.0	0.0	0.0	0.00012	0.0	0.0	0.0	0.0	0.0	0.0	0.0	0.0
k__Bacteria|p__Firmicutes|c__Bacilli|o__Lactobacillales|f__Lactobacillaceae|g__Lacticaseibacillus|s__Lacticaseibacillus_paracasei|t__SGB7142_group	0.0	0.0	0.0	0.01106	0.00451	0.0	0.00216	0.03226	0.00308	0.00097	0.0	0.0	0.0	0.0	0.0	0.0	0.00166	0.00451	0.0	0.0	0.00024	0.00299	0.00076
k__Bacteria|p__Firmicutes|c__Bacilli|o__Lactobacillales|f__Enterococcaceae|g__Enterococcus|s__Enterococcus_italicus|t__SGB7973	0.0	0.0	0.0	0.00805	0.03089	0.0	2e-05	0.0	0.04596	0.0	0.0	0.0	0.0	0.0	0.0	0.0	0.00719	0.01307	0.0	0.0	0.00249	0.0	0.0
k__Bacteria|p__Proteobacteria|c__Gammaproteobacteria|o__Aeromonadales|f__Aeromonadaceae|g__Aeromonas|s__Aeromonas_allosaccharophila|t__SGB9946	0.0	0.0	0.0	0.00791	0.0	0.0	0.0	0.0	0.0	0.0	0.0	0.0	0.0	0.0	0.0	0.0	0.0	0.0	0.0	0.0	0.0	0.0	0.0
k__Bacteria|p__Proteobacteria|c__Gammaproteobacteria|o__Aeromonadales|f__Aeromonadaceae|g__Aeromonas|s__Aeromonas_salmonicida|t__SGB9951	0.0	0.0	0.0	0.00701	0.0	0.0	0.0	0.0	0.0	0.0	0.0	0.0	0.0	0.0	0.0	0.0	0.0	0.0	0.0	0.0	0.0	0.00141	0.0
k__Bacteria|p__Proteobacteria|c__Gammaproteobacteria|o__Enterobacterales|f__Enterobacteriaceae|g__Lelliottia|s__Lelliottia_amnigena|t__SGB10146	0.0	0.0	0.0	0.00606	0.0	0.0	0.0	0.0	0.0	0.0	0.0	0.0	0.0	0.0	0.0	0.0	0.0	0.0	0.0	0.0	0.0	0.0	0.0
k__Bacteria|p__Proteobacteria|c__Gammaproteobacteria|o__Moraxellales|f__Moraxellaceae|g__Acinetobacter|s__Acinetobacter_guillouiae|t__SGB10380	0.0	0.0	0.0	0.00537	0.00417	0.0	0.00531	0.0	0.0	0.0	0.0	0.0	0.0	0.0	0.00023	0.00355	0.0	0.0	0.0	0.0	0.0	0.0	0.00083
k__Bacteria|p__Proteobacteria|c__Gammaproteobacteria|o__Moraxellales|f__Moraxellaceae|g__Acinetobacter|s__Acinetobacter_pittii|t__SGB10346	0.0	0.0	0.0	0.00534	0.0018	0.0	0.0	0.0	0.0	0.0	0.0	0.0	0.0	0.0	0.0	0.0	0.0	0.0	0.0	0.0	0.0	0.0	0.0
k__Bacteria|p__Proteobacteria|c__Alphaproteobacteria|o__Rhodospirillales|f__Acetobacteraceae|g__Acetobacter|s__Acetobacter_SGB92972|t__SGB92972	0.0	0.0	0.0	0.00432	0.00728	0.0	0.00048	0.0	4e-05	0.0	0.0	0.0	0.2026	0.0	0.0	0.0	0.0	0.0	0.0	0.0	0.0	0.0	0.0
k__Bacteria|p__Firmicutes|c__Bacilli|o__Lactobacillales|f__Enterococcaceae|g__Enterococcus|s__Enterococcus_casseliflavus|t__SGB7952	0.0	0.0	0.0	0.00275	0.0	0.0	0.0	0.0	0.0	0.0	0.0	0.0	0.0	0.0	0.0	0.0	0.0	0.0	0.0	0.0	0.0	0.0	0.0
k__Bacteria|p__Firmicutes|c__Bacilli|o__Lactobacillales|f__Streptococcaceae|g__Lactococcus|s__Lactococcus_cremoris|t__SGB7984	0.0	0.0	0.0	0.00246	0.0	0.0	0.0	0.0	0.0	0.0	0.0	0.0	5.21346	0.0	0.0	0.0	0.0	0.0	0.0	0.0	0.0	0.0	0.0
k__Bacteria|p__Firmicutes|c__Bacilli|o__Bacillales|f__Bacillales_unclassified|g__Exiguobacterium|s__Exiguobacterium_acetylicum|t__SGB8326	0.0	0.0	0.0	0.002	0.0	0.0	0.0	0.0	0.0	0.0	0.0	0.0	0.0	0.0	0.0	0.0	0.0	0.0	0.0	0.0	0.0	0.0	0.00094
k__Bacteria|p__Firmicutes|c__Bacilli|o__Lactobacillales|f__Lactobacillaceae|g__Lentilactobacillus|s__Lentilactobacillus_otakiensis|t__SGB7218	0.0	0.0	0.0	0.00142	0.0	0.0	0.0	0.0	0.0	0.0	0.0	0.0	0.0	0.0	0.0	0.0	0.0	0.0	0.0	0.0	0.0	0.0	0.0
k__Bacteria|p__Proteobacteria|c__Betaproteobacteria|o__Burkholderiales|f__Comamonadaceae|g__Comamonas|s__Comamonas_aquatica|t__SGB12677	0.0	0.0	0.0	0.00119	0.0	0.0	0.0	0.0	0.0	0.0	0.0	0.0	0.0	0.0	0.0	0.0	0.0	0.0	0.0	0.0	0.0	0.0	0.0
k__Bacteria|p__Firmicutes|c__Bacilli|o__Lactobacillales|f__Enterococcaceae|g__Vagococcus|s__Vagococcus_martis|t__SGB7916	0.0	0.0	0.0	0.00089	0.0	0.0	0.0	0.0	0.0	0.0	0.0	0.0	0.0	0.0	0.0	0.0	0.0	0.0	0.0	0.0	0.0	0.0	0.0
k__Bacteria|p__Firmicutes|c__Bacilli|o__Lactobacillales|f__Enterococcaceae|g__Enterococcus|s__Enterococcus_faecium|t__SGB7968	0.0	0.0	0.0	0.00078	0.00204	0.0	0.00535	0.0	0.0	0.00341	0.0	0.0	0.0	0.0	0.0	0.0	0.0	0.0	0.0	0.0	0.0	0.0	0.00049
k__Bacteria|p__Firmicutes|c__Bacilli|o__Lactobacillales|f__Streptococcaceae|g__Streptococcus|s__Streptococcus_ruminantium|t__SGB29819	0.0	0.0	0.0	0.0007	0.0	0.0	0.0	0.0	0.0	0.0	0.0	0.0	0.0	0.0	0.0	0.0	0.0	0.0	0.0	0.0	0.0	0.0	0.0
k__Bacteria|p__Proteobacteria|c__Gammaproteobacteria|o__Enterobacterales|f__Enterobacteriaceae|g__Raoultella|s__Raoultella_terrigena|t__SGB10122	0.0	0.0	0.0	0.00058	0.03085	0.0	0.02995	0.0	0.0	0.0	0.0	0.0	0.0	0.0	0.0	0.0	0.0	0.0	0.0	0.0	0.0	0.0	0.00292
k__Bacteria|p__Proteobacteria|c__Gammaproteobacteria|o__Enterobacterales|f__Enterobacteriaceae|g__Enterobacter|s__Enterobacter_sp_FS01|t__SGB23259	0.0	0.0	0.0	0.00052	0.0	0.0	0.0	0.0	0.0	0.0	0.0	0.0	0.0	0.0	0.0	0.0	0.0	0.0	0.0	0.0	0.0	0.0	0.0
k__Bacteria|p__Firmicutes|c__Bacilli|o__Lactobacillales|f__Streptococcaceae|g__Streptococcus|s__Streptococcus_uberis|t__SGB8224	0.0	0.0	0.0	0.00042	0.0	0.0	0.0	0.0	0.0	0.0	0.0	0.0	0.0	0.0	0.0	0.0	0.0	0.0	0.0	0.0	0.0	0.0	0.0
k__Bacteria|p__Proteobacteria|c__Gammaproteobacteria|o__Enterobacterales|f__Enterobacteriaceae|g__Leclercia|s__Leclercia_adecarboxylata|t__SGB38386	0.0	0.0	0.0	0.00026	0.0	0.0	0.0	0.0	0.0	0.0	0.0	0.0	0.0	0.0	0.0	0.0	0.0	0.0	0.0	0.0	0.0	0.0	0.0
k__Bacteria|p__Firmicutes|c__Bacilli|o__Lactobacillales|f__Lactobacillaceae|g__Leuconostoc|s__Leuconostoc_pseudomesenteroides|t__SGB69408	0.0	0.0	0.0	0.00019	0.00161	0.0	0.0	0.0	0.0	0.00058	0.0	0.0	0.0	0.0	0.0	0.0	0.0168	0.02799	0.0	0.00143	0.0	0.0	0.0
k__Bacteria|p__Proteobacteria|c__Gammaproteobacteria|o__Enterobacterales|f__Enterobacteriaceae|g__Kluyvera|s__Kluyvera_ascorbata|t__SGB10107	0.0	0.0	0.0	0.0001	0.0	0.0	0.0	0.0	0.0	0.0	0.0	0.0	0.0	0.0	0.0	0.0	0.0	0.0	0.0	0.0	0.0	0.0	0.0
k__Bacteria|p__Firmicutes|c__Bacilli|o__Lactobacillales|f__Enterococcaceae|g__Enterococcus|s__Enterococcus_mundtii|t__SGB7963	0.0	0.0	0.0	2e-05	0.0	0.0	0.0	0.0	0.0	0.0	0.0	0.0	0.0	0.0	0.0	0.0	0.0	0.0	0.0	0.0	0.0	0.0	0.0
k__Bacteria|p__Proteobacteria|c__Gammaproteobacteria|o__Enterobacterales|f__Enterobacteriaceae|g__Klebsiella|s__Klebsiella_pneumoniae|t__SGB10115_group	0.0	0.0	0.0	0.0	0.14065	0.0	0.0	0.0	0.04132	0.0	0.0	0.0	0.0	0.0	0.0	0.0	8e-05	0.00084	0.0	0.0	0.0	0.0	0.0
k__Bacteria|p__Actinobacteria|c__Actinomycetia|o__Micrococcales|f__Dermabacteraceae|g__Brachybacterium|s__Brachybacterium_nesterenkovii|t__SGB16658	0.0	0.0	0.0	0.0	0.02282	0.0	0.0	0.0	0.0239	0.0	0.0	0.0	0.0	0.0	0.0	0.0	0.0	3e-05	0.0	0.0	0.0	0.0	0.0
k__Bacteria|p__Proteobacteria|c__Gammaproteobacteria|o__Moraxellales|f__Moraxellaceae|g__Acinetobacter|s__Acinetobacter_ursingii|t__SGB10372	0.0	0.0	0.0	0.0	0.00163	6e-05	0.00102	0.0	0.00061	0.0	0.0	0.0	0.0	0.0	0.0	0.0	0.0	0.0	0.0	0.0	0.0	0.0	0.00029
k__Bacteria|p__Firmicutes|c__Bacilli|o__Lactobacillales|f__Streptococcaceae|g__Streptococcus|s__Streptococcus_suis|t__SGB8209	0.0	0.0	0.0	0.0	0.00154	0.0	0.0	0.0	0.0	0.0	0.0	0.0	0.00129	0.0	0.00037	0.00069	0.0	0.0	0.0	0.0	0.0	0.0	0.00148
k__Bacteria|p__Actinobacteria|c__Actinomycetia|o__Micrococcales|f__Microbacteriaceae|g__Microbacterium|s__Microbacterium_paulum|t__SGB93166	0.0	0.0	0.0	0.0	0.00099	0.0	0.0	0.0	0.00577	0.0	0.0	0.0	0.0	0.0	0.0	0.0	0.0	0.0	0.0	0.0	0.0	0.0	0.0
k__Bacteria|p__Actinobacteria|c__Actinomycetia|o__Bifidobacteriales|f__Bifidobacteriaceae|g__Bifidobacterium|s__Bifidobacterium_crudilactis|t__SGB33632	0.0	0.0	0.0	0.0	0.00061	0.0	0.0	0.0	0.0	0.0	0.0	0.0	0.0	0.0	0.0	0.0	0.0	0.0	0.0	0.0	0.0	0.0	0.0026
k__Bacteria|p__Proteobacteria|c__Gammaproteobacteria|o__Enterobacterales|f__Enterobacteriaceae|g__Buttiauxella|s__Buttiauxella_noackiae|t__SGB10039	0.0	0.0	0.0	0.0	0.00059	0.0	0.00229	0.0	0.0	0.0	0.0	0.0	0.0	0.0	0.0	0.0	0.0	0.0	0.0	0.0	0.0	0.0	0.0
k__Bacteria|p__Deinococcus_Thermus|c__Deinococci|o__Thermales|f__Thermaceae|g__Thermus|s__Thermus_thermophilus|t__SGB17566	0.0	0.0	0.0	0.0	0.00032	0.0	0.0	0.0	0.0	0.0	0.0	0.0	0.0	0.0	0.0	0.0	0.0	0.0	0.0	0.0	0.0	0.00093	0.0
k__Bacteria|p__Proteobacteria|c__Gammaproteobacteria|o__Pasteurellales|f__Pasteurellaceae|g__Nicoletella|s__Nicoletella_semolina|t__SGB30997	0.0	0.0	0.0	0.0	0.00028	0.0	0.0	0.0	0.00012	0.0	0.0	0.0	0.0	0.0	0.0	0.0	0.0	0.0	0.0	0.0	0.0	0.0	0.0
k__Bacteria|p__Actinobacteria|c__CFGB64728|o__OFGB64728|f__FGB64728|g__GGB71906|s__GGB71906_SGB98924|t__SGB98924	0.0	0.0	0.0	0.0	0.0002	0.0	0.0	0.0	0.00025	0.0	0.0	0.0	0.0	0.0	0.0	0.0	0.0	0.0	0.0	0.0	0.0	0.0	0.0
k__Bacteria|p__Proteobacteria|c__Gammaproteobacteria|o__Pseudomonadales|f__Pseudomonadaceae|g__Pseudomonas|s__Pseudomonas_fulva|t__SGB12272	0.0	0.0	0.0	0.0	8e-05	0.0	0.0	0.0	0.0	0.0	0.0	0.0	0.0	0.0	0.0	0.0	0.0	0.0	0.0	0.0	0.0	0.0	0.0
k__Bacteria|p__Firmicutes|c__Bacilli|o__Lactobacillales|f__Lactobacillaceae|g__Limosilactobacillus|s__Limosilactobacillus_fermentum|t__SGB7106	0.0	0.0	0.0	0.0	0.0	0.01302	0.0	0.0	0.0	0.0	0.0	0.0	0.0	0.0	0.0	0.0	0.0	0.0	0.0	0.0	0.0	0.0	0.03658
k__Bacteria|p__Proteobacteria|c__Deltaproteobacteria|o__Desulfuromonadales|f__Geobacteraceae|g__Geobacter|s__Geobacter_sulfurreducens|t__SGB8873	0.0	0.0	0.0	0.0	0.0	0.00044	0.0	0.0	0.0	0.0	0.0	0.0	0.0	0.0	0.0	0.0	0.0	0.0	0.0	0.0	0.0	0.0	0.0
k__Bacteria|p__Bacteroidetes|c__Flavobacteriia|o__Flavobacteriales|f__Weeksellaceae|g__Cloacibacterium|s__Cloacibacterium_normanense|t__SGB2534	0.0	0.0	0.0	0.0	0.0	0.0	8e-05	0.0	0.0	0.0	0.0	0.0	0.0	0.0	0.0	0.0	0.0	0.0	0.0	0.0	0.0	0.0	0.0026
k__Bacteria|p__Actinobacteria|c__Actinomycetia|o__Micrococcales|f__Micrococcaceae|g__Kocuria|s__Kocuria_varians|t__SGB35116	0.0	0.0	0.0	0.0	0.0	0.0	0.0	0.00733	0.0	0.02913	0.0	0.0	0.0	0.0	0.0	0.0	0.0	0.0	0.0	0.0	0.0	0.0041	0.0
k__Bacteria|p__Firmicutes|c__Bacilli|o__Lactobacillales|f__Lactobacillaceae|g__Lactobacillus|s__Lactobacillus_delbrueckii|t__SGB7020_group	0.0	0.0	0.0	0.0	0.0	0.0	0.0	0.0032	0.00012	0.00056	0.0	0.0	0.0	0.0	0.0	0.0	0.0	0.0	0.0	0.0	0.0	0.0	0.0
k__Bacteria|p__Firmicutes|c__Bacilli|o__Bacillales|f__Staphylococcaceae|g__Staphylococcus|s__Staphylococcus_equorum|t__SGB7843	0.0	0.0	0.0	0.0	0.0	0.0	0.0	0.00025	0.0	0.0	0.0	0.0	0.0	0.0	0.0	0.0	0.0	0.0	0.0	0.0	0.0	0.0	0.0
k__Bacteria|p__Actinobacteria|c__Actinomycetia|o__Corynebacteriales|f__Corynebacteriaceae|g__Corynebacterium|s__Corynebacterium_flavescens|t__SGB17096	0.0	0.0	0.0	0.0	0.0	0.0	0.0	0.0	0.00135	0.0	0.0	0.0	0.0	0.0	0.0	0.0	0.0	0.0	0.0	0.0	0.0	0.0	0.0
k__Bacteria|p__Proteobacteria|c__Gammaproteobacteria|o__Moraxellales|f__Moraxellaceae|g__Acinetobacter|s__Acinetobacter_baumannii|t__SGB10343	0.0	0.0	0.0	0.0	0.0	0.0	0.0	0.0	0.00018	0.0	0.0	0.0	0.0	0.0	0.0	0.0	0.00431	0.00601	0.0	0.0	0.0	0.0	0.0
k__Bacteria|p__Bacteroidetes|c__Flavobacteriia|o__Flavobacteriales|f__Weeksellaceae|g__Chryseobacterium|s__Chryseobacterium_timonianum|t__SGB28188	0.0	0.0	0.0	0.0	0.0	0.0	0.0	0.0	0.00012	0.0	0.0	0.0	0.0	0.0	0.0	0.0	0.0	0.0	0.0	0.0	0.0055	0.0	0.0
k__Bacteria|p__Firmicutes|c__Bacilli|o__Lactobacillales|f__Streptococcaceae|g__Streptococcus|s__Streptococcus_equi|t__SGB8214	0.0	0.0	0.0	0.0	0.0	0.0	0.0	0.0	0.0	0.00144	0.0	0.0	0.0	0.0	0.0	0.0	0.0	0.0	0.0	0.0	0.0	0.0	0.0
k__Bacteria|p__Firmicutes|c__Clostridia|o__Eubacteriales|f__Lachnospiraceae|g__Blautia|s__Blautia_wexlerae|t__SGB4837	0.0	0.0	0.0	0.0	0.0	0.0	0.0	0.0	0.0	2e-05	0.0	0.0	0.0	0.0	0.0	0.0	0.0	0.0	0.0	0.0	0.0	0.0	0.0
k__Bacteria|p__Proteobacteria|c__Alphaproteobacteria|o__Rhodobacterales|f__Roseobacteraceae|g__Roseobacter|s__Roseobacter_denitrificans|t__SGB10547	0.0	0.0	0.0	0.0	0.0	0.0	0.0	0.0	0.0	0.0	0.00064	0.0	0.0	0.0	0.0	0.0	0.0	0.0	0.0	0.0	0.0	0.00119	0.00022
k__Bacteria|p__Firmicutes|c__Bacilli|o__Lactobacillales|f__Lactobacillaceae|g__Weissella|s__Weissella_cibaria|t__SGB7114	0.0	0.0	0.0	0.0	0.0	0.0	0.0	0.0	0.0	0.0	0.0	0.00049	0.0	0.0	0.0	0.0	0.0	0.0	0.0	0.0	0.0	0.0	0.0
k__Bacteria|p__Proteobacteria|c__Gammaproteobacteria|o__Pasteurellales|f__Pasteurellaceae|g__Pasteurella|s__Pasteurella_multocida|t__SGB9762	0.0	0.0	0.0	0.0	0.0	0.0	0.0	0.0	0.0	0.0	0.0	0.0	0.00131	0.0	0.0	0.0	0.0	0.0	0.0	0.0	0.0	0.0	0.0
k__Bacteria|p__Firmicutes|c__Bacilli|o__Lactobacillales|f__Streptococcaceae|g__Lactococcus|s__Lactococcus_laudensis|t__SGB7991	0.0	0.0	0.0	0.0	0.0	0.0	0.0	0.0	0.0	0.0	0.0	0.0	0.00039	0.0	0.0	0.0	0.0	0.0	0.0	0.0	0.0	0.0	0.0
k__Bacteria|p__Proteobacteria|c__Gammaproteobacteria|o__Pasteurellales|f__Pasteurellaceae|g__Mannheimia|s__Mannheimia_pernigra|t__SGB81685	0.0	0.0	0.0	0.0	0.0	0.0	0.0	0.0	0.0	0.0	0.0	0.0	9e-05	0.0	0.0	0.0	0.0	0.0	0.0	0.0	0.0	0.0	0.0
k__Bacteria|p__Firmicutes|c__Clostridia|o__Eubacteriales|f__Clostridiaceae|g__Clostridium|s__Clostridium_intestinale|t__SGB6157	0.0	0.0	0.0	0.0	0.0	0.0	0.0	0.0	0.0	0.0	0.0	0.0	0.0	0.0	0.0747	0.0	0.0	0.0	0.0	0.0	0.0	0.0	0.0
k__Bacteria|p__Proteobacteria|c__Gammaproteobacteria|o__Pseudomonadales|f__Pseudomonadaceae|g__Pseudomonas|s__Pseudomonas_protegens|t__SGB12188	0.0	0.0	0.0	0.0	0.0	0.0	0.0	0.0	0.0	0.0	0.0	0.0	0.0	0.0	0.04434	0.0	0.0	0.0	0.0	0.0	0.0	0.0	0.0
k__Bacteria|p__Proteobacteria|c__Gammaproteobacteria|o__Enterobacterales|f__Hafniaceae|g__Hafnia|s__Hafnia_alvei|t__SGB10209	0.0	0.0	0.0	0.0	0.0	0.0	0.0	0.0	0.0	0.0	0.0	0.0	0.0	0.0	0.01005	0.0	0.0	0.0	0.0	0.0	0.0	0.0	0.0
k__Bacteria|p__Proteobacteria|c__Gammaproteobacteria|o__Xanthomonadales|f__Xanthomonadaceae|g__Stenotrophomonas|s__Stenotrophomonas_maltophilia|t__SGB12460	0.0	0.0	0.0	0.0	0.0	0.0	0.0	0.0	0.0	0.0	0.0	0.0	0.0	0.0	0.00675	0.0	0.0	0.0	0.0	0.0	0.0	0.0	0.0
k__Bacteria|p__Proteobacteria|c__Gammaproteobacteria|o__Pseudomonadales|f__Pseudomonadaceae|g__Pseudomonas|s__Pseudomonas_lundensis|t__SGB12101	0.0	0.0	0.0	0.0	0.0	0.0	0.0	0.0	0.0	0.0	0.0	0.0	0.0	0.0	0.00637	0.0	0.0	0.0	0.0	0.0	0.0	0.0	0.0
k__Bacteria|p__Bacteroidetes|c__Flavobacteriia|o__Flavobacteriales|f__Weeksellaceae|g__Chryseobacterium|s__Chryseobacterium_carnipullorum|t__SGB2594	0.0	0.0	0.0	0.0	0.0	0.0	0.0	0.0	0.0	0.0	0.0	0.0	0.0	0.0	0.00513	0.0	0.0	0.0	0.0	0.0	0.0	0.0	0.0
k__Bacteria|p__Proteobacteria|c__Gammaproteobacteria|o__Xanthomonadales|f__Xanthomonadaceae|g__Stenotrophomonas|s__Stenotrophomonas_maltophilia|t__SGB12459	0.0	0.0	0.0	0.0	0.0	0.0	0.0	0.0	0.0	0.0	0.0	0.0	0.0	0.0	0.00321	0.0	0.0	0.0	0.0	0.0	0.0	0.0	0.0
k__Bacteria|p__Proteobacteria|c__Gammaproteobacteria|o__Enterobacterales|f__Enterobacteriaceae|g__Enterobacter|s__Enterobacter_cloacae|t__SGB10102	0.0	0.0	0.0	0.0	0.0	0.0	0.0	0.0	0.0	0.0	0.0	0.0	0.0	0.0	0.00126	0.0	0.0	0.0	0.0	0.0	0.0	0.0	0.0
k__Bacteria|p__Proteobacteria|c__Gammaproteobacteria|o__Pseudomonadales|f__Pseudomonadaceae|g__Pseudomonas|s__Pseudomonas_putida|t__SGB12290	0.0	0.0	0.0	0.0	0.0	0.0	0.0	0.0	0.0	0.0	0.0	0.0	0.0	0.0	0.00098	0.0	0.0	0.0	0.0	0.0	0.0	0.0	0.0
k__Bacteria|p__Proteobacteria|c__Gammaproteobacteria|o__Pseudomonadales|f__Pseudomonadaceae|g__Pseudomonas|s__Pseudomonas_fluorescens|t__SGB12127	0.0	0.0	0.0	0.0	0.0	0.0	0.0	0.0	0.0	0.0	0.0	0.0	0.0	0.0	0.00049	0.0	0.0	0.0	0.0	0.0	0.0	0.0	0.0
k__Bacteria|p__Firmicutes|c__Clostridia|o__Eubacteriales|f__Lachnospiraceae|g__Anaerotignum|s__Anaerotignum_propionicum|t__SGB5185	0.0	0.0	0.0	0.0	0.0	0.0	0.0	0.0	0.0	0.0	0.0	0.0	0.0	0.0	0.00048	0.0	0.0	0.0	0.0	0.0	0.0	0.0	0.0
k__Bacteria|p__Proteobacteria|c__Gammaproteobacteria|o__Enterobacterales|f__Enterobacteriaceae|g__Lelliottia|s__Lelliottia_amnigena|t__SGB10142	0.0	0.0	0.0	0.0	0.0	0.0	0.0	0.0	0.0	0.0	0.0	0.0	0.0	0.0	0.00041	0.0	0.0	0.0	0.0	0.0	0.0	0.0	0.0
k__Bacteria|p__Proteobacteria|c__Gammaproteobacteria|o__Moraxellales|f__Moraxellaceae|g__Psychrobacter|s__Psychrobacter_sanguinis|t__SGB10442	0.0	0.0	0.0	0.0	0.0	0.0	0.0	0.0	0.0	0.0	0.0	0.0	0.0	0.0	0.00027	0.0	0.0	0.0	0.0	0.0	0.0	0.0	0.0
k__Bacteria|p__Proteobacteria|c__Gammaproteobacteria|o__Moraxellales|f__Moraxellaceae|g__Acinetobacter|s__Acinetobacter_beijerinckii|t__SGB10371	0.0	0.0	0.0	0.0	0.0	0.0	0.0	0.0	0.0	0.0	0.0	0.0	0.0	0.0	0.00018	0.0	0.0	0.0	0.0	0.0	0.0	0.0	0.0
k__Bacteria|p__Deinococcus_Thermus|c__Deinococci|o__Deinococcales|f__Deinococcaceae|g__Deinococcus|s__Deinococcus_sp_LM3|t__SGB17543	0.0	0.0	0.0	0.0	0.0	0.0	0.0	0.0	0.0	0.0	0.0	0.0	0.0	0.0	0.00015	0.0	0.0	0.0	0.0	0.0	0.0	0.0	0.0
k__Bacteria|p__Firmicutes|c__Clostridia|o__Eubacteriales|f__Clostridiaceae|g__Clostridium|s__Clostridium_sp_12_A|t__SGB4730	0.0	0.0	0.0	0.0	0.0	0.0	0.0	0.0	0.0	0.0	0.0	0.0	0.0	0.0	0.00013	0.0	0.0	0.0	0.0	0.0	0.0	0.0	0.0
k__Bacteria|p__Firmicutes|c__Bacilli|o__Lactobacillales|f__Enterococcaceae|g__Enterococcus|s__Enterococcus_gallinarum|t__SGB7951	0.0	0.0	0.0	0.0	0.0	0.0	0.0	0.0	0.0	0.0	0.0	0.0	0.0	0.0	3e-05	0.0	0.0	0.0	0.0	0.0	0.0	0.0	0.0
k__Bacteria|p__Proteobacteria|c__Gammaproteobacteria|o__Moraxellales|f__Moraxellaceae|g__Acinetobacter|s__Acinetobacter_albensis|t__SGB10396	0.0	0.0	0.0	0.0	0.0	0.0	0.0	0.0	0.0	0.0	0.0	0.0	0.0	0.0	0.0	0.0038	0.0	0.0	0.0	0.0	0.0	0.0	0.0
k__Bacteria|p__Proteobacteria|c__Gammaproteobacteria|o__Pseudomonadales|f__Pseudomonadaceae|g__Pseudomonas|s__Pseudomonas_putida|t__SGB12266	0.0	0.0	0.0	0.0	0.0	0.0	0.0	0.0	0.0	0.0	0.0	0.0	0.0	0.0	0.0	0.00116	0.0	0.0	0.0	0.0	0.0	0.0	0.0
k__Bacteria|p__Firmicutes|c__Bacilli|o__Lactobacillales|f__Streptococcaceae|g__Streptococcus|s__Streptococcus_parauberis|t__SGB8228	0.0	0.0	0.0	0.0	0.0	0.0	0.0	0.0	0.0	0.0	0.0	0.0	0.0	0.0	0.0	0.0	0.31973	0.31817	0.0	0.0	6.14443	0.0	0.0
k__Bacteria|p__Firmicutes|c__Bacilli|o__Bacillales|f__Staphylococcaceae|g__Staphylococcus|s__Staphylococcus_haemolyticus|t__SGB7861	0.0	0.0	0.0	0.0	0.0	0.0	0.0	0.0	0.0	0.0	0.0	0.0	0.0	0.0	0.0	0.0	0.0029	0.00254	0.0	0.0	0.04482	0.0	0.0
k__Bacteria|p__Bacteroidetes|c__Flavobacteriia|o__Flavobacteriales|f__Weeksellaceae|g__Chryseobacterium|s__Chryseobacterium_indologenes|t__SGB2570	0.0	0.0	0.0	0.0	0.0	0.0	0.0	0.0	0.0	0.0	0.0	0.0	0.0	0.0	0.0	0.0	0.00084	0.00275	0.0	0.0	0.0	0.0	0.0
k__Bacteria|p__Firmicutes|c__Bacilli|o__Lactobacillales|f__Lactobacillaceae|g__Levilactobacillus|s__Levilactobacillus_brevis|t__SGB7196_group	0.0	0.0	0.0	0.0	0.0	0.0	0.0	0.0	0.0	0.0	0.0	0.0	0.0	0.0	0.0	0.0	0.00034	0.00029	0.0	0.00157	0.0	0.0	0.0
k__Bacteria|p__Proteobacteria|c__Gammaproteobacteria|o__Enterobacterales|f__Erwiniaceae|g__Pantoea|s__Pantoea_eucrina|t__SGB10168	0.0	0.0	0.0	0.0	0.0	0.0	0.0	0.0	0.0	0.0	0.0	0.0	0.0	0.0	0.0	0.0	0.00011	0.00131	0.0	0.0	0.0	0.0	0.0
k__Bacteria|p__Actinobacteria|c__Actinomycetia|o__Micrococcales|f__Micrococcaceae|g__Kocuria|s__Kocuria_rhizophila|t__SGB16671	0.0	0.0	0.0	0.0	0.0	0.0	0.0	0.0	0.0	0.0	0.0	0.0	0.0	0.0	0.0	0.0	5e-05	0.0003	0.0	0.0	0.0	0.0	0.0
k__Bacteria|p__Proteobacteria|c__Gammaproteobacteria|o__Pseudomonadales|f__Pseudomonadaceae|g__Pseudomonas|s__Pseudomonas_putida|t__SGB12280	0.0	0.0	0.0	0.0	0.0	0.0	0.0	0.0	0.0	0.0	0.0	0.0	0.0	0.0	0.0	0.0	0.0	3e-05	0.0	0.0	0.0	0.0	0.0
k__Bacteria|p__Bacteroidetes|c__Flavobacteriia|o__Flavobacteriales|f__Weeksellaceae|g__Empedobacter|s__Empedobacter_brevis|t__SGB28071	0.0	0.0	0.0	0.0	0.0	0.0	0.0	0.0	0.0	0.0	0.0	0.0	0.0	0.0	0.0	0.0	0.0	0.0	0.00314	0.0	0.0	0.0	0.0
k__Bacteria|p__Proteobacteria|c__Alphaproteobacteria|o__Rhodospirillales|f__Acetobacteraceae|g__Acetobacter|s__Acetobacter_cibinongensis|t__SGB1188	0.0	0.0	0.0	0.0	0.0	0.0	0.0	0.0	0.0	0.0	0.0	0.0	0.0	0.0	0.0	0.0	0.0	0.0	0.00037	0.0	0.0	0.0	0.0
k__Bacteria|p__Actinobacteria|c__Actinomycetia|o__Bifidobacteriales|f__Bifidobacteriaceae|g__Bifidobacterium|s__Bifidobacterium_psychraerophilum|t__SGB17227	0.0	0.0	0.0	0.0	0.0	0.0	0.0	0.0	0.0	0.0	0.0	0.0	0.0	0.0	0.0	0.0	0.0	0.0	0.00012	0.0	0.0	0.0	0.0
k__Bacteria|p__Proteobacteria|c__Gammaproteobacteria|o__Enterobacterales|f__Erwiniaceae|g__Rosenbergiella|s__Rosenbergiella_epipactidis|t__SGB10292	0.0	0.0	0.0	0.0	0.0	0.0	0.0	0.0	0.0	0.0	0.0	0.0	0.0	0.0	0.0	0.0	0.0	0.0	0.0	0.00613	0.0	0.0	0.0
k__Bacteria|p__Proteobacteria|c__Gammaproteobacteria|o__Enterobacterales|f__Erwiniaceae|g__Erwinia|s__Erwinia_gerundensis|t__SGB10195	0.0	0.0	0.0	0.0	0.0	0.0	0.0	0.0	0.0	0.0	0.0	0.0	0.0	0.0	0.0	0.0	0.0	0.0	0.0	0.00048	0.0	0.0	0.0
k__Bacteria|p__Proteobacteria|c__Gammaproteobacteria|o__Enterobacterales|f__Yersiniaceae|g__Rahnella|s__Rahnella_inusitata|t__SGB31286	0.0	0.0	0.0	0.0	0.0	0.0	0.0	0.0	0.0	0.0	0.0	0.0	0.0	0.0	0.0	0.0	0.0	0.0	0.0	2e-05	0.0	0.0	0.0
k__Bacteria|p__Proteobacteria|c__Gammaproteobacteria|o__Enterobacterales|f__Enterobacteriaceae|g__Citrobacter|s__Citrobacter_sp_RHBSTW_00671|t__SGB58199	0.0	0.0	0.0	0.0	0.0	0.0	0.0	0.0	0.0	0.0	0.0	0.0	0.0	0.0	0.0	0.0	0.0	0.0	0.0	0.0	1.7364	0.0	0.0
k__Bacteria|p__Firmicutes|c__Bacilli|o__Bacillales|f__Staphylococcaceae|g__Staphylococcus|s__Staphylococcus_succinus|t__SGB7842	0.0	0.0	0.0	0.0	0.0	0.0	0.0	0.0	0.0	0.0	0.0	0.0	0.0	0.0	0.0	0.0	0.0	0.0	0.0	0.0	0.04223	0.0	0.0
k__Bacteria|p__Proteobacteria|c__Gammaproteobacteria|o__Aeromonadales|f__Aeromonadaceae|g__Aeromonas|s__Aeromonas_bestiarum|t__SGB9952	0.0	0.0	0.0	0.0	0.0	0.0	0.0	0.0	0.0	0.0	0.0	0.0	0.0	0.0	0.0	0.0	0.0	0.0	0.0	0.0	0.00434	0.0	0.0
k__Bacteria|p__Firmicutes|c__Bacilli|o__Bacillales|f__Staphylococcaceae|g__Staphylococcus|s__Staphylococcus_xylosus|t__SGB7847	0.0	0.0	0.0	0.0	0.0	0.0	0.0	0.0	0.0	0.0	0.0	0.0	0.0	0.0	0.0	0.0	0.0	0.0	0.0	0.0	0.00298	0.0	0.0
k__Bacteria|p__Bacteroidetes|c__Bacteroidia|o__Bacteroidales|f__Prevotellaceae|g__Prevotella|s__Prevotella_copri_clade_A|t__SGB1626	0.0	0.0	0.0	0.0	0.0	0.0	0.0	0.0	0.0	0.0	0.0	0.0	0.0	0.0	0.0	0.0	0.0	0.0	0.0	0.0	0.00181	0.0	0.0
k__Bacteria|p__Bacteroidetes|c__Bacteroidia|o__Bacteroidales|f__Bacteroidaceae|g__Phocaeicola|s__Phocaeicola_vulgatus|t__SGB1814	0.0	0.0	0.0	0.0	0.0	0.0	0.0	0.0	0.0	0.0	0.0	0.0	0.0	0.0	0.0	0.0	0.0	0.0	0.0	0.0	0.00166	0.0	0.0
k__Bacteria|p__Proteobacteria|c__Betaproteobacteria|o__Neisseriales|f__Chromobacteriaceae|g__Vogesella|s__Vogesella_indigofera|t__SGB13088	0.0	0.0	0.0	0.0	0.0	0.0	0.0	0.0	0.0	0.0	0.0	0.0	0.0	0.0	0.0	0.0	0.0	0.0	0.0	0.0	0.00142	0.0	0.0
k__Bacteria|p__Firmicutes|c__Clostridia|o__Eubacteriales|f__Oscillospiraceae|g__Faecalibacterium|s__Faecalibacterium_prausnitzii|t__SGB15333	0.0	0.0	0.0	0.0	0.0	0.0	0.0	0.0	0.0	0.0	0.0	0.0	0.0	0.0	0.0	0.0	0.0	0.0	0.0	0.0	0.00076	0.0	0.0
k__Bacteria|p__Bacteroidetes|c__Flavobacteriia|o__Flavobacteriales|f__Flavobacteriaceae|g__Flavobacterium|s__Flavobacterium_sp_9R|t__SGB78978	0.0	0.0	0.0	0.0	0.0	0.0	0.0	0.0	0.0	0.0	0.0	0.0	0.0	0.0	0.0	0.0	0.0	0.0	0.0	0.0	0.00058	0.0	0.0
k__Bacteria|p__Proteobacteria|c__Gammaproteobacteria|o__Enterobacterales|f__Yersiniaceae|g__Serratia|s__Serratia_marcescens|t__SGB10251	0.0	0.0	0.0	0.0	0.0	0.0	0.0	0.0	0.0	0.0	0.0	0.0	0.0	0.0	0.0	0.0	0.0	0.0	0.0	0.0	0.0001	0.0	0.0
k__Bacteria|p__Firmicutes|c__Bacilli|o__Lactobacillales|f__Lactobacillaceae|g__Weissella|s__Weissella_viridescens|t__SGB7111	0.0	0.0	0.0	0.0	0.0	0.0	0.0	0.0	0.0	0.0	0.0	0.0	0.0	0.0	0.0	0.0	0.0	0.0	0.0	0.0	0.0	0.00991	0.0
k__Bacteria|p__Firmicutes|c__CFGB9039|o__OFGB9039|f__FGB9039|g__GGB26873|s__GGB26873_SGB39064|t__SGB39064	0.0	0.0	0.0	0.0	0.0	0.0	0.0	0.0	0.0	0.0	0.0	0.0	0.0	0.0	0.0	0.0	0.0	0.0	0.0	0.0	0.0	0.00191	0.0
k__Bacteria|p__Proteobacteria|c__Alphaproteobacteria|o__Rhodospirillales|f__Acetobacteraceae|g__Gluconobacter|s__Gluconobacter_sp_Gdi|t__SGB69210	0.0	0.0	0.0	0.0	0.0	0.0	0.0	0.0	0.0	0.0	0.0	0.0	0.0	0.0	0.0	0.0	0.0	0.0	0.0	0.0	0.0	0.00052	0.0
k__Bacteria|p__Actinobacteria|c__Actinomycetia|o__Micrococcales|f__Micrococcaceae|g__Rothia|s__Rothia_kristinae|t__SGB16673	0.0	0.0	0.0	0.0	0.0	0.0	0.0	0.0	0.0	0.0	0.0	0.0	0.0	0.0	0.0	0.0	0.0	0.0	0.0	0.0	0.0	0.00019	0.0
k__Bacteria|p__Proteobacteria|c__Betaproteobacteria|o__Betaproteobacteria_unclassified|f__Betaproteobacteria_unclassified|g__Betaproteobacteria_unclassified|s__beta_proteobacterium_L13|t__SGB32881	0.0	0.0	0.0	0.0	0.0	0.0	0.0	0.0	0.0	0.0	0.0	0.0	0.0	0.0	0.0	0.0	0.0	0.0	0.0	0.0	0.0	0.0	0.0002
