sample	WolfeBE_2014__282_Bethlehem	WolfeBE_2014__316_Langre	WolfeBE_2014__319_Tarentaise	WolfeBE_2014__322_Camembert	WolfeBE_2014__337_Mileens	WolfeBE_2014__340_Comte	WolfeBE_2014__365_Stichelton	WolfeBE_2014__380_Stawley	WolfeBE_2014__491_Bayley	WolfeBE_2014__575_CabotClothbound	WolfeBE_2014__581_Moses_Sleeper	WolfeBE_2014__623_Maggies_Round	WolfeBE_2014__626_Red_Hawk	WolfeBE_2014__671_Grayson	WolfeBE_2014__679_Raclette	WolfeBE_2014__705_Forme_dAmbert	WolfeBE_2014__711_Garroxta	WolfeBE_2014__771_Tarentaise	WolfeBE_2014__873_Challerhocker	WolfeBE_2014__894_Twig_Tomme	WolfeBE_2014__917_Abondance	WolfeBE_2014__926_Bonne_Buche	WolfeBE_2014__932_Robiola_due_Latte	WolfeBE_2014__950_Rush_Creek
k__Bacteria|p__Firmicutes|c__Bacilli|o__Lactobacillales|f__Streptococcaceae|g__Lactococcus|s__Lactococcus_cremoris|t__SGB7984	0.0	2.19258	0.0	0.46893	0.08233	0.0	0.0	58.50388	0.0	0.0	0.05337	0.0	0.0	0.0	0.29288	0.0	0.0	0.0	0.0	0.03183	0.01133	86.44325	0.0	0.0
k__Bacteria|p__Firmicutes|c__Bacilli|o__Lactobacillales|f__Streptococcaceae|g__Lactococcus|s__Lactococcus_lactis|t__SGB7985	5.14127	0.28749	9.36094	2.29849	0.0	0.0	0.0	6.86583	0.00177	0.0	13.90398	0.0	0.01021	0.0	0.10717	0.0	0.0	0.0	0.0	0.10602	0.0	9.01431	0.0	0.01984
k__Bacteria|p__Firmicutes|c__Bacilli|o__Lactobacillales|f__Lactobacillaceae|g__Leuconostoc|s__Leuconostoc_falkenbergense|t__SGB7124	0.0	0.21838	0.0	0.0	0.0	0.0	0.0	0.0	0.0	0.0	0.0	0.0	0.0	0.0	0.0	0.0	0.0	0.0	0.0	0.0	0.0	0.0	0.0	0.0
k__Bacteria|p__Firmicutes|c__Bacilli|o__Lactobacillales|f__Lactobacillaceae|g__Paucilactobacillus|s__Paucilactobacillus_nenjiangensis|t__SGB49082	0.0	0.0	0.0	0.0	0.0	0.0	0.0	0.0	0.0	0.0	0.0	0.0	0.0	0.0	0.0	0.0	0.0	0.0	0.0	0.0	0.0	0.3746	0.0	0.0
k__Bacteria|p__Firmicutes|c__Bacilli|o__Lactobacillales|f__Streptococcaceae|g__Lactococcus|s__Lactococcus_laudensis|t__SGB7991	0.0	0.0	0.01767	0.0	0.0	0.0	0.0	0.0	0.0	0.0	0.0	0.0	0.0	0.0	0.0	0.0	0.0	0.0	0.0	0.0	0.0	1.29969	0.0	0.0
k__Bacteria|p__Firmicutes|c__Bacilli|o__Lactobacillales|f__Lactobacillaceae|g__Leuconostoc|s__Leuconostoc_mesenteroides|t__SGB7126	0.0	0.08784	0.18058	0.00661	0.0	0.0	0.0	2.77412	0.05543	0.0	0.0	0.0	0.0	0.0	0.0	0.0	0.0	0.0	0.0	0.0	0.0	0.24982	0.0	0.20711
k__Bacteria|p__Actinomycetota|c__Actinomycetes|o__Micrococcales|f__Brevibacteriaceae|g__Brevibacterium|s__Brevibacterium_sp_239c|t__SGB16641	68.1946	0.0	0.32361	0.02252	0.0	7.06687	0.06024	0.0	9.74728	4.63838	0.0	0.0	0.41068	0.13594	0.0406	0.15614	1.85888	0.00119	0.02698	10.37272	0.0542	0.0	0.0	0.0
k__Bacteria|p__Pseudomonadota|c__Gammaproteobacteria|o__Enterobacterales|f__Enterobacteriaceae|g__Enterobacter|s__Enterobacter_hormaechei|t__SGB10130	13.75451	0.0	0.0	0.0	0.0	0.0	0.0	0.0	0.0	0.0	0.0	0.0	0.04219	0.00224	0.0	0.0	0.0	0.0	0.0	0.0	0.0	0.0	0.0	0.0
k__Bacteria|p__Pseudomonadota|c__Gammaproteobacteria|o__Enterobacterales|f__Enterobacteriaceae|g__Superficieibacter|s__Superficieibacter_sp_1612_C1|t__SGB58209	4.03556	0.0	0.0	0.0	0.0	0.0	0.0	0.0	0.0	0.0	0.0	0.0	0.00063	0.0	0.0	0.0	0.0	0.0	0.0	0.0	0.0	0.0	0.0	0.0
k__Bacteria|p__Firmicutes|c__Bacilli|o__Bacillales|f__Staphylococcaceae|g__Staphylococcus|s__Staphylococcus_equorum|t__SGB7843	3.86871	0.0	0.24933	0.0	0.0	0.95109	0.12898	0.07622	5.26989	32.93186	0.0	0.20686	0.0	0.11735	4.64105	2.73813	2.23892	0.32379	0.66427	19.6404	0.99882	0.0	0.0	0.64639
k__Bacteria|p__Actinomycetota|c__Actinomycetes|o__Micrococcales|f__Dermabacteraceae|g__Brachybacterium|s__Brachybacterium_alimentarium|t__SGB16653	1.32037	0.76411	6.35714	64.9414	0.0	7.53896	0.6466	0.0	26.50273	13.51973	0.0	0.0	0.0	0.0	0.22822	0.0	0.49604	0.00121	0.04911	14.49655	0.01774	0.0	0.0	0.37998
k__Bacteria|p__Firmicutes|c__Bacilli|o__Bacillales|f__Staphylococcaceae|g__Staphylococcus|s__Staphylococcus_xylosus|t__SGB205880	0.79567	0.0	0.0	0.0	0.0	0.0	0.0	0.0	0.0	0.0	0.0	0.0	0.0	0.0	0.0	0.0	0.0	0.0	0.0	0.0	0.0	0.0	0.0	0.0
k__Bacteria|p__Actinomycetota|c__Actinomycetes|o__Micrococcales|f__Brevibacteriaceae|g__Brevibacterium|s__Brevibacterium_aurantiacum|t__SGB16639	0.73893	0.99333	42.80563	2.36209	0.0	6.87067	33.33519	0.1095	22.15942	0.37735	0.0	0.0	0.0	0.01602	10.00407	1.94903	65.1956	19.85748	0.38126	27.63825	8.441	0.0	0.01248	1.36123
k__Bacteria|p__Firmicutes|c__Bacilli|o__Lactobacillales|f__Enterococcaceae|g__Enterococcus|s__Enterococcus_italicus|t__SGB7973	0.58983	0.0	0.0	0.0	0.0	0.0	0.0	0.0	0.0	0.0	0.0	0.0	0.0	0.0	0.0	0.0	0.0	0.0	0.0	0.0	0.0	0.0	0.0	0.0
k__Bacteria|p__Pseudomonadota|c__Gammaproteobacteria|o__Enterobacterales|f__Enterobacteriaceae|g__Superficieibacter|s__Superficieibacter_SGB38355|t__SGB38355	0.37319	0.0	0.0	0.0	0.0	0.0	0.0	0.0	0.0	0.0	0.0	0.0	0.0	0.0	0.0	0.0	0.0	0.0	0.0	0.0	0.0	0.0	0.0	0.0
k__Bacteria|p__Pseudomonadota|c__Gammaproteobacteria|o__Enterobacterales|f__Enterobacteriaceae|g__Atlantibacter|s__Atlantibacter_hermannii|t__SGB10047	0.2678	0.0	0.0	0.0	0.0	0.0	0.0	0.0	0.0	0.0	0.0	0.0	0.0	0.0	0.0	0.0	0.0	0.0	0.0	0.0	0.0	0.0	0.0	0.0
k__Bacteria|p__Pseudomonadota|c__Gammaproteobacteria|o__Enterobacterales|f__Enterobacteriaceae|g__Klebsiella|s__Klebsiella_grimontii|t__SGB10120	0.23173	0.0	0.0	0.0	0.0	0.0	0.0	0.0	0.0	0.0	0.0	0.0	0.0	0.0	0.0	0.0	0.0	0.0	0.0	0.0	0.0	0.0	0.0	0.03259
k__Bacteria|p__Actinomycetota|c__Actinomycetes|o__Micrococcales|f__Brevibacteriaceae|g__Brevibacterium|s__Brevibacterium_sp_CCUG_69071|t__SGB98802	0.21427	0.0	0.0	0.0	0.0	0.0	0.0	0.0	0.0	0.0	0.0	0.0	0.0	0.0	0.0	0.0	0.14335	0.0	0.0	2.80201	0.0	0.0	0.0	0.0
k__Bacteria|p__Firmicutes|c__Bacilli|o__Bacillales|f__Staphylococcaceae|g__Staphylococcus|s__Staphylococcus_xylosus|t__SGB7847_group	0.11594	0.0	0.0	0.15813	0.0	0.0	0.0	0.0	0.04438	0.0	0.0	39.71962	0.0	0.0	0.0	0.0	0.0	0.0	0.0	0.0	0.0	0.0	0.0	0.0
k__Bacteria|p__Actinomycetota|c__Actinomycetes|o__Micrococcales|f__Brevibacteriaceae|g__Brevibacterium|s__Brevibacterium_sp_UCMA_11754|t__SGB98795	0.11566	0.0	0.0	0.0	0.0	0.0	0.0	0.0	0.00473	0.0	0.0	0.0	0.0	0.0	0.0	0.05213	0.0	0.0	0.0	0.0	0.0	0.0	0.0	0.0
k__Bacteria|p__Firmicutes|c__Bacilli|o__Lactobacillales|f__Lactobacillaceae|g__Lacticaseibacillus|s__Lacticaseibacillus_paracasei|t__SGB7142	0.08922	0.0	0.0	0.0	0.0	0.0	0.0	0.0	0.0	0.0	0.0	0.0	0.0	0.0	0.0	0.0	0.0	0.0	0.0	0.0	0.0	0.38962	0.0	0.0
k__Bacteria|p__Actinomycetota|c__Actinomycetes|o__Mycobacteriales|f__Corynebacteriaceae|g__Corynebacterium|s__Corynebacterium_flavescens|t__SGB17096	0.06526	0.0	0.0	0.0	0.0	0.0	0.0	0.0	0.0	0.0	0.0	0.0	0.0	0.0	0.0	0.0	0.0	0.0	0.0	0.0	0.0	0.0	0.0	0.0
k__Bacteria|p__Firmicutes|c__Bacilli|o__Lactobacillales|f__Enterococcaceae|g__Enterococcus|s__Enterococcus_durans|t__SGB7966	0.04734	0.0	0.0	0.0	0.0	0.0	0.0	0.0	0.0	0.0	0.0	0.0	0.0	0.0	0.0	0.0	0.0	0.0	0.0	0.0	0.0	0.0	0.0	0.0
k__Bacteria|p__Actinomycetota|c__Actinomycetes|o__Micrococcales|f__Brevibacteriaceae|g__Brevibacterium|s__Brevibacterium_antiquum|t__SGB98794	0.02314	0.0	0.0	0.0	0.0	0.0	0.0	0.0	0.05926	0.0	0.0	0.0	0.0	0.0	0.0	0.0	0.02746	0.0	0.0	0.06995	0.0	0.0	0.0	0.0
k__Bacteria|p__Firmicutes|c__Bacilli|o__Lactobacillales|f__Enterococcaceae|g__Enterococcus|s__Enterococcus_faecium|t__SGB7967	0.00685	0.0	0.0	0.0	0.0	0.0	0.0	0.0	0.0	0.0	0.0	0.0	0.0	0.0	0.0	0.0	0.0	0.0	0.0	0.0	0.0	0.0	0.0	0.0
k__Bacteria|p__Actinomycetota|c__Actinomycetes|o__Micrococcales|f__Dermabacteraceae|g__Brachybacterium|s__Brachybacterium_SGB98941|t__SGB98941	0.00577	0.0	1.93276	0.0	0.0	0.0	0.0	0.0	0.0	0.0	0.0	0.0	0.0	0.0	0.0	0.0	4.8095	0.0	0.0	0.0	0.0	0.0	0.0	0.0
k__Bacteria|p__Actinomycetota|c__Actinomycetes|o__Micrococcales|f__Brevibacteriaceae|g__Brevibacterium|s__Brevibacterium_marinum|t__SGB88049	0.00299	0.0	0.00191	0.0	0.0	0.0	0.0	0.0	0.00222	0.0	0.0	0.0	0.0	0.0	0.0	0.0	0.00783	0.0	0.0	0.0022	0.0	0.0	0.0	0.0
k__Bacteria|p__Actinomycetota|c__Actinomycetes|o__Micrococcales|f__Brevibacteriaceae|g__Brevibacterium|s__Brevibacterium_sp_S22|t__SGB34829	0.00139	0.0	0.0	0.0	0.0	0.17845	0.0	0.0	1.28266	0.0	0.0	0.0	0.0	0.0	0.0	0.0	0.0	0.0	0.38538	0.0	0.0	0.0	0.0	0.0
k__Bacteria|p__Pseudomonadota|c__Gammaproteobacteria|o__Oceanospirillales|f__Halomonadaceae|g__Halomonas|s__Halomonas_colorata|t__SGB88989	0.0	29.31372	0.0	0.0	0.0	0.0	0.0	0.0	0.0	0.0	0.0	0.0	0.0	0.0	0.0	0.0	0.0	0.0	0.0	0.0	0.0	0.0	0.0	0.0
k__Bacteria|p__Pseudomonadota|c__Gammaproteobacteria|o__Alteromonadales|f__Pseudoalteromonadaceae|g__Pseudoalteromonas|s__Pseudoalteromonas_nigrifaciens|t__SGB13904	0.0	20.40111	0.0	0.0	6.18487	0.0	0.0	0.0	0.0	0.0	0.62817	0.0	30.99048	0.6181	0.15446	0.0	0.0	0.0	0.0	0.0	0.0	0.0	0.0	0.0
k__Bacteria|p__Pseudomonadota|c__Gammaproteobacteria|o__Oceanospirillales|f__Halomonadaceae|g__Halomonas|s__Halomonas_citrativorans|t__SGB11845	0.0	16.29597	0.0	0.0	6.79794	0.0	0.09922	2.54859	0.0	0.0	0.0	0.0	16.28966	0.35125	0.00094	0.0	0.0	0.0	0.0	0.0	0.0	0.0	0.0	38.26989
k__Bacteria|p__Pseudomonadota|c__Gammaproteobacteria|o__Vibrionales|f__Vibrionaceae|g__Vibrio|s__Vibrio_casei|t__SGB9845	0.0	7.69777	0.0	0.0	2.33779	0.0	0.0	0.0	0.0	0.0	0.0	0.0	3.09387	0.03646	0.0	0.0	0.0	0.0	0.0	0.0	0.0	0.0	0.0	0.0
k__Bacteria|p__Pseudomonadota|c__Gammaproteobacteria|o__Oceanospirillales|f__Oceanospirillaceae|g__Marinomonas|s__Marinomonas_foliarum|t__SGB22337	0.0	4.36204	0.0	0.0	0.0	0.0	0.0	0.0	0.0	0.0	0.0	0.0	0.0	0.0	0.0	0.0	0.0	0.0	0.0	0.0	0.0	0.0	0.0	0.0
k__Bacteria|p__Pseudomonadota|c__Gammaproteobacteria|o__Pseudomonadales|f__Pseudomonadaceae|g__Pseudomonas|s__Pseudomonas_helleri|t__SGB12098	0.0	3.17075	0.0	0.0	0.0	0.0	0.0	0.0	0.0	0.0	0.0	0.0	0.0	0.0	0.0	0.0	0.0	0.0	0.0	0.0	0.0	0.0	55.07029	0.0
k__Bacteria|p__Actinomycetota|c__Actinomycetes|o__Micrococcales|f__Microbacteriaceae|g__Microbacterium|s__Microbacterium_gubbeenense|t__SGB34904	0.0	2.36585	2.6788	0.0	2.5679	0.48352	1.3141	0.01549	0.0	0.0	0.0	0.0	0.0	0.27035	0.0	0.0	0.00663	0.15169	0.95441	0.1114	0.05133	0.0	0.0	14.66567
k__Bacteria|p__Pseudomonadota|c__Gammaproteobacteria|o__Vibrionales|f__Vibrionaceae|g__Vibrio|s__Vibrio_hibernica|t__SGB69387	0.0	1.54242	0.0	0.0	0.0	0.0	0.0	0.0	0.0	0.0	0.0	0.0	0.0	0.0	0.0408	0.0	0.0	0.0	0.0	0.0	0.0	0.0	0.0	0.29416
k__Bacteria|p__Pseudomonadota|c__Gammaproteobacteria|o__Alteromonadales|f__Pseudoalteromonadaceae|g__GGB49459|s__GGB49459_SGB69381|t__SGB69381	0.0	1.30521	0.0	0.0	0.0	0.0	0.0	0.0	0.0	0.0	0.0	0.0	20.47689	0.40652	24.74836	4.25867	0.0	0.0	0.0	0.0	0.0	0.0	0.0	0.0
k__Bacteria|p__Pseudomonadota|c__Gammaproteobacteria|o__Moraxellales|f__Moraxellaceae|g__Psychrobacter|s__Psychrobacter_sp_FME13|t__SGB69382	0.0	1.24377	0.0	0.0	34.31152	0.0	19.62203	0.0	0.0	0.0	0.0	0.0	5.83404	0.10977	4.38073	0.0	0.0	0.0	0.0	0.0	0.0	0.0	0.0	31.55991
k__Bacteria|p__Pseudomonadota|c__Gammaproteobacteria|o__Enterobacterales|f__Morganellaceae|g__Morganella|s__Morganella_psychrotolerans|t__SGB10024	0.0	1.15506	0.0	0.0	0.01613	0.0	0.0	0.0	0.0	0.0	0.0	0.0	0.06796	0.0	0.0	0.0	0.0	0.0	0.0	0.0	0.0	0.0	0.0	0.0
k__Bacteria|p__Pseudomonadota|c__Gammaproteobacteria|o__Enterobacterales|f__Morganellaceae|g__Proteus|s__Proteus_hauseri|t__SGB9999	0.0	1.01967	0.0	0.0	0.0	0.0	0.0	0.0	0.0	0.0	0.0	0.0	0.0	0.0	0.0	0.0	0.0	0.0	0.0	0.0	0.0	0.0	0.0	0.0
k__Eukaryota|p__Ascomycota|c__Saccharomycetes|o__Saccharomycetales|f__Debaryomycetaceae|g__Debaryomyces|s__Debaryomyces_hansenii_group_1|t__EUK4959_1	0.0	0.92409	0.0	0.0	1.3236	0.06345	0.0	0.0	0.0	0.55109	0.39051	6.4568	0.0	0.06113	0.0	1.35394	0.32214	0.02312	0.0	0.0153	0.0	2.22871	0.14064	0.42656
k__Bacteria|p__Actinomycetota|c__Actinomycetes|o__Micrococcales|f__Micrococcaceae|g__Glutamicibacter|s__Glutamicibacter_arilaitensis|t__SGB16749	0.0	0.88683	0.0	0.08956	2.18249	0.0	0.68677	0.0	0.0	0.0	0.0	0.0	0.46752	0.0	0.0	0.0	0.0	0.0	0.0	0.0	0.0	0.0	0.0	0.21909
k__Bacteria|p__Actinomycetota|c__Actinomycetes|o__Micrococcales|f__Dermabacteraceae|g__Brachybacterium|s__Brachybacterium_sp_Z12|t__SGB87477	0.0	0.85618	0.0	0.0	0.04362	1.08644	0.0	0.0	0.0	0.0	0.0	0.0	0.0	0.13658	0.0	0.0	0.0	0.0	0.85736	0.46518	0.27801	0.0	0.0	0.0
k__Bacteria|p__Firmicutes|c__Bacilli|o__Lactobacillales|f__Enterococcaceae|g__Vagococcus|s__Vagococcus_salmoninarum|t__SGB29863	0.0	0.65645	0.0	0.01177	0.0	0.0	0.0	0.0	0.0	0.0	0.0	0.0	0.0	0.11867	0.0	0.0	0.0	0.0	0.0	0.0	0.0	0.0	0.0	0.0
k__Bacteria|p__Actinomycetota|c__Actinomycetes|o__Micrococcales|f__Dermabacteraceae|g__Brachybacterium|s__Brachybacterium_tyrofermentans|t__SGB69231	0.0	0.41127	3.70831	0.0	0.0268	0.06524	1.176	0.0	0.38597	0.0	0.0	0.0	0.0	0.0	0.40641	1.57101	11.40747	6.1838	0.0	2.94556	0.03661	0.0	0.0	0.04976
k__Bacteria|p__Pseudomonadota|c__Gammaproteobacteria|o__Alteromonadales|f__Pseudoalteromonadaceae|g__Pseudoalteromonas|s__Pseudoalteromonas_prydzensis|t__SGB30757	0.0	0.37239	0.0	0.0	4.51642	0.0	0.0	0.0	0.0	0.0	0.0	0.0	19.40751	0.32828	0.0	0.0	0.0	0.0	0.0	0.0	0.0	0.0	0.0	0.0
k__Bacteria|p__Pseudomonadota|c__Gammaproteobacteria|o__Moraxellales|f__Moraxellaceae|g__Psychrobacter|s__Psychrobacter_immobilis|t__SGB10459	0.0	0.2948	17.58975	0.0	0.0	0.0	0.0	7.57131	0.0	0.0	0.0	0.0	0.0	0.0	0.9433	0.0	0.0	0.0	0.0	0.0	0.0	0.0	0.0	0.0
k__Bacteria|p__Pseudomonadota|c__Gammaproteobacteria|o__Oceanospirillales|f__Oceanospirillaceae|g__Marinomonas|s__Marinomonas_polaris|t__SGB13567	0.0	0.28162	0.0	0.0	0.0	0.0	0.0	0.0	0.0	0.0	0.0	0.0	0.0	0.0	0.0	0.0	0.0	0.0	0.0	0.0	0.0	0.0	0.0	0.0
k__Bacteria|p__Bacteroidota|c__Flavobacteriia|o__Flavobacteriales|f__Flavobacteriaceae|g__Mesonia|s__Mesonia_profundi|t__SGB97751	0.0	0.27227	0.0	0.0	0.0	0.0	0.0	0.0	0.0	0.0	0.0	0.0	0.0	3.35287	0.0	0.0	0.0	0.0	0.0	0.0	0.13546	0.0	0.0	0.0
k__Bacteria|p__Firmicutes|c__Bacilli|o__Lactobacillales|f__Carnobacteriaceae|g__Marinilactibacillus|s__Marinilactibacillus_psychrotolerans|t__SGB7876	0.0	0.14224	0.0	0.0	10.87616	0.0	0.04925	0.0	0.0	0.0	0.0	0.0	0.0	0.16572	2.20451	0.54858	0.0	0.20947	0.0	0.0	0.1493	0.0	0.0	0.09766
k__Bacteria|p__Actinomycetota|c__Actinomycetes|o__Micrococcales|f__Microbacteriaceae|g__Leucobacter|s__Leucobacter_sp_G161|t__SGB16932	0.0	0.12885	0.0	0.0	0.0	0.0	0.0	0.0	0.0	0.0	0.0	0.0	0.0	0.0	0.0	0.0	0.0	0.0	0.0	0.0	0.0	0.0	0.0	0.0
k__Bacteria|p__Pseudomonadota|c__Gammaproteobacteria|o__Moraxellales|f__Moraxellaceae|g__Psychrobacter|s__Psychrobacter_sp_FME5|t__SGB69383	0.0	0.11438	0.40129	22.6163	0.0	0.0	0.0	0.0	0.0	0.0	0.0	0.0	0.0	0.0	0.0	0.59967	0.0	0.0	0.0	0.0	0.0	0.0	0.0	0.0
k__Bacteria|p__Pseudomonadota|c__Gammaproteobacteria|o__Enterobacterales|f__Morganellaceae|g__Morganella|s__Morganella_psychrotolerans|t__SGB10025	0.0	0.06689	0.0	0.0	0.0	0.0	0.0	0.0	0.0	0.0	0.0	0.0	0.0	0.0	0.0	0.0	0.0	0.0	0.0	0.0	0.0	0.0	0.0	0.0
k__Bacteria|p__Pseudomonadota|c__Gammaproteobacteria|o__Alteromonadales|f__Pseudoalteromonadaceae|g__Pseudoalteromonas|s__Pseudoalteromonas_distincta|t__SGB13906	0.0	0.03529	0.0	0.0	0.0	0.0	0.0	0.0	0.0	0.0	0.0	0.0	0.0	0.0	0.0	0.0	0.0	0.0	0.0	0.0	0.0	0.0	0.0	0.0
k__Bacteria|p__Pseudomonadota|c__Gammaproteobacteria|o__Moraxellales|f__Moraxellaceae|g__Psychrobacter|s__Psychrobacter_celer|t__SGB10449	0.0	0.02718	0.0	0.0	3.37291	0.0	1.90363	0.0	0.0	0.0	0.0	0.0	0.08378	0.0	0.0	0.0	0.0	0.0	0.0	0.0	0.0	0.0	0.0	0.0
k__Bacteria|p__Pseudomonadota|c__Gammaproteobacteria|o__Pseudomonadales|f__Pseudomonadaceae|g__Pseudomonas|s__Pseudomonas_lundensis|t__SGB12101	0.0	0.02497	0.0	0.0	0.0	0.0	0.0	0.0	0.0	0.0	0.0	0.0	0.0	0.0	0.0	0.0	0.0	0.0	0.0	0.0	0.0	0.0	0.0	0.0
k__Bacteria|p__Pseudomonadota|c__Gammaproteobacteria|o__Moraxellales|f__Moraxellaceae|g__Psychrobacter|s__Psychrobacter_namhaensis|t__SGB23002	0.0	0.02251	0.0	0.0	0.0	0.0	0.0	0.0	0.0	0.0	0.0	0.0	0.0	0.0	0.0	0.0	0.0	0.0	0.0	0.0	0.0	0.0	0.0	0.0
k__Bacteria|p__Pseudomonadota|c__Gammaproteobacteria|o__Vibrionales|f__Vibrionaceae|g__Vibrio|s__Vibrio_litoralis|t__SGB23030	0.0	0.02227	0.0	0.0	0.0	0.0	0.05262	0.0	0.0	0.0	0.0	0.0	0.18301	0.0	0.03602	0.0	0.0	0.0	0.0	0.0	0.0	0.0	0.0	0.0
k__Bacteria|p__Pseudomonadota|c__Gammaproteobacteria|o__Moraxellales|f__Moraxellaceae|g__Psychrobacter|s__Psychrobacter_immobilis|t__SGB10451	0.0	0.01518	0.0	0.0	0.0	0.0	0.0	0.0	0.0	0.0	0.0	0.0	0.0	0.0	0.0	0.0	0.0	0.0	0.0	0.0	0.0	0.0	0.0	0.0
k__Bacteria|p__Pseudomonadota|c__Gammaproteobacteria|o__Oceanospirillales|f__Oceanospirillaceae|g__Marinomonas|s__Marinomonas_sp_UCMA_3892|t__SGB13568	0.0	0.01345	0.0	0.0	0.0	0.0	0.0	0.0	0.0	0.0	0.0	0.0	0.0	0.0	0.0	0.0	0.0	0.0	0.0	0.0	0.0	0.0	0.0	0.0
k__Bacteria|p__Pseudomonadota|c__Gammaproteobacteria|o__Vibrionales|f__Vibrionaceae|g__Vibrio|s__Vibrio_SGB100041|t__SGB100041	0.0	0.00805	0.0	0.0	0.0	0.0	0.0	0.0	0.0	0.0	0.0	0.0	0.0	0.0	0.0	0.0	0.0	0.0	0.0	0.0	0.0	0.0	0.0	0.0
k__Bacteria|p__Pseudomonadota|c__Gammaproteobacteria|o__Oceanospirillales|f__Halomonadaceae|g__Halomonas|s__Halomonas_SGB100207|t__SGB100207	0.0	0.00578	0.0	0.0	0.0	0.0	0.0	0.0	0.0	0.0	0.0	0.0	0.0	0.0	0.0	0.0	0.0	0.0	0.0	0.0	0.0	0.0	0.0	0.0
k__Bacteria|p__Actinomycetota|c__Actinomycetes|o__Micrococcales|f__Micrococcaceae|g__Arthrobacter|s__Arthrobacter_sp_MYb221|t__SGB16747	0.0	0.0	4.30275	0.0	0.0	0.0	0.0	0.01319	0.0	0.0	0.0	0.0	0.0	0.0	0.0	1.48076	0.5542	0.0	0.0	0.0	0.0	0.0	0.0	0.0
k__Bacteria|p__Pseudomonadota|c__Gammaproteobacteria|o__Moraxellales|f__Moraxellaceae|g__Psychrobacter|s__Psychrobacter_alimentarius|t__SGB10455	0.0	0.0	3.75057	0.0	0.2647	0.0	0.0	0.0	0.0	0.0	0.0	0.0	0.0	0.0	0.0	0.0	0.0	0.0	0.0	0.0	0.0	0.0	0.0	0.0
k__Bacteria|p__Pseudomonadota|c__Gammaproteobacteria|o__Moraxellales|f__Moraxellaceae|g__Psychrobacter|s__Psychrobacter_aquimaris|t__SGB23000	0.0	0.0	1.94794	0.0	0.0	0.0	0.0	0.10727	0.0	0.0	0.0	0.0	0.04081	0.0	0.17797	0.0	0.0	0.0	0.0	0.0	0.0	0.0	0.0	0.0
k__Bacteria|p__Pseudomonadota|c__Gammaproteobacteria|o__Moraxellales|f__Moraxellaceae|g__Psychrobacter|s__Psychrobacter_SGB100011|t__SGB100011	0.0	0.0	1.37287	0.0	0.0	0.0	0.0	0.0	0.0	0.0	0.0	0.0	0.03144	0.0	0.0	1.84505	0.0	0.0	0.0	0.0	0.0	0.0	0.0	0.0
k__Bacteria|p__Actinomycetota|c__Actinomycetes|o__Micrococcales|f__Micrococcaceae|g__Arthrobacter|s__Arthrobacter_rhombi|t__SGB16742	0.0	0.0	1.13578	0.79742	0.0	0.0	0.0	0.0	0.0	0.0	0.0	0.0	0.0	0.0	0.0	8.60231	2.25115	0.0	0.0	0.0	0.0	0.0	0.0	0.0
k__Bacteria|p__Pseudomonadota|c__Gammaproteobacteria|o__Oceanospirillales|f__Halomonadaceae|g__Halomonas|s__Halomonas_casei|t__SGB11844	0.0	0.0	0.6162	0.0	0.0	0.0	0.13429	19.67989	0.0	0.0	0.0	0.0	0.0	0.0	25.18336	1.00958	0.0	0.606	0.0	3.15046	0.0	0.0	0.0	0.98224
k__Bacteria|p__Actinomycetota|c__Actinomycetes|o__Micrococcales|f__Micrococcaceae|g__Arthrobacter|s__Arthrobacter_SGB69235|t__SGB69235	0.0	0.0	0.57638	0.0	0.0	0.0	0.0	0.0	0.0	0.0	0.0	0.0	0.0	0.0	0.0	72.76652	0.01891	0.0	0.0	1.30975	0.0	0.0	0.0	0.0
k__Bacteria|p__Actinomycetota|c__Actinomycetes|o__Micrococcales|f__Micrococcaceae|g__Glutamicibacter|s__Glutamicibacter_ardleyensis|t__SGB16746	0.0	0.0	0.16426	0.0	0.0	0.0	0.0	0.0	0.0	0.0	0.0	0.0	0.0	0.0	6.21622	0.0	1.00468	0.0	0.0	0.0	0.0	0.0	0.0	0.20174
k__Bacteria|p__Actinomycetota|c__Actinomycetes|o__Micrococcales|f__Micrococcaceae|g__Arthrobacter|s__Arthrobacter_SGB98769|t__SGB98769	0.0	0.0	0.155	0.0	0.0	0.0	0.0	0.0	0.0	0.0	0.0	0.0	0.0	0.0	0.0	0.13141	0.0	0.0	0.0	0.0	0.0	0.0	0.0	0.0
k__Bacteria|p__Firmicutes|c__Bacilli|o__Lactobacillales|f__Enterococcaceae|g__Enterococcus|s__Enterococcus_malodoratus|t__SGB7932	0.0	0.0	0.1519	0.03078	0.0	0.0	0.0	0.0	0.0	0.0	0.0	0.0	0.0	0.0	0.0	0.0	0.0	0.0	0.0	0.0	0.0	0.0	0.0	0.0
k__Bacteria|p__Firmicutes|c__Bacilli|o__Lactobacillales|f__Enterococcaceae|g__Enterococcus|s__Enterococcus_faecalis|t__SGB7962	0.0	0.0	0.127	0.07282	0.05169	0.0	0.0	0.07288	0.0	0.0	0.0	0.0	0.0	0.0	0.0	0.0	0.0	0.0	0.0	0.0	0.0	0.0	0.0	0.0
k__Bacteria|p__Firmicutes|c__Bacilli|o__Lactobacillales|f__Lactobacillaceae|g__Lactiplantibacillus|s__Lactiplantibacillus_paraplantarum|t__SGB7201	0.0	0.0	0.06208	0.0	0.0	0.0	0.0	0.0	0.0	0.0	0.0	0.0	0.0	0.0	0.0	0.0	0.0	0.0	0.0	0.0	0.0	0.0	0.0	0.0
k__Bacteria|p__Actinomycetota|c__Actinomycetes|o__Micrococcales|f__Microbacteriaceae|g__GGB72007|s__GGB72007_SGB99068|t__SGB99068	0.0	0.0	0.02421	0.0	0.0	0.0	0.0	0.0	0.0	0.0	0.0	0.0	0.0	0.0	0.0	0.0	0.01279	0.0	0.0	0.0	0.0	0.0	0.0	0.0
k__Bacteria|p__Actinomycetota|c__Actinomycetes|o__Micrococcales|f__Brevibacteriaceae|g__Brevibacterium|s__Brevibacterium_sp_ZH18|t__SGB98792	0.0	0.0	0.00418	0.0	0.0	0.0	0.0	0.0	0.0	0.0	0.0	0.0	0.0	0.0	0.0	0.0	0.56109	0.0	0.0	0.00135	0.0	0.0	0.0	0.0
k__Bacteria|p__Actinomycetota|c__Actinomycetes|o__Micrococcales|f__Brevibacteriaceae|g__Brevibacterium|s__Brevibacterium_sandarakinum|t__SGB16640	0.0	0.0	0.00116	0.0	0.0	0.0	0.0	0.0	0.29924	0.11147	0.0	0.0	0.0	0.0	0.0	0.00542	0.03222	0.0	0.0	0.08167	0.00677	0.0	0.0	0.0
k__Bacteria|p__Pseudomonadota|c__Gammaproteobacteria|o__Moraxellales|f__Moraxellaceae|g__Psychrobacter|s__Psychrobacter_faecalis|t__SGB10464	0.0	0.0	0.0	2.93141	0.0	0.0	0.0	0.0	0.0	0.0	0.0	0.0	0.0	0.0	0.0	0.0	0.0	0.0	0.0	0.0	0.0	0.0	0.0	0.0
k__Eukaryota|p__Ascomycota|c__Eurotiomycetes|o__Eurotiales|f__Aspergillaceae|g__Penicillium|s__Penicillium_camemberti|t__EUK5075	0.0	0.0	0.0	1.52998	0.0	0.0	0.0	0.0	0.0	0.0	43.01825	22.58626	0.0	0.0	0.0	0.05828	0.0	0.0	0.0	0.0	0.0	0.0	0.0	0.10338
k__Bacteria|p__Actinomycetota|c__CFGB92234|o__OFGB92234|f__FGB92234|g__GGB49272|s__GGB49272_SGB69136|t__SGB69136	0.0	0.0	0.0	1.12537	0.0	6.50831	0.53898	0.0	0.0	0.0	0.0	0.0	0.0	4.7789	0.0	0.0	0.01544	0.0	2.59671	0.01575	1.80389	0.0	0.0	0.07657
k__Bacteria|p__Pseudomonadota|c__Gammaproteobacteria|o__Enterobacterales|f__Hafniaceae|g__Hafnia|s__Hafnia_alvei|t__SGB10209	0.0	0.0	0.0	0.17407	0.0	0.0	0.0	0.0	0.0	0.0	0.0	0.0	0.0	0.0	0.0	0.0	0.0	0.0	0.0	0.0	0.0	0.0	0.0	0.0
k__Bacteria|p__Pseudomonadota|c__Gammaproteobacteria|o__Enterobacterales|f__Hafniaceae|g__Hafnia|s__Hafnia_paralvei|t__SGB10207	0.0	0.0	0.0	0.14543	0.0	0.0	0.0	0.0	0.0	0.0	0.0	0.0	0.0	0.0	0.0	0.0	0.0	0.0	0.0	0.0	0.0	0.0	0.0	0.0
k__Eukaryota|p__Ascomycota|c__Saccharomycetes|o__Saccharomycetales|f__Pichiaceae|g__Pichia|s__Candida_inconspicua|t__EUK52247	0.0	0.0	0.0	0.10703	0.0	0.0	0.0	0.0	0.0	0.0	0.0	0.0	0.0	0.0	0.0	0.0	0.0	0.0	0.0	0.0	0.0	0.0	0.0	0.0
k__Bacteria|p__Firmicutes|c__Bacilli|o__Lactobacillales|f__Carnobacteriaceae|g__Carnobacterium|s__Carnobacterium_maltaromaticum|t__SGB7902	0.0	0.0	0.0	0.05402	0.00953	0.0	0.0	0.0	0.0	0.0	0.0	0.0	0.0	0.0	0.0	0.0	0.0	0.0	0.0	0.0	0.0	0.0	0.0	0.0
k__Bacteria|p__Firmicutes|c__Bacilli|o__Lactobacillales|f__Lactobacillaceae|g__Lactiplantibacillus|s__Lactiplantibacillus_plantarum|t__SGB7202	0.0	0.0	0.0	0.04	0.0	0.0	0.0	0.0	0.0	0.0	0.0	0.0	0.0	0.0	0.0	0.0	0.0	0.0	0.0	0.0	0.0	0.0	0.0	0.0
k__Bacteria|p__Pseudomonadota|c__Gammaproteobacteria|o__Enterobacterales|f__Enterobacteriaceae|g__GGB15221|s__GGB15221_SGB23166|t__SGB23166	0.0	0.0	0.0	0.01587	0.0	0.0	0.0	0.0	0.0	0.0	0.0	0.0	0.0	0.0	0.0	0.0	0.0	0.0	0.0	0.0	0.0	0.0	0.0	0.0
k__Bacteria|p__Pseudomonadota|c__Gammaproteobacteria|o__Moraxellales|f__Moraxellaceae|g__GGB49922|s__GGB49922_SGB69917|t__SGB69917	0.0	0.0	0.0	0.0	13.28239	0.11179	0.61515	0.0	0.0	0.0	0.0	0.0	0.0	2.79224	0.09694	0.0	0.0	2.66164	0.33127	0.03455	0.38989	0.0	0.0	0.74502
k__Bacteria|p__Pseudomonadota|c__Gammaproteobacteria|o__Vibrionales|f__Vibrionaceae|g__Vibrio|s__Vibrio_kanaloae|t__SGB9910	0.0	0.0	0.0	0.0	3.83058	0.0	0.0	0.0	0.0	0.0	0.0	0.0	1.54567	0.00779	0.01767	0.0	0.0	0.0	0.0	0.0	0.0	0.0	0.0	0.0
k__Bacteria|p__Actinomycetota|c__Actinomycetes|o__Mycobacteriales|f__Corynebacteriaceae|g__Corynebacterium|s__Corynebacterium_casei|t__SGB17127	0.0	0.0	0.0	0.0	3.17112	6.16286	1.82699	0.0	0.0	0.0	0.0	0.0	0.0	10.2797	0.0	0.09406	0.0	1.56015	1.60287	7.89751	3.73497	0.0	0.0	0.19522
k__Bacteria|p__Actinomycetota|c__Actinomycetes|o__Mycobacteriales|f__Corynebacteriaceae|g__Corynebacterium|s__Corynebacterium_variabile|t__SGB17034	0.0	0.0	0.0	0.0	2.42137	12.79441	0.87022	0.0	0.0	0.0	0.0	0.0	0.0	0.0	0.0	0.0	0.0	0.82543	1.75461	0.0	0.87183	0.0	0.0	0.06545
k__Bacteria|p__Firmicutes|c__Bacilli|o__Lactobacillales|f__Enterococcaceae|g__Enterococcus|s__Enterococcus_viikkiensis|t__SGB49090	0.0	0.0	0.0	0.0	1.35371	0.0	0.0	0.0	0.0	0.0	0.0	0.0	0.0	0.0	0.0	0.0	0.0	0.0	0.0	0.0	0.0	0.0	0.0	0.0
k__Bacteria|p__Firmicutes|c__Bacilli|o__Lactobacillales|f__Aerococcaceae|g__Ruoffia|s__Ruoffia_tabacinasalis|t__SGB25051	0.0	0.0	0.0	0.0	0.69016	0.09448	0.0	0.0	0.0	0.0	0.0	0.0	0.0	0.90859	0.0	0.0	0.0	0.66041	0.2047	0.0	0.62433	0.0	0.0	0.51445
k__Bacteria|p__Pseudomonadota|c__Gammaproteobacteria|o__Pseudomonadales|f__Marinobacteraceae|g__GGB7989|s__GGB7989_SGB99142|t__SGB99142	0.0	0.0	0.0	0.0	0.09106	0.0	0.0	0.0	0.0	0.0	0.0	0.0	0.48111	0.41558	2.17628	0.0	0.0	0.0	0.0	0.0	1.54114	0.0	0.0	0.3754
k__Bacteria|p__Campylobacterota|c__Epsilonproteobacteria|o__Campylobacterales|f__Arcobacteraceae|g__Malaciobacter|s__Malaciobacter_marinus|t__SGB19419	0.0	0.0	0.0	0.0	0.05273	0.0	0.0	0.0	0.0	0.0	0.0	0.0	0.00612	0.0	0.0	0.0	0.0	0.0	0.0	0.0	0.0	0.0	0.0	0.0
k__Bacteria|p__Pseudomonadota|c__Gammaproteobacteria|o__Oceanospirillales|f__Halomonadaceae|g__Vreelandella|s__Vreelandella_alkaliphila|t__SGB11826	0.0	0.0	0.0	0.0	0.0482	0.0	0.0	0.0	0.0	0.0	0.0	0.0	0.21029	0.0	1.75808	0.0	0.0	0.0	0.0	0.0	0.00656	0.0	0.0	1.03889
k__Bacteria|p__Pseudomonadota|c__Gammaproteobacteria|o__Alteromonadales|f__Pseudoalteromonadaceae|g__Pseudoalteromonas|s__Pseudoalteromonas_tetraodonis|t__SGB13896	0.0	0.0	0.0	0.0	0.04349	0.0	0.0	0.0	0.0	0.0	0.0	0.0	0.0	0.0	0.0	0.0	0.0	0.0	0.0	0.0	0.0	0.0	0.0	0.0
k__Bacteria|p__Pseudomonadota|c__Gammaproteobacteria|o__Enterobacterales|f__Morganellaceae|g__Proteus|s__Proteus_vulgaris|t__SGB9993	0.0	0.0	0.0	0.0	0.02749	0.0	0.70672	0.0	0.0	0.0	0.0	0.0	0.0	1.00414	0.0	0.0	0.0	0.0	0.0	0.0	0.0	0.0	0.0	0.0
k__Bacteria|p__Firmicutes|c__Bacilli|o__Lactobacillales|f__Enterococcaceae|g__Bavariicoccus|s__Bavariicoccus_seileri|t__SGB29877	0.0	0.0	0.0	0.0	0.01808	2.65264	0.0	0.0	0.0	0.0	0.0	0.0	0.0	0.0	0.0	0.0	0.0	0.0	0.0	0.0	0.15256	0.0	0.0	0.0
k__Bacteria|p__Pseudomonadota|c__Gammaproteobacteria|o__Enterobacterales|f__Morganellaceae|g__Providencia|s__Providencia_heimbachae|t__SGB10009	0.0	0.0	0.0	0.0	0.00172	0.0	0.0	0.0	0.0	0.0	0.0	0.0	0.0	0.0	0.0	0.0	0.0	0.0	0.0	0.0	0.0	0.0	0.0	0.0
k__Bacteria|p__Firmicutes|c__Bacilli|o__Lactobacillales|f__Enterococcaceae|g__Vagococcus|s__Vagococcus_fluvialis|t__SGB7918	0.0	0.0	0.0	0.0	0.00152	0.0	0.0	0.0	0.0	0.0	0.0	0.0	0.0	0.0	0.0	0.0	0.0	0.0	0.0	0.0	0.0	0.0	0.0	0.0
k__Bacteria|p__Actinomycetota|c__Actinomycetes|o__Micrococcales|f__Microbacteriaceae|g__Agrococcus|s__Agrococcus_casei|t__SGB16940	0.0	0.0	0.0	0.0	0.0	14.39238	0.0	0.0	0.0	0.0	0.0	0.0	0.0	0.77664	0.04232	0.0	0.0	39.84602	1.20781	2.44607	1.87608	0.0	0.0	0.00708
k__Bacteria|p__Actinomycetota|c__Actinomycetes|o__Micrococcales|f__Micrococcaceae|g__Citricoccus|s__Citricoccus_SGB69233|t__SGB69233	0.0	0.0	0.0	0.0	0.0	9.62712	0.0	0.0	0.0	0.0	0.0	0.0	0.0	5.89026	0.0	0.0	0.0	0.0	0.23556	0.0	0.12881	0.0	0.0	0.0
k__Bacteria|p__Actinomycetota|c__Actinomycetes|o__Actinomycetales|f__Actinomycetaceae|g__Ancrocorticia|s__Ancrocorticia_populi|t__SGB23979	0.0	0.0	0.0	0.0	0.0	5.54918	0.29152	0.0	0.0	0.0	0.0	0.0	0.0	0.0	0.0	0.0	0.0	0.0	1.514	0.0	1.35899	0.0	0.0	0.0
k__Bacteria|p__Actinomycetota|c__Actinomycetes|o__Mycobacteriales|f__Corynebacteriaceae|g__GGB129573|s__GGB129573_SGB66234|t__SGB66234	0.0	0.0	0.0	0.0	0.0	3.38938	20.79072	0.0	0.0	0.0	0.0	0.0	0.0	0.0	0.01664	0.0	0.0	15.46375	4.31465	0.15471	25.78967	0.0	0.0	0.0
k__Bacteria|p__Actinomycetota|c__Actinomycetes|o__Micrococcales|f__Micrococcaceae|g__Garicola|s__Garicola_SGB98753|t__SGB98753	0.0	0.0	0.0	0.0	0.0	2.90129	0.0	0.0	0.0	0.0	0.0	0.0	0.0	0.0	0.00953	0.0	0.0	0.17292	1.15375	0.0	0.34535	0.0	0.0	0.0
k__Bacteria|p__Actinomycetota|c__Actinomycetes|o__Micrococcales|f__Brevibacteriaceae|g__Brevibacterium|s__Brevibacterium_SGB98807|t__SGB98807	0.0	0.0	0.0	0.0	0.0	2.5317	0.0	0.0	0.0	0.0	0.0	0.0	0.0	0.0	0.02834	0.0	0.0	0.03557	0.25933	0.0	0.04503	0.0	0.0	0.0
k__Bacteria|p__Actinomycetota|c__Actinomycetes|o__Kitasatosporales|f__Streptomycetaceae|g__GGB64727|s__GGB64727_SGB98928|t__SGB98928	0.0	0.0	0.0	0.0	0.0	1.77886	0.0	0.0	0.0	0.0	0.0	0.0	0.0	0.0	0.0	0.0	0.0	0.0	0.0	0.0	0.0	0.0	0.0	0.0
k__Bacteria|p__Actinomycetota|c__Actinomycetes|o__Micrococcales|f__Microbacteriaceae|g__GGB74290|s__GGB74290_SGB99069|t__SGB99069	0.0	0.0	0.0	0.0	0.0	1.77283	0.5101	0.0	0.0	0.0	0.0	0.0	0.0	0.50769	0.0	0.0	0.0	1.53465	0.0	0.35398	0.17711	0.0	0.0	0.11153
k__Bacteria|p__Actinomycetota|c__Actinomycetes|o__Mycobacteriales|f__Corynebacteriaceae|g__GGB48227|s__GGB48227_SGB69236|t__SGB69236	0.0	0.0	0.0	0.0	0.0	0.97398	0.0	0.0	0.0	0.0	0.0	0.0	0.0	0.0	0.0	0.0	0.0	0.49321	0.0	0.0	0.01627	0.0	0.0	0.0
k__Bacteria|p__Actinomycetota|c__Actinomycetes|o__Micrococcales|f__Brevibacteriaceae|g__Brevibacterium|s__Brevibacterium_yomogidense|t__SGB16632	0.0	0.0	0.0	0.0	0.0	0.87214	0.16756	0.0	0.10703	0.0	0.0	0.0	0.0	0.02046	0.0	0.0	0.1446	5.66669	2.22145	0.41769	3.65526	0.0	0.0	0.0
k__Bacteria|p__Pseudomonadota|c__Betaproteobacteria|o__Burkholderiales|f__Alcaligenaceae|g__Advenella|s__Advenella_sp_FME57|t__SGB22915	0.0	0.0	0.0	0.0	0.0	0.54087	0.0	0.0	0.0	0.0	0.0	0.0	0.0	0.0	0.0	0.0	0.0	0.0	0.0	0.0	0.0	0.0	0.0	0.0
k__Bacteria|p__Actinomycetota|c__Actinomycetes|o__Micrococcales|f__Micrococcaceae|g__GGB72946|s__GGB72946_SGB100398|t__SGB100398	0.0	0.0	0.0	0.0	0.0	0.28507	0.0	0.0	0.0	0.0	0.0	0.0	0.0	0.0	0.0	0.0	0.0	0.0	0.0	0.0	0.0	0.0	0.0	0.0
k__Bacteria|p__Actinomycetota|c__Actinomycetes|o__Mycobacteriales|f__Corynebacteriaceae|g__GGB52421|s__GGB52421_SGB73284|t__SGB73284	0.0	0.0	0.0	0.0	0.0	0.26264	0.0	0.0	0.0	3.72987	0.0	0.0	0.0	0.0	0.0	0.0	0.16257	1.57154	0.0	0.0	0.01809	0.0	0.0	0.0
k__Bacteria|p__Firmicutes|c__Bacilli|o__Lactobacillales|f__Enterococcaceae|g__Tetragenococcus|s__Tetragenococcus_koreensis|t__SGB29882	0.0	0.0	0.0	0.0	0.0	0.24832	0.09194	0.0	0.0	8.02398	0.0	0.0	0.0	0.0	0.0	0.0	0.0	0.0	0.0	0.0	0.0	0.0	0.0	0.0
k__Bacteria|p__Actinomycetota|c__Actinomycetes|o__Micrococcales|f__Ruaniaceae|g__Ruania|s__Ruania_SGB99014|t__SGB99014	0.0	0.0	0.0	0.0	0.0	0.24454	0.0	0.0	0.0	0.0	0.0	0.0	0.0	0.0	0.0	0.0	0.0	0.0	0.12088	0.0	1.66099	0.0	0.0	0.0
k__Bacteria|p__Actinomycetota|c__Actinomycetes|o__Kitasatosporales|f__Streptomycetaceae|g__GGB10128|s__GGB10128_SGB98950|t__SGB98950	0.0	0.0	0.0	0.0	0.0	0.20455	0.0	0.0	0.0	0.0	0.0	0.0	0.0	0.0	0.0	0.0	0.0	0.0	0.25299	0.0	0.68456	0.0	0.0	0.0
k__Bacteria|p__Pseudomonadota|c__Betaproteobacteria|o__Burkholderiales|f__Alcaligenaceae|g__Advenella|s__Advenella_sp_S44|t__SGB11983	0.0	0.0	0.0	0.0	0.0	0.19432	0.0	0.0	0.0	0.0	0.0	0.0	0.0	0.0	0.0	0.0	0.0	0.0	0.0	0.90313	0.03299	0.0	0.0	0.0
k__Bacteria|p__Bacteroidota|c__Sphingobacteriia|o__Sphingobacteriales|f__Sphingobacteriaceae|g__GGB49493|s__GGB49493_SGB69432|t__SGB69432	0.0	0.0	0.0	0.0	0.0	0.18265	0.05268	0.0	0.0	0.0	0.0	0.0	0.0	6.71601	0.0	0.0	0.05793	0.0	0.18891	1.11547	6.85759	0.0	0.0	0.07714
k__Bacteria|p__Actinomycetota|c__Actinomycetes|o__Micrococcales|f__Micrococcaceae|g__GGB42949|s__GGB42949_SGB60172|t__SGB60172	0.0	0.0	0.0	0.0	0.0	0.17838	0.47041	0.0	0.0	0.01629	0.0	0.0	0.0	0.0	0.30469	0.0	2.74328	0.11565	74.74207	0.0	1.76814	0.0	0.0	0.0
k__Bacteria|p__Actinomycetota|c__Actinomycetes|o__Kitasatosporales|f__Streptomycetaceae|g__GGB64727|s__GGB64727_SGB98929|t__SGB98929	0.0	0.0	0.0	0.0	0.0	0.15866	0.0	0.0	0.0	0.0	0.0	0.0	0.0	0.0	0.0	0.0	0.0	0.0	0.0	0.0	0.0	0.0	0.0	0.0
k__Bacteria|p__Actinomycetota|c__Actinomycetes|o__Micrococcales|f__Brevibacteriaceae|g__Brevibacterium|s__Brevibacterium_sp_S111|t__SGB34830	0.0	0.0	0.0	0.0	0.0	0.13293	0.50944	0.0	0.0	0.00758	0.0	0.0	0.0	0.0	0.07498	0.0	0.0	0.0	0.46731	0.0	0.0	0.0	0.0	0.0
k__Bacteria|p__Actinomycetota|c__Actinomycetes|o__Propionibacteriales|f__Propionibacteriaceae|g__Propionimicrobium|s__Propionimicrobium_sp_PCR01_08_3|t__SGB98817	0.0	0.0	0.0	0.0	0.0	0.12532	0.0	0.0	0.0	0.0	0.0	0.0	0.0	0.0	0.0	0.0	0.0	0.0	0.0	0.0	0.0	0.0	0.0	0.0
k__Bacteria|p__Actinomycetota|c__Actinomycetes|o__Micrococcales|f__Brevibacteriaceae|g__Brevibacterium|s__Brevibacterium_linens|t__SGB16634	0.0	0.0	0.0	0.0	0.0	0.11946	0.0	0.0	0.0	0.0	0.0	0.0	0.0	0.0	0.0	0.02605	0.0	0.0	0.0	0.0	0.0	0.0	0.0	0.0
k__Bacteria|p__Actinomycetota|c__Actinomycetes|o__Micrococcales|f__Brevibacteriaceae|g__Brevibacterium|s__Brevibacterium_antiquum|t__SGB16638	0.0	0.0	0.0	0.0	0.0	0.10372	0.0	0.0	0.0	0.0	0.0	0.0	0.0	0.0	0.02633	0.64292	0.72173	0.0	0.0	0.01	1.54184	0.0	0.0	0.0
k__Bacteria|p__Actinomycetota|c__Actinomycetes|o__Micrococcales|f__Microbacteriaceae|g__Microbacterium|s__Microbacterium_sp_JB110|t__SGB16938	0.0	0.0	0.0	0.0	0.0	0.09098	0.0	0.0	0.0	0.0	0.0	0.0	0.0	0.00216	0.0	0.0	0.0	0.0	0.43244	0.0	1.60319	0.0	0.0	0.0
k__Bacteria|p__Actinomycetota|c__Actinomycetes|o__Propionibacteriales|f__Propionibacteriaceae|g__GGB71869|s__GGB71869_SGB98873|t__SGB98873	0.0	0.0	0.0	0.0	0.0	0.08465	0.0	0.0	0.0	0.0	0.0	0.0	0.0	0.0	0.0	0.0	0.00383	0.0	0.0	0.0	0.02026	0.0	0.0	0.0
k__Bacteria|p__Actinomycetota|c__Actinomycetes|o__Propionibacteriales|f__Propionibacteriaceae|g__Acidipropionibacterium|s__Acidipropionibacterium_acidipropionici|t__SGB16957	0.0	0.0	0.0	0.0	0.0	0.08263	0.0	0.0	0.0	0.0	0.0	0.0	0.0	0.0	0.0	0.0	0.0	0.0	0.0	0.0	0.0	0.0	0.0	0.0
k__Bacteria|p__Actinomycetota|c__Actinomycetes|o__Propionibacteriales|f__Propionibacteriaceae|g__GGB71840|s__GGB71840_SGB98840|t__SGB98840	0.0	0.0	0.0	0.0	0.0	0.06426	0.0	0.0	0.0	0.0	0.0	0.0	0.0	0.0	0.0	0.0	0.0	0.0	0.06537	0.0	0.0	0.0	0.0	0.0
k__Bacteria|p__Firmicutes|c__Bacilli|o__Lactobacillales|f__Enterococcaceae|g__Tetragenococcus|s__Tetragenococcus_halophilus|t__SGB7926	0.0	0.0	0.0	0.0	0.0	0.06086	0.0	0.0	0.0	0.0	0.0	0.0	0.0	0.0	0.0	0.0	0.0	0.0	0.0	0.0	0.0	0.0	0.0	0.0
k__Bacteria|p__Actinomycetota|c__Actinomycetes|o__Micrococcales|f__Dermabacteraceae|g__Brachybacterium|s__Brachybacterium_SGB93118|t__SGB93118	0.0	0.0	0.0	0.0	0.0	0.04613	2.84259	0.0	0.11388	0.0	0.0	0.0	0.0	0.0	0.0	0.0	0.11674	0.12445	0.04755	0.67975	1.43635	0.0	0.0	0.0
k__Bacteria|p__Actinomycetota|c__Actinomycetes|o__Micrococcales|f__Micrococcaceae|g__Garicola|s__Garicola_koreensis|t__SGB87969	0.0	0.0	0.0	0.0	0.0	0.04058	0.0	0.0	0.0	0.0	0.0	0.0	0.0	0.0	0.0	0.0	0.0	0.0	0.0	0.0	0.0	0.0	0.0	0.0
k__Bacteria|p__Actinomycetota|c__Actinomycetes|o__Actinomycetales|f__Actinomycetales_unclassified|g__Actinomycetales_unclassified|s__Actinomycetales_bacterium_JB111|t__SGB16045	0.0	0.0	0.0	0.0	0.0	0.02965	0.0	0.0	0.0	0.0	0.0	0.0	0.0	0.24108	0.0	0.0	0.0	0.0	0.14562	0.0	0.0	0.0	0.0	0.0
k__Bacteria|p__Firmicutes|c__Bacilli|o__Lactobacillales|f__Enterococcaceae|g__Enterococcus|s__Enterococcus_dongliensis|t__SGB49089	0.0	0.0	0.0	0.0	0.0	0.02316	0.02198	0.0	0.0	0.0	0.0	0.0	0.0	0.0814	0.0	0.0	0.0	0.0	0.0	0.0	0.0	0.0	0.0	0.02561
k__Bacteria|p__Firmicutes|c__Bacilli|o__Lactobacillales|f__Lactobacillaceae|g__Lactobacillus|s__Lactobacillus_helveticus|t__SGB7048	0.0	0.0	0.0	0.0	0.0	0.02264	0.0	0.0	0.0	0.0	0.0	0.2183	0.0	0.0	0.0	0.0	0.0	0.0	0.0	0.0	0.0	0.0	0.0	0.0
k__Bacteria|p__Actinomycetota|c__Actinomycetes|o__Micrococcales|f__Dermabacteraceae|g__Brachybacterium|s__Brachybacterium_saurashtrense|t__SGB23788	0.0	0.0	0.0	0.0	0.0	0.01481	0.0	0.0	0.0	0.0	0.0	0.0	0.0	0.0	0.0	0.0	0.0	0.0	0.0	0.0	0.0	0.0	0.0	0.0
k__Bacteria|p__Actinomycetota|c__Actinomycetes|o__Micrococcales|f__Dermabacteraceae|g__Brachybacterium|s__Brachybacterium_sacelli|t__SGB93116	0.0	0.0	0.0	0.0	0.0	0.01032	0.0	0.0	0.0	0.0	0.0	0.0	0.0	0.0	0.0	0.0	0.0	0.0	0.0	0.0	0.0	0.0	0.0	0.0
k__Bacteria|p__Actinomycetota|c__Actinomycetes|o__Micrococcales|f__Dermabacteraceae|g__Brachybacterium|s__Brachybacterium_muris|t__SGB16646	0.0	0.0	0.0	0.0	0.0	0.01004	0.0	0.0	0.0	0.0	0.0	0.0	0.0	0.0	0.0	0.0	0.0	0.0	0.0	0.0	0.0	0.0	0.0	0.0
k__Bacteria|p__Firmicutes|c__Bacilli|o__Lactobacillales|f__Lactobacillaceae|g__Pediococcus|s__Pediococcus_parvulus|t__SGB7180	0.0	0.0	0.0	0.0	0.0	0.00795	0.0	0.0	0.0	0.0	0.0	0.0	0.0	0.0	0.0	0.0	0.0	0.0	0.0	0.0	0.0	0.0	0.0	0.0
k__Bacteria|p__Actinomycetota|c__Actinomycetes|o__Micrococcales|f__Brevibacteriaceae|g__Brevibacterium|s__Brevibacterium_SGB98808|t__SGB98808	0.0	0.0	0.0	0.0	0.0	0.00459	0.0	0.0	0.0	0.0	0.0	0.0	0.0	0.0	0.0	0.0	1.41679	0.0	0.0	1.21795	0.0	0.0	0.0	0.0
k__Bacteria|p__Actinomycetota|c__Actinomycetes|o__Actinomycetales|f__Actinomycetaceae|g__Flaviflexus|s__Flaviflexus_ciconiae|t__SGB33736	0.0	0.0	0.0	0.0	0.0	0.00409	0.0	0.0	0.0	0.0	0.0	0.0	0.0	0.49198	0.0	0.0	0.0	0.0	0.37405	0.0	1.8065	0.0	0.0	0.0
k__Bacteria|p__Actinomycetota|c__Actinomycetes|o__Micrococcales|f__Micrococcaceae|g__Citricoccus|s__Citricoccus_muralis|t__SGB175477	0.0	0.0	0.0	0.0	0.0	0.00318	0.0	0.0	0.0	0.0	0.0	0.0	0.0	0.00156	0.0	0.0	0.0	0.0	0.0	0.0	0.0	0.0	0.0	0.0
k__Bacteria|p__Pseudomonadota|c__Gammaproteobacteria|o__Oceanospirillales|f__Halomonadaceae|g__Halomonas|s__Halomonas_SGB69225|t__SGB69225	0.0	0.0	0.0	0.0	0.0	0.0	9.01658	0.0343	0.0	0.0	0.0	0.0	0.0	4.07498	11.26871	0.0	0.0	0.0	0.2045	0.40572	13.49395	0.0	0.0	6.03767
k__Bacteria|p__Firmicutes|c__Bacilli|o__Lactobacillales|f__Carnobacteriaceae|g__Alkalibacterium|s__Alkalibacterium_gilvum|t__SGB7879	0.0	0.0	0.0	0.0	0.0	0.0	0.85759	0.0	0.0	0.0	0.0	0.0	0.0	0.0	1.1625	0.0	0.0	0.38028	0.1088	0.0	0.84829	0.0	0.0	0.0
k__Bacteria|p__Bacteroidota|c__Flavobacteriia|o__Flavobacteriales|f__Flavobacteriaceae|g__GGB71372|s__GGB71372_SGB69433|t__SGB69433	0.0	0.0	0.0	0.0	0.0	0.0	0.6099	0.0	0.0	0.0	0.0	0.0	0.0	0.0	0.0	0.0	0.0	0.0	0.0	0.0	4.33335	0.0	0.0	0.0
k__Bacteria|p__Pseudomonadota|c__Gammaproteobacteria|o__Enterobacterales|f__Yersiniaceae|g__Serratia|s__Serratia_proteamaculans|t__SGB10258	0.0	0.0	0.0	0.0	0.0	0.0	0.0	1.62752	0.0	0.0	0.0	0.0	0.0	0.0	0.0	0.0	0.0	0.0	0.0	0.0	0.0	0.0	0.0	0.73998
k__Bacteria|p__Firmicutes|c__Bacilli|o__Bacillales|f__Staphylococcaceae|g__Staphylococcus|s__Staphylococcus_saprophyticus|t__SGB7848	0.0	0.0	0.0	0.0	0.0	0.0	0.0	0.0	33.35841	5.65995	0.0	0.0	0.0	0.0	0.0	0.0	0.0	0.0	0.0	0.0	0.0	0.0	0.0	0.0
k__Bacteria|p__Actinomycetota|c__Actinomycetes|o__Micrococcales|f__Dermabacteraceae|g__Brachybacterium|s__Brachybacterium_SGB100385|t__SGB100385	0.0	0.0	0.0	0.0	0.0	0.0	0.0	0.0	0.29096	0.0	0.0	0.0	0.0	0.0	0.0	0.0	0.0	0.0	0.0	0.0	0.0	0.0	0.0	0.0
k__Bacteria|p__Firmicutes|c__Bacilli|o__Bacillales|f__Staphylococcaceae|g__Staphylococcus|s__Staphylococcus_succinus|t__SGB7842	0.0	0.0	0.0	0.0	0.0	0.0	0.0	0.0	0.16733	0.0	0.0	0.0	0.0	0.0	0.0	0.0	0.28724	0.0	0.0	0.0	0.0	0.0	0.0	0.0
k__Bacteria|p__Actinomycetota|c__Actinomycetes|o__Streptosporangiales|f__Nocardiopsidaceae|g__Nocardiopsis|s__Nocardiopsis_sp_JB363|t__SGB16395	0.0	0.0	0.0	0.0	0.0	0.0	0.0	0.0	0.06546	0.0	0.0	0.0	0.0	0.0	0.0	0.0	0.0	0.0	0.0	0.25354	0.05025	0.0	0.0	0.0
k__Bacteria|p__Pseudomonadota|c__Alphaproteobacteria|o__Hyphomicrobiales|f__Bartonellaceae|g__GGB72429|s__GGB72429_SGB99621|t__SGB99621	0.0	0.0	0.0	0.0	0.0	0.0	0.0	0.0	0.03424	0.95472	0.0	0.0	0.0	0.0	0.0	0.0	0.0	0.0	0.0	0.0	0.0	0.0	0.0	0.0
k__Eukaryota|p__Ascomycota|c__Eurotiomycetes|o__Eurotiales|f__Aspergillaceae|g__Penicillium|s__Penicillium_nordicum|t__EUK229535	0.0	0.0	0.0	0.0	0.0	0.0	0.0	0.0	0.01135	0.0	0.0	0.0	0.0	0.0	0.0	0.0	0.0	0.0	0.0	0.0	0.0	0.0	0.0	0.0
k__Bacteria|p__Actinomycetota|c__Actinomycetes|o__Micrococcales|f__Dermabacteraceae|g__Brachybacterium|s__Brachybacterium_sp_FME24|t__SGB87479	0.0	0.0	0.0	0.0	0.0	0.0	0.0	0.0	0.01085	0.0	0.0	0.0	0.0	0.0	0.0	0.0	0.0	0.0	0.0	0.0	0.0	0.0	0.0	0.0
k__Bacteria|p__Actinomycetota|c__Actinomycetes|o__Mycobacteriales|f__Corynebacteriaceae|g__Corynebacterium|s__Corynebacterium_SGB69237|t__SGB69237	0.0	0.0	0.0	0.0	0.0	0.0	0.0	0.0	0.00992	10.57654	0.0	0.0	0.0	0.0	0.0	0.0	0.0	0.0	0.0	0.0	0.0	0.0	0.0	0.0
k__Bacteria|p__Firmicutes|c__Bacilli|o__Bacillales|f__Staphylococcaceae|g__Staphylococcus|s__Staphylococcus_edaphicus|t__SGB7849	0.0	0.0	0.0	0.0	0.0	0.0	0.0	0.0	0.00891	0.0	0.0	0.0	0.0	0.0	0.0	0.0	0.0	0.0	0.0	0.0	0.0	0.0	0.0	0.0
k__Bacteria|p__Actinomycetota|c__Actinomycetes|o__Micrococcales|f__Micrococcaceae|g__Citricoccus|s__Citricoccus_SGB98783|t__SGB98783	0.0	0.0	0.0	0.0	0.0	0.0	0.0	0.0	0.00668	0.0	0.0	0.0	0.0	0.0	0.0	0.0	0.10343	0.81529	0.0	0.0	0.0	0.0	0.0	0.0
k__Bacteria|p__Actinomycetota|c__Actinomycetes|o__Micrococcales|f__Micrococcaceae|g__Rothia|s__Rothia_SGB69238|t__SGB69238	0.0	0.0	0.0	0.0	0.0	0.0	0.0	0.0	0.0	10.54561	0.0	0.0	0.0	0.0	0.0	0.0	0.0	0.0	0.0	0.0	0.0	0.0	0.0	0.0
k__Bacteria|p__Firmicutes|c__Bacilli|o__Bacillales|f__Staphylococcaceae|g__Mammaliicoccus|s__Mammaliicoccus_lentus|t__SGB7817	0.0	0.0	0.0	0.0	0.0	0.0	0.0	0.0	0.0	7.69186	0.0	0.0	0.0	0.0	0.0	0.0	0.0	0.0	0.0	0.0	0.0	0.0	0.0	0.0
k__Bacteria|p__Actinomycetota|c__Actinomycetes|o__Mycobacteriales|f__Dietziaceae|g__Dietzia|s__Dietzia_SGB66233|t__SGB66233	0.0	0.0	0.0	0.0	0.0	0.0	0.0	0.0	0.0	0.37758	0.0	0.0	0.0	0.0	0.0	0.0	0.0	0.0	0.0	0.0	0.0	0.0	0.0	0.0
k__Eukaryota|p__Ascomycota|c__Eurotiomycetes|o__Eurotiales|f__Aspergillaceae|g__Penicillium|s__Penicillium_roqueforti|t__EUK5082	0.0	0.0	0.0	0.0	0.0	0.0	0.0	0.0	0.0	0.08927	0.0	0.0	0.0	0.0	0.0	0.0	0.0	0.0	0.0	0.0	0.0	0.0	0.0	0.0
k__Bacteria|p__Actinomycetota|c__Actinomycetes|o__Micrococcales|f__Dermabacteraceae|g__Brachybacterium|s__Brachybacterium_fresconis|t__SGB100391	0.0	0.0	0.0	0.0	0.0	0.0	0.0	0.0	0.0	0.07796	0.0	0.0	0.0	0.0	0.0	0.0	0.0	0.0	0.0	0.0	0.0	0.0	0.0	0.0
k__Bacteria|p__Actinomycetota|c__Actinomycetes|o__Mycobacteriales|f__Corynebacteriaceae|g__Corynebacterium|s__Corynebacterium_glyciniphilum|t__SGB38105	0.0	0.0	0.0	0.0	0.0	0.0	0.0	0.0	0.0	0.06888	0.0	0.0	0.0	0.0	0.0	0.0	0.0	0.01098	0.0	0.0	0.0	0.0	0.0	0.0
k__Bacteria|p__Bacteroidota|c__CFGB70525|o__OFGB70525|f__FGB70525|g__GGB73033|s__GGB73033_SGB100492|t__SGB100492	0.0	0.0	0.0	0.0	0.0	0.0	0.0	0.0	0.0	0.04309	0.0	0.0	0.0	0.0	0.0	0.0	0.0	0.0	0.0	0.0	0.0	0.0	0.0	0.0
k__Bacteria|p__Actinomycetota|c__Actinomycetes|o__Mycobacteriales|f__Corynebacteriaceae|g__Corynebacterium|s__Corynebacterium_glyciniphilum|t__SGB17033	0.0	0.0	0.0	0.0	0.0	0.0	0.0	0.0	0.0	0.00695	0.0	0.0	0.0	0.0	0.0	0.0	0.0	0.70051	0.0	0.0	0.0	0.0	0.0	0.0
k__Bacteria|p__Firmicutes|c__Bacilli|o__Lactobacillales|f__Streptococcaceae|g__Streptococcus|s__Streptococcus_thermophilus|t__SGB8002	0.0	0.0	0.0	0.0	0.0	0.0	0.0	0.0	0.0	0.0	41.77538	30.34899	0.0	0.0	0.1485	0.0	0.0	0.00309	0.0114	0.0	0.0	0.0	0.01295	0.0
k__Bacteria|p__Pseudomonadota|c__Gammaproteobacteria|o__Oceanospirillales|f__Halomonadaceae|g__Cobetia|s__Cobetia_marina|t__SGB11854	0.0	0.0	0.0	0.0	0.0	0.0	0.0	0.0	0.0	0.0	0.23035	0.0	0.0	0.0	0.56476	0.0	0.0	0.0	0.0	0.0	0.0	0.0	0.0	0.0
k__Bacteria|p__Firmicutes|c__Bacilli|o__Lactobacillales|f__Lactobacillaceae|g__Lactobacillus|s__Lactobacillus_delbrueckii|t__SGB7020	0.0	0.0	0.0	0.0	0.0	0.0	0.0	0.0	0.0	0.0	0.0	0.46318	0.0	0.0	0.0	0.0	0.0	0.0	0.0	0.0	0.0	0.0	0.0	0.0
k__Bacteria|p__Pseudomonadota|c__Gammaproteobacteria|o__Oceanospirillales|f__Halomonadaceae|g__Cobetia|s__Cobetia_amphilecti|t__SGB11853	0.0	0.0	0.0	0.0	0.0	0.0	0.0	0.0	0.0	0.0	0.0	0.0	0.29273	0.0	0.18948	0.0	0.0	0.0	0.0	0.0	0.0	0.0	0.0	0.0
k__Bacteria|p__Pseudomonadota|c__Gammaproteobacteria|o__Alteromonadales|f__Shewanellaceae|g__Shewanella|s__Shewanella_algidipiscicola|t__SGB30961	0.0	0.0	0.0	0.0	0.0	0.0	0.0	0.0	0.0	0.0	0.0	0.0	0.01054	0.0	0.0	0.0	0.0	0.0	0.0	0.0	0.0	0.0	0.0	0.0
k__Bacteria|p__Pseudomonadota|c__Gammaproteobacteria|o__Lysobacterales|f__Lysobacteraceae|g__Luteimonas|s__Luteimonas_SGB69224|t__SGB69224	0.0	0.0	0.0	0.0	0.0	0.0	0.0	0.0	0.0	0.0	0.0	0.0	0.01009	20.95719	0.0	0.0	0.0	0.0	0.0	0.00484	6.91228	0.0	0.0	0.0
k__Bacteria|p__Pseudomonadota|c__Gammaproteobacteria|o__Alteromonadales|f__Pseudoalteromonadaceae|g__Pseudoalteromonas|s__Pseudoalteromonas_haloplanktis|t__SGB30756	0.0	0.0	0.0	0.0	0.0	0.0	0.0	0.0	0.0	0.0	0.0	0.0	0.00659	0.0	0.0	0.0	0.0	0.0	0.0	0.0	0.0	0.0	0.0	0.0
k__Bacteria|p__Pseudomonadota|c__Betaproteobacteria|o__Burkholderiales|f__Alcaligenaceae|g__Alcaligenes|s__Alcaligenes_aquatilis|t__SGB11986	0.0	0.0	0.0	0.0	0.0	0.0	0.0	0.0	0.0	0.0	0.0	0.0	0.00618	26.21782	0.0	0.0	0.0	0.0	0.0	0.0	0.0	0.0	0.0	0.0
k__Bacteria|p__Bacteroidota|c__Flavobacteriia|o__Flavobacteriales|f__Flavobacteriaceae|g__Psychroflexus|s__Psychroflexus_halocasei|t__SGB2909	0.0	0.0	0.0	0.0	0.0	0.0	0.0	0.0	0.0	0.0	0.0	0.0	0.0	3.24906	0.0	0.0	0.0	0.0	0.04527	0.0	0.06122	0.0	0.0	0.03748
k__Bacteria|p__Actinomycetota|c__Actinomycetes|o__Mycobacteriales|f__Mycobacteriaceae|g__GGB71750|s__GGB71750_SGB98711|t__SGB98711	0.0	0.0	0.0	0.0	0.0	0.0	0.0	0.0	0.0	0.0	0.0	0.0	0.0	1.33307	0.0	0.0	0.0	0.0	0.0	0.0	0.0	0.0	0.0	0.0
k__Bacteria|p__Actinomycetota|c__Actinomycetes|o__Micrococcales|f__Microbacteriaceae|g__GGB71983|s__GGB71983_SGB99036|t__SGB99036	0.0	0.0	0.0	0.0	0.0	0.0	0.0	0.0	0.0	0.0	0.0	0.0	0.0	0.7494	0.0	0.0	0.0	0.0	0.00786	0.0	0.46299	0.0	0.0	0.0
k__Bacteria|p__Actinomycetota|c__Actinomycetes|o__Micrococcales|f__Microbacteriaceae|g__Leucobacter|s__Leucobacter_sp_UCMA_4100|t__SGB175170	0.0	0.0	0.0	0.0	0.0	0.0	0.0	0.0	0.0	0.0	0.0	0.0	0.0	0.60886	0.0	0.0	0.0	0.0	0.0	0.0	0.0	0.0	0.0	0.0
k__Bacteria|p__Pseudomonadota|c__Alphaproteobacteria|o__Rhodobacterales|f__Paracoccaceae|g__Paracoccus|s__Paracoccus_alcaliphilus|t__SGB10713	0.0	0.0	0.0	0.0	0.0	0.0	0.0	0.0	0.0	0.0	0.0	0.0	0.0	0.44651	0.0	0.0	0.0	0.0	0.0	0.0	0.0	0.0	0.0	0.0
k__Bacteria|p__Pseudomonadota|c__Betaproteobacteria|o__Burkholderiales|f__Alcaligenaceae|g__Alcaligenaceae_unclassified|s__Alcaligenaceae_unclassified_SGB57624|t__SGB57624	0.0	0.0	0.0	0.0	0.0	0.0	0.0	0.0	0.0	0.0	0.0	0.0	0.0	0.38513	0.0	0.0	0.0	0.0	0.0	0.0	0.0	0.0	0.0	0.0
k__Bacteria|p__Pseudomonadota|c__Betaproteobacteria|o__Burkholderiales|f__Alcaligenaceae|g__Paenalcaligenes|s__Paenalcaligenes_suwonensis|t__SGB80473	0.0	0.0	0.0	0.0	0.0	0.0	0.0	0.0	0.0	0.0	0.0	0.0	0.0	0.18926	0.0	0.0	0.0	0.0	0.0	0.0	0.0	0.0	0.0	0.0
k__Bacteria|p__Firmicutes|c__Tissierellia|o__Tissierellales|f__Tissierellaceae|g__GGB71279|s__GGB71279_SGB97356|t__SGB97356	0.0	0.0	0.0	0.0	0.0	0.0	0.0	0.0	0.0	0.0	0.0	0.0	0.0	0.10726	0.58697	0.0	0.0	0.0	0.0	0.0	0.5828	0.0	0.0	0.0
k__Bacteria|p__Bacteroidota|c__Flavobacteriia|o__Flavobacteriales|f__Flavobacteriaceae|g__Salegentibacter|s__Salegentibacter_SGB97747|t__SGB97747	0.0	0.0	0.0	0.0	0.0	0.0	0.0	0.0	0.0	0.0	0.0	0.0	0.0	0.08809	0.0	0.0	0.0	0.0	0.0	0.0	0.09503	0.0	0.0	0.01084
k__Bacteria|p__Firmicutes|c__Bacilli|o__Lactobacillales|f__Enterococcaceae|g__Vagococcus|s__Vagococcus_carniphilus|t__SGB29898	0.0	0.0	0.0	0.0	0.0	0.0	0.0	0.0	0.0	0.0	0.0	0.0	0.0	0.08444	0.0	0.0	0.0	0.0	0.0	0.0	0.0	0.0	0.0	0.0
k__Bacteria|p__Bacteroidota|c__Sphingobacteriia|o__Sphingobacteriales|f__Sphingobacteriaceae|g__Sphingobacterium|s__Sphingobacterium_sp_JB170|t__SGB3135	0.0	0.0	0.0	0.0	0.0	0.0	0.0	0.0	0.0	0.0	0.0	0.0	0.0	0.08032	0.0	0.0	0.0	0.0	0.0	0.0	0.00231	0.0	0.0	0.0
k__Bacteria|p__Pseudomonadota|c__Gammaproteobacteria|o__Enterobacterales|f__Morganellaceae|g__Morganella|s__Morganella_morganii|t__SGB10026	0.0	0.0	0.0	0.0	0.0	0.0	0.0	0.0	0.0	0.0	0.0	0.0	0.0	0.06784	0.0	0.0	0.0	0.0	0.0	0.0	0.0	0.0	0.0	0.0
k__Bacteria|p__Pseudomonadota|c__Gammaproteobacteria|o__Pseudomonadales|f__Marinobacteraceae|g__Marinobacter|s__Marinobacter_salexigens|t__SGB110532	0.0	0.0	0.0	0.0	0.0	0.0	0.0	0.0	0.0	0.0	0.0	0.0	0.0	0.06308	0.0	0.0	0.0	0.0	0.0	0.0	0.0	0.0	0.0	0.0
k__Bacteria|p__Pseudomonadota|c__Gammaproteobacteria|o__Oceanospirillales|f__Halomonadaceae|g__GGB72118|s__GGB72118_SGB99212|t__SGB99212	0.0	0.0	0.0	0.0	0.0	0.0	0.0	0.0	0.0	0.0	0.0	0.0	0.0	0.05058	0.0	0.0	0.0	0.0	0.0	0.0	0.0	0.0	0.0	0.0
k__Bacteria|p__Pseudomonadota|c__Alphaproteobacteria|o__Hyphomicrobiales|f__Brucellaceae|g__Falsochrobactrum|s__Falsochrobactrum_tianjinense|t__SGB111460	0.0	0.0	0.0	0.0	0.0	0.0	0.0	0.0	0.0	0.0	0.0	0.0	0.0	0.04707	0.0	0.0	0.0	0.0	0.0	0.0	0.0	0.0	0.0	0.0
k__Bacteria|p__Actinomycetota|c__Actinomycetes|o__Micrococcales|f__Microbacteriaceae|g__GGB143175|s__GGB143175_SGB212025|t__SGB212025	0.0	0.0	0.0	0.0	0.0	0.0	0.0	0.0	0.0	0.0	0.0	0.0	0.0	0.0182	0.0	0.0	0.0	0.0	0.0	0.0	0.0	0.0	0.0	0.0
k__Bacteria|p__Pseudomonadota|c__Gammaproteobacteria|o__Aeromonadales|f__Aeromonadaceae|g__Oceanisphaera|s__Oceanisphaera_SGB99721|t__SGB99721	0.0	0.0	0.0	0.0	0.0	0.0	0.0	0.0	0.0	0.0	0.0	0.0	0.0	0.01521	0.0	0.0	0.0	0.0	0.0	0.0	0.0	0.0	0.0	0.0
k__Bacteria|p__Pseudomonadota|c__Betaproteobacteria|o__Burkholderiales|f__Alcaligenaceae|g__Alcaligenes|s__Alcaligenes_pakistanensis|t__SGB22907	0.0	0.0	0.0	0.0	0.0	0.0	0.0	0.0	0.0	0.0	0.0	0.0	0.0	0.00864	0.0	0.0	0.0	0.0	0.0	0.0	0.0	0.0	0.0	0.0167
k__Bacteria|p__Pseudomonadota|c__Gammaproteobacteria|o__Lysobacterales|f__Lysobacteraceae|g__Luteimonas|s__Luteimonas_SGB180805|t__SGB180805	0.0	0.0	0.0	0.0	0.0	0.0	0.0	0.0	0.0	0.0	0.0	0.0	0.0	0.00388	0.0	0.0	0.0	0.0	0.0	0.0	0.0	0.0	0.0	0.0
k__Bacteria|p__Pseudomonadota|c__Gammaproteobacteria|o__Pseudomonadales|f__Marinobacteraceae|g__Marinobacter|s__Marinobacter_SGB99139|t__SGB99139	0.0	0.0	0.0	0.0	0.0	0.0	0.0	0.0	0.0	0.0	0.0	0.0	0.0	0.00336	0.0	0.0	0.0	0.0	0.0	0.0	0.0	0.0	0.0	0.0
k__Bacteria|p__Actinomycetota|c__Actinomycetes|o__Micrococcales|f__Microbacteriaceae|g__Microbacterium|s__Microbacterium_esteraromaticum|t__SGB16939	0.0	0.0	0.0	0.0	0.0	0.0	0.0	0.0	0.0	0.0	0.0	0.0	0.0	0.00295	0.0	0.0	0.0	0.0	0.0	0.0	0.0	0.0	0.0	0.0
k__Bacteria|p__Pseudomonadota|c__Gammaproteobacteria|o__Lysobacterales|f__Lysobacteraceae|g__Luteimonas|s__Luteimonas_sp_JM171|t__SGB12515	0.0	0.0	0.0	0.0	0.0	0.0	0.0	0.0	0.0	0.0	0.0	0.0	0.0	0.00252	0.0	0.0	0.0	0.0	0.0	0.0	0.0	0.0	0.0	0.0
k__Bacteria|p__Firmicutes|c__CFGB5659|o__OFGB5659|f__FGB5659|g__GGB71190|s__GGB71190_SGB96928|t__SGB96928	0.0	0.0	0.0	0.0	0.0	0.0	0.0	0.0	0.0	0.0	0.0	0.0	0.0	0.00114	0.0	0.0	0.0	0.0	0.0	0.0	0.0373	0.0	0.0	0.0
k__Bacteria|p__Pseudomonadota|c__Betaproteobacteria|o__Burkholderiales|f__Alcaligenaceae|g__Alcaligenaceae_unclassified|s__Alcaligenaceae_bacterium_429|t__SGB30595	0.0	0.0	0.0	0.0	0.0	0.0	0.0	0.0	0.0	0.0	0.0	0.0	0.0	0.0007	0.0	0.0	0.0	0.0	0.0	0.0	0.0	0.0	0.0	0.0
k__Bacteria|p__Pseudomonadota|c__Gammaproteobacteria|o__Oceanospirillales|f__Halomonadaceae|g__Cobetia|s__Cobetia_crustatorum|t__SGB32414	0.0	0.0	0.0	0.0	0.0	0.0	0.0	0.0	0.0	0.0	0.0	0.0	0.0	0.0	1.38998	0.0	0.0	0.0	0.0	0.0	0.0	0.0	0.0	0.0
k__Bacteria|p__Pseudomonadota|c__Gammaproteobacteria|o__Vibrionales|f__Vibrionaceae|g__Vibrio|s__Vibrio_SGB211232|t__SGB211232	0.0	0.0	0.0	0.0	0.0	0.0	0.0	0.0	0.0	0.0	0.0	0.0	0.0	0.0	0.32891	0.0	0.0	0.0	0.0	0.0	0.0	0.0	0.0	0.0
k__Bacteria|p__Pseudomonadota|c__Gammaproteobacteria|o__Oceanospirillales|f__Halomonadaceae|g__Vreelandella|s__Vreelandella_profundi|t__SGB99183	0.0	0.0	0.0	0.0	0.0	0.0	0.0	0.0	0.0	0.0	0.0	0.0	0.0	0.0	0.0013	0.0	0.0	0.0	0.0	0.0	0.0	0.0	0.0	0.0
k__Bacteria|p__Pseudomonadota|c__Gammaproteobacteria|o__Oceanospirillales|f__Halomonadaceae|g__Chromohalobacter|s__Chromohalobacter_japonicus|t__SGB11855_group	0.0	0.0	0.0	0.0	0.0	0.0	0.0	0.0	0.0	0.0	0.0	0.0	0.0	0.0	0.0	0.0762	0.0	0.0	0.0	0.0	0.0	0.0	0.0	0.0
k__Bacteria|p__Actinomycetota|c__Actinomycetes|o__Micrococcales|f__Micrococcaceae|g__Arthrobacter|s__Arthrobacter_SGB98768|t__SGB98768	0.0	0.0	0.0	0.0	0.0	0.0	0.0	0.0	0.0	0.0	0.0	0.0	0.0	0.0	0.0	0.03201	0.0	0.0	0.0	0.0	0.0	0.0	0.0	0.0
k__Bacteria|p__Actinomycetota|c__Actinomycetes|o__Micrococcales|f__Micrococcaceae|g__Micrococcaceae_unclassified|s__Micrococcaceae_bacterium_RIT_802|t__SGB93206	0.0	0.0	0.0	0.0	0.0	0.0	0.0	0.0	0.0	0.0	0.0	0.0	0.0	0.0	0.0	0.00213	0.00106	0.0	0.0	0.0	0.0	0.0	0.0	0.0
k__Bacteria|p__Firmicutes|c__Bacilli|o__Bacillales|f__Staphylococcaceae|g__Mammaliicoccus|s__Mammaliicoccus_vitulinus|t__SGB7820	0.0	0.0	0.0	0.0	0.0	0.0	0.0	0.0	0.0	0.0	0.0	0.0	0.0	0.0	0.0	0.0	1.97426	0.0	0.0	0.0	0.0	0.0	0.0	0.0
k__Bacteria|p__Firmicutes|c__Bacilli|o__Bacillales|f__Staphylococcaceae|g__Jeotgalicoccus|s__Jeotgalicoccus_SGB96891|t__SGB96891	0.0	0.0	0.0	0.0	0.0	0.0	0.0	0.0	0.0	0.0	0.0	0.0	0.0	0.0	0.0	0.0	0.46633	0.0	0.0	0.0	0.0	0.0	0.0	0.0
k__Bacteria|p__Actinomycetota|c__Actinomycetes|o__Kitasatosporales|f__Streptomycetaceae|g__GGB10111|s__GGB10111_SGB93302|t__SGB93302	0.0	0.0	0.0	0.0	0.0	0.0	0.0	0.0	0.0	0.0	0.0	0.0	0.0	0.0	0.0	0.0	0.39805	0.0	0.0	0.0	0.0	0.0	0.0	0.0
k__Bacteria|p__Firmicutes|c__Bacilli|o__Bacillales|f__Staphylococcaceae|g__GGB71166|s__GGB71166_SGB96894|t__SGB96894	0.0	0.0	0.0	0.0	0.0	0.0	0.0	0.0	0.0	0.0	0.0	0.0	0.0	0.0	0.0	0.0	0.30148	0.0	0.0	0.0	0.0	0.0	0.0	0.0
k__Bacteria|p__Firmicutes|c__Bacilli|o__Bacillales|f__Staphylococcaceae|g__Jeotgalicoccus|s__Jeotgalicoccus_SGB94720|t__SGB94720	0.0	0.0	0.0	0.0	0.0	0.0	0.0	0.0	0.0	0.0	0.0	0.0	0.0	0.0	0.0	0.0	0.10092	0.0	0.0	0.0	0.0	0.0	0.0	0.0
k__Bacteria|p__Actinomycetota|c__Actinomycetes|o__Micrococcales|f__Microbacteriaceae|g__GGB72001|s__GGB72001_SGB99057|t__SGB99057	0.0	0.0	0.0	0.0	0.0	0.0	0.0	0.0	0.0	0.0	0.0	0.0	0.0	0.0	0.0	0.0	0.02222	0.0	0.0	0.0	0.13897	0.0	0.0	0.0
k__Bacteria|p__Actinomycetota|c__Actinomycetes|o__Kitasatosporales|f__Streptomycetaceae|g__GGB10111|s__GGB10111_SGB98994|t__SGB98994	0.0	0.0	0.0	0.0	0.0	0.0	0.0	0.0	0.0	0.0	0.0	0.0	0.0	0.0	0.0	0.0	0.01324	0.0	0.0	0.0	0.0	0.0	0.0	0.0
k__Bacteria|p__Firmicutes|c__Bacilli|o__Lactobacillales|f__Carnobacteriaceae|g__GGB73677|s__GGB73677_SGB96934|t__SGB96934	0.0	0.0	0.0	0.0	0.0	0.0	0.0	0.0	0.0	0.0	0.0	0.0	0.0	0.0	0.0	0.0	0.0	0.0	1.49175	0.0	0.0	0.0	0.0	0.0
k__Bacteria|p__Actinomycetota|c__Actinomycetes|o__Micrococcales|f__Microbacteriaceae|g__GGB71985|s__GGB71985_SGB99038|t__SGB99038	0.0	0.0	0.0	0.0	0.0	0.0	0.0	0.0	0.0	0.0	0.0	0.0	0.0	0.0	0.0	0.0	0.0	0.0	0.34296	0.0	0.82486	0.0	0.0	0.0
k__Bacteria|p__Actinomycetota|c__Actinomycetes|o__Micrococcales|f__Microbacteriaceae|g__Gulosibacter|s__Gulosibacter_sp_10|t__SGB16679	0.0	0.0	0.0	0.0	0.0	0.0	0.0	0.0	0.0	0.0	0.0	0.0	0.0	0.0	0.0	0.0	0.0	0.0	0.10059	0.0	0.0	0.0	0.0	0.0
k__Bacteria|p__Actinomycetota|c__Actinomycetes|o__Micrococcales|f__Micrococcaceae|g__GGB71783|s__GGB71783_SGB98756|t__SGB98756	0.0	0.0	0.0	0.0	0.0	0.0	0.0	0.0	0.0	0.0	0.0	0.0	0.0	0.0	0.0	0.0	0.0	0.0	0.04625	0.0	0.0	0.0	0.0	0.0
k__Bacteria|p__Actinomycetota|c__Actinomycetes|o__Micrococcales|f__Microbacteriaceae|g__Microbacterium|s__Microbacterium_SGB66223|t__SGB66223	0.0	0.0	0.0	0.0	0.0	0.0	0.0	0.0	0.0	0.0	0.0	0.0	0.0	0.0	0.0	0.0	0.0	0.0	0.03903	0.79253	0.0	0.0	0.0	0.00867
k__Bacteria|p__Firmicutes|c__Bacilli|o__Lactobacillales|f__Enterococcaceae|g__Vagococcus|s__Vagococcus_silagei|t__SGB49085	0.0	0.0	0.0	0.0	0.0	0.0	0.0	0.0	0.0	0.0	0.0	0.0	0.0	0.0	0.0	0.0	0.0	0.0	0.02367	0.0	0.0	0.0	0.0	0.0
k__Bacteria|p__Actinomycetota|c__Actinomycetes|o__Micrococcales|f__Micrococcaceae|g__Yaniella|s__Yaniella_halotolerans|t__SGB33387	0.0	0.0	0.0	0.0	0.0	0.0	0.0	0.0	0.0	0.0	0.0	0.0	0.0	0.0	0.0	0.0	0.0	0.0	0.01311	0.0	0.0	0.0	0.0	0.0
k__Bacteria|p__Actinomycetota|c__Actinomycetes|o__Kitasatosporales|f__Streptomycetaceae|g__GGB72918|s__GGB72918_SGB100366|t__SGB100366	0.0	0.0	0.0	0.0	0.0	0.0	0.0	0.0	0.0	0.0	0.0	0.0	0.0	0.0	0.0	0.0	0.0	0.0	0.0121	0.0	0.0	0.0	0.0	0.0
k__Bacteria|p__Firmicutes|c__Bacilli|o__Bacillales|f__Staphylococcaceae|g__Salinicoccus|s__Salinicoccus_SGB96907|t__SGB96907	0.0	0.0	0.0	0.0	0.0	0.0	0.0	0.0	0.0	0.0	0.0	0.0	0.0	0.0	0.0	0.0	0.0	0.0	0.0	0.04336	0.0	0.0	0.0	0.0
k__Bacteria|p__Actinomycetota|c__Actinomycetes|o__Micrococcales|f__Microbacteriaceae|g__Microbacterium|s__Microbacterium_sp_MPKO10|t__SGB175442	0.0	0.0	0.0	0.0	0.0	0.0	0.0	0.0	0.0	0.0	0.0	0.0	0.0	0.0	0.0	0.0	0.0	0.0	0.0	0.01283	0.0	0.0	0.0	0.0
k__Bacteria|p__Pseudomonadota|c__Gammaproteobacteria|o__Oceanospirillales|f__Halomonadaceae|g__GGB44602|s__GGB44602_SGB99208|t__SGB99208	0.0	0.0	0.0	0.0	0.0	0.0	0.0	0.0	0.0	0.0	0.0	0.0	0.0	0.0	0.0	0.0	0.0	0.0	0.0	0.0	1.03516	0.0	0.0	0.0
k__Bacteria|p__Pseudomonadota|c__Gammaproteobacteria|o__Oceanospirillales|f__Halomonadaceae|g__Halomonas|s__Halomonas_halodenitrificans|t__SGB32442	0.0	0.0	0.0	0.0	0.0	0.0	0.0	0.0	0.0	0.0	0.0	0.0	0.0	0.0	0.0	0.0	0.0	0.0	0.0	0.0	0.35754	0.0	0.0	0.0
k__Bacteria|p__Actinomycetota|c__Actinomycetes|o__Propionibacteriales|f__Propionibacteriaceae|g__GGB71863|s__GGB71863_SGB98865|t__SGB98865	0.0	0.0	0.0	0.0	0.0	0.0	0.0	0.0	0.0	0.0	0.0	0.0	0.0	0.0	0.0	0.0	0.0	0.0	0.0	0.0	0.25733	0.0	0.0	0.0
k__Bacteria|p__Pseudomonadota|c__Gammaproteobacteria|o__Oceanospirillales|f__Halomonadaceae|g__Halomonas|s__Halomonas_SGB99182|t__SGB99182	0.0	0.0	0.0	0.0	0.0	0.0	0.0	0.0	0.0	0.0	0.0	0.0	0.0	0.0	0.0	0.0	0.0	0.0	0.0	0.0	0.1664	0.0	0.0	0.0
k__Bacteria|p__Actinomycetota|c__Actinomycetes|o__Kitasatosporales|f__Streptomycetaceae|g__GGB49345|s__GGB49345_SGB69246|t__SGB69246	0.0	0.0	0.0	0.0	0.0	0.0	0.0	0.0	0.0	0.0	0.0	0.0	0.0	0.0	0.0	0.0	0.0	0.0	0.0	0.0	0.0608	0.0	0.0	0.0
k__Bacteria|p__Bacteroidota|c__Flavobacteriia|o__Flavobacteriales|f__Flavobacteriaceae|g__GGB73057|s__GGB73057_SGB195446|t__SGB195446	0.0	0.0	0.0	0.0	0.0	0.0	0.0	0.0	0.0	0.0	0.0	0.0	0.0	0.0	0.0	0.0	0.0	0.0	0.0	0.0	0.04082	0.0	0.0	0.0
k__Bacteria|p__Firmicutes|c__Tissierellia|o__Tissierellales|f__Tissierellaceae|g__GGB71281|s__GGB71281_SGB97358|t__SGB97358	0.0	0.0	0.0	0.0	0.0	0.0	0.0	0.0	0.0	0.0	0.0	0.0	0.0	0.0	0.0	0.0	0.0	0.0	0.0	0.0	0.038	0.0	0.0	0.0
k__Bacteria|p__Actinomycetota|c__Actinomycetes|o__Micrococcales|f__Microbacteriaceae|g__Microbacterium|s__Microbacterium_SGB99058|t__SGB99058	0.0	0.0	0.0	0.0	0.0	0.0	0.0	0.0	0.0	0.0	0.0	0.0	0.0	0.0	0.0	0.0	0.0	0.0	0.0	0.0	0.03766	0.0	0.0	0.0
k__Bacteria|p__Firmicutes|c__Bacilli|o__Lactobacillales|f__Carnobacteriaceae|g__Alkalibacterium|s__Alkalibacterium_putridalgicola|t__SGB7877	0.0	0.0	0.0	0.0	0.0	0.0	0.0	0.0	0.0	0.0	0.0	0.0	0.0	0.0	0.0	0.0	0.0	0.0	0.0	0.0	0.01699	0.0	0.0	0.0
k__Bacteria|p__Firmicutes|c__Tissierellia|o__Tissierellales|f__Tissierellaceae|g__GGB71282|s__GGB71282_SGB97359|t__SGB97359	0.0	0.0	0.0	0.0	0.0	0.0	0.0	0.0	0.0	0.0	0.0	0.0	0.0	0.0	0.0	0.0	0.0	0.0	0.0	0.0	0.01039	0.0	0.0	0.0
k__Bacteria|p__Pseudomonadota|c__Gammaproteobacteria|o__Pseudomonadales|f__Marinobacteraceae|g__GGB7989|s__GGB7989_SGB99144|t__SGB99144	0.0	0.0	0.0	0.0	0.0	0.0	0.0	0.0	0.0	0.0	0.0	0.0	0.0	0.0	0.0	0.0	0.0	0.0	0.0	0.0	0.00655	0.0	0.0	0.0
k__Bacteria|p__Pseudomonadota|c__Gammaproteobacteria|o__Pseudomonadales|f__Pseudomonadaceae|g__Pseudomonas|s__Pseudomonas_putida|t__SGB12293	0.0	0.0	0.0	0.0	0.0	0.0	0.0	0.0	0.0	0.0	0.0	0.0	0.0	0.0	0.0	0.0	0.0	0.0	0.0	0.0	0.0	0.0	25.76914	0.0
k__Bacteria|p__Pseudomonadota|c__Gammaproteobacteria|o__Pseudomonadales|f__Pseudomonadaceae|g__Pseudomonas|s__Pseudomonas_fragi|t__SGB12106	0.0	0.0	0.0	0.0	0.0	0.0	0.0	0.0	0.0	0.0	0.0	0.0	0.0	0.0	0.0	0.0	0.0	0.0	0.0	0.0	0.0	0.0	15.69809	0.02574
k__Bacteria|p__Pseudomonadota|c__Gammaproteobacteria|o__Enterobacterales|f__Erwiniaceae|g__Erwinia|s__Erwinia_sp_JUb26|t__SGB31227	0.0	0.0	0.0	0.0	0.0	0.0	0.0	0.0	0.0	0.0	0.0	0.0	0.0	0.0	0.0	0.0	0.0	0.0	0.0	0.0	0.0	0.0	1.25556	0.0
k__Bacteria|p__Pseudomonadota|c__Gammaproteobacteria|o__Enterobacterales|f__Yersiniaceae|g__Ewingella|s__Ewingella_americana|t__SGB10238	0.0	0.0	0.0	0.0	0.0	0.0	0.0	0.0	0.0	0.0	0.0	0.0	0.0	0.0	0.0	0.0	0.0	0.0	0.0	0.0	0.0	0.0	1.19562	0.0
k__Bacteria|p__Pseudomonadota|c__Gammaproteobacteria|o__Enterobacterales|f__Erwiniaceae|g__Pantoea|s__Candidatus_Pantoea_floridensis|t__SGB10174	0.0	0.0	0.0	0.0	0.0	0.0	0.0	0.0	0.0	0.0	0.0	0.0	0.0	0.0	0.0	0.0	0.0	0.0	0.0	0.0	0.0	0.0	0.6053	0.0
k__Bacteria|p__Pseudomonadota|c__Gammaproteobacteria|o__Enterobacterales|f__Yersiniaceae|g__Rahnella|s__Rahnella_aceris|t__SGB10240	0.0	0.0	0.0	0.0	0.0	0.0	0.0	0.0	0.0	0.0	0.0	0.0	0.0	0.0	0.0	0.0	0.0	0.0	0.0	0.0	0.0	0.0	0.11112	0.0
k__Bacteria|p__Pseudomonadota|c__Gammaproteobacteria|o__Enterobacterales|f__Erwiniaceae|g__Pantoea|s__Pantoea_coffeiphila|t__SGB23192	0.0	0.0	0.0	0.0	0.0	0.0	0.0	0.0	0.0	0.0	0.0	0.0	0.0	0.0	0.0	0.0	0.0	0.0	0.0	0.0	0.0	0.0	0.05512	0.0
k__Bacteria|p__Pseudomonadota|c__Gammaproteobacteria|o__Pseudomonadales|f__Pseudomonadaceae|g__Pseudomonas|s__Pseudomonas_monteilii|t__SGB12291	0.0	0.0	0.0	0.0	0.0	0.0	0.0	0.0	0.0	0.0	0.0	0.0	0.0	0.0	0.0	0.0	0.0	0.0	0.0	0.0	0.0	0.0	0.04621	0.0
k__Bacteria|p__Pseudomonadota|c__Gammaproteobacteria|o__Pseudomonadales|f__Pseudomonadaceae|g__Pseudomonas|s__Pseudomonas_proteolytica|t__SGB12165	0.0	0.0	0.0	0.0	0.0	0.0	0.0	0.0	0.0	0.0	0.0	0.0	0.0	0.0	0.0	0.0	0.0	0.0	0.0	0.0	0.0	0.0	0.01921	0.0
k__Bacteria|p__Pseudomonadota|c__Gammaproteobacteria|o__Pseudomonadales|f__Pseudomonadaceae|g__Pseudomonas|s__Pseudomonas_endophytica|t__SGB12099	0.0	0.0	0.0	0.0	0.0	0.0	0.0	0.0	0.0	0.0	0.0	0.0	0.0	0.0	0.0	0.0	0.0	0.0	0.0	0.0	0.0	0.0	0.007	0.0
k__Bacteria|p__Pseudomonadota|c__Gammaproteobacteria|o__Pseudomonadales|f__Pseudomonadaceae|g__Pseudomonas|s__Pseudomonas_sp_7P_10_2_Bac1|t__SGB110485	0.0	0.0	0.0	0.0	0.0	0.0	0.0	0.0	0.0	0.0	0.0	0.0	0.0	0.0	0.0	0.0	0.0	0.0	0.0	0.0	0.0	0.0	0.00128	0.0
k__Bacteria|p__Firmicutes|c__Bacilli|o__Lactobacillales|f__Lactobacillaceae|g__Latilactobacillus|s__Latilactobacillus_curvatus|t__SGB7249	0.0	0.0	0.0	0.0	0.0	0.0	0.0	0.0	0.0	0.0	0.0	0.0	0.0	0.0	0.0	0.0	0.0	0.0	0.0	0.0	0.0	0.0	0.0	0.16452
k__Bacteria|p__Pseudomonadota|c__Gammaproteobacteria|o__Pseudomonadales|f__Pseudomonadaceae|g__Pseudomonas|s__Pseudomonas_fragi|t__SGB12107	0.0	0.0	0.0	0.0	0.0	0.0	0.0	0.0	0.0	0.0	0.0	0.0	0.0	0.0	0.0	0.0	0.0	0.0	0.0	0.0	0.0	0.0	0.0	0.10022
k__Bacteria|p__Firmicutes|c__Bacilli|o__Lactobacillales|f__Carnobacteriaceae|g__Carnobacterium|s__Carnobacterium_mobile|t__SGB29872	0.0	0.0	0.0	0.0	0.0	0.0	0.0	0.0	0.0	0.0	0.0	0.0	0.0	0.0	0.0	0.0	0.0	0.0	0.0	0.0	0.0	0.0	0.0	0.04746
k__Bacteria|p__Bacteroidota|c__Flavobacteriia|o__Flavobacteriales|f__Flavobacteriaceae|g__Flavobacterium|s__Flavobacterium_SGB36099|t__SGB36099	0.0	0.0	0.0	0.0	0.0	0.0	0.0	0.0	0.0	0.0	0.0	0.0	0.0	0.0	0.0	0.0	0.0	0.0	0.0	0.0	0.0	0.0	0.0	0.04633
k__Bacteria|p__Pseudomonadota|c__Gammaproteobacteria|o__Enterobacterales|f__Yersiniaceae|g__Serratia|s__Serratia_liquefaciens|t__SGB10256	0.0	0.0	0.0	0.0	0.0	0.0	0.0	0.0	0.0	0.0	0.0	0.0	0.0	0.0	0.0	0.0	0.0	0.0	0.0	0.0	0.0	0.0	0.0	0.01481
