MAG_id	dataset_id	sample_id	SGB_assignment	SGB_id	unknown	assigned_taxonomy_level	superkingdom	phylum	class	order	family	genus	species	genome_size	n_contigs	N50	completeness	contamination	GC_content
SequinoG_2024_b__SRR27278107__bin.11	SequinoG_2024_b	SRR27278107	assigned	SGB10459	kSGB	Species	Bacteria	Pseudomonadota	Gammaproteobacteria	Moraxellales	Moraxellaceae	Psychrobacter	Psychrobacter_immobilis	2609926.0	537.0	5744.0	79.93	0.9	0.43
SequinoG_2024_b__SRR27278107__bin.12	SequinoG_2024_b	SRR27278107	assigned	SGB7517	kSGB	Species	Bacteria	Bacillota	Bacilli	Bacillales	Listeriaceae	Brochothrix	Brochothrix_thermosphacta	2439327.0	340.0	10977.0	94.95	1.52	0.37
SequinoG_2024_b__SRR27278107__bin.13	SequinoG_2024_b	SRR27278107	assigned	SGB12106	kSGB	Species	Bacteria	Pseudomonadota	Gammaproteobacteria	Pseudomonadales	Pseudomonadaceae	Pseudomonas	Pseudomonas_fragi	3479642.0	820.0	5105.0	68.67	3.54	0.59
SequinoG_2024_b__SRR27278107__bin.15	SequinoG_2024_b	SRR27278107	assigned	SGB12105	kSGB	Species	Bacteria	Pseudomonadota	Gammaproteobacteria	Pseudomonadales	Pseudomonadaceae	Pseudomonas	Pseudomonas_paraversuta	3254691.0	160.0	29937.0	77.44	0.82	0.59
SequinoG_2024_b__SRR27278118__bin.11	SequinoG_2024_b	SRR27278118	assigned	SGB7987	kSGB	Species	Bacteria	Bacillota	Bacilli	Lactobacillales	Streptococcaceae	Lactococcus	Lactococcus_carnosus	1544292.0	78.0	29754.0	73.66	0.18	0.39
SequinoG_2024_b__SRR27278118__bin.13	SequinoG_2024_b	SRR27278118	assigned	SGB96979	uSGB	Genus	Bacteria	Bacillota	Bacilli	Lactobacillales	Lactobacillaceae	Dellaglioa	Dellaglioa_SGB96979	908298.0	93.0	14578.0	54.64	0.58	0.37
SequinoG_2024_b__SRR27278118__bin.16	SequinoG_2024_b	SRR27278118	assigned	SGB7127	kSGB	Species	Bacteria	Bacillota	Bacilli	Lactobacillales	Lactobacillaceae	Leuconostoc	Leuconostoc_gasicomitatum	1159977.0	195.0	6760.0	55.06	0.4	0.37
SequinoG_2024_b__SRR27278118__bin.18	SequinoG_2024_b	SRR27278118	assigned	SGB7903	kSGB	Species	Bacteria	Bacillota	Bacilli	Lactobacillales	Carnobacteriaceae	Carnobacterium	Carnobacterium_divergens	2379550.0	272.0	12037.0	87.85	0.93	0.35
SequinoG_2024_b__SRR27278118__bin.20	SequinoG_2024_b	SRR27278118	assigned	SGB69387	kSGB	Species	Bacteria	Pseudomonadota	Gammaproteobacteria	Vibrionales	Vibrionaceae	Vibrio	Vibrio_hibernica	3094991.0	165.0	31466.0	86.67	0.23	0.41
SequinoG_2024_b__SRR27278118__bin.21	SequinoG_2024_b	SRR27278118	assigned	SGB9824	kSGB	Species	Bacteria	Pseudomonadota	Gammaproteobacteria	Vibrionales	Vibrionaceae	Photobacterium	Photobacterium_phosphoreum	2650759.0	189.0	21115.0	54.66	0.36	0.38
SequinoG_2024_b__SRR27278118__bin.22	SequinoG_2024_b	SRR27278118	assigned	SGB7517	kSGB	Species	Bacteria	Bacillota	Bacilli	Bacillales	Listeriaceae	Brochothrix	Brochothrix_thermosphacta	2353895.0	151.0	26051.0	98.25	3.22	0.36
SequinoG_2024_b__SRR27278118__bin.23	SequinoG_2024_b	SRR27278118	assigned	SGB96977	kSGB	Species	Bacteria	Bacillota	Bacilli	Lactobacillales	Lactobacillaceae	Leuconostoc	Leuconostoc_gelidum	1276938.0	105.0	19352.0	76.98	1.74	0.37
SequinoG_2024_b__SRR27278118__bin.28	SequinoG_2024_b	SRR27278118	assigned	SGB10320	kSGB	Species	Bacteria	Pseudomonadota	Gammaproteobacteria	Alteromonadales	Shewanellaceae	Shewanella	Shewanella_baltica	2155464.0	420.0	5362.0	52.43	0.18	0.47
SequinoG_2024_b__SRR27278121__bin.14	SequinoG_2024_b	SRR27278121	assigned	SGB7517	kSGB	Species	Bacteria	Bacillota	Bacilli	Bacillales	Listeriaceae	Brochothrix	Brochothrix_thermosphacta	1761614.0	93.0	27245.0	64.92	0.33	0.36
SequinoG_2024_b__SRR27278121__bin.25	SequinoG_2024_b	SRR27278121	assigned	SGB31329	kSGB	Species	Bacteria	Pseudomonadota	Gammaproteobacteria	Moraxellales	Moraxellaceae	Acinetobacter	Acinetobacter_harbinensis	2549200.0	117.0	35674.0	93.78	0.32	0.42
SequinoG_2024_b__SRR27278122__bin.4	SequinoG_2024_b	SRR27278122	assigned	SGB7517	kSGB	Species	Bacteria	Bacillota	Bacilli	Bacillales	Listeriaceae	Brochothrix	Brochothrix_thermosphacta	2203606.0	129.0	21759.0	81.21	0.29	0.36
SequinoG_2024_b__SRR27278122__bin.7	SequinoG_2024_b	SRR27278122	assigned	SGB12100	kSGB	Species	Bacteria	Pseudomonadota	Gammaproteobacteria	Pseudomonadales	Pseudomonadaceae	Pseudomonas	Pseudomonas_weihenstephanensis	3289474.0	444.0	9571.0	56.17	4.54	0.58
SequinoG_2024_b__SRR27278123__bin.22	SequinoG_2024_b	SRR27278123	assigned	SGB7517	kSGB	Species	Bacteria	Bacillota	Bacilli	Bacillales	Listeriaceae	Brochothrix	Brochothrix_thermosphacta	1640874.0	80.0	28379.0	60.69	0.19	0.36
SequinoG_2024_b__SRR27278123__bin.23	SequinoG_2024_b	SRR27278123	assigned	SGB31329	kSGB	Species	Bacteria	Pseudomonadota	Gammaproteobacteria	Moraxellales	Moraxellaceae	Acinetobacter	Acinetobacter_harbinensis	1466871.0	69.0	35005.0	54.7	0.16	0.41
SequinoG_2024_b__SRR27278125__bin.11	SequinoG_2024_b	SRR27278125	assigned	SGB10459	kSGB	Species	Bacteria	Pseudomonadota	Gammaproteobacteria	Moraxellales	Moraxellaceae	Psychrobacter	Psychrobacter_immobilis	2805093.0	288.0	14571.0	87.9	2.32	0.43
SequinoG_2024_b__SRR27278125__bin.18	SequinoG_2024_b	SRR27278125	assigned	SGB12106	kSGB	Species	Bacteria	Pseudomonadota	Gammaproteobacteria	Pseudomonadales	Pseudomonadaceae	Pseudomonas	Pseudomonas_fragi	3060713.0	515.0	8155.0	54.19	1.14	0.59
SequinoG_2024_b__SRR27278125__bin.21	SequinoG_2024_b	SRR27278125	assigned	SGB9826	kSGB	Species	Bacteria	Pseudomonadota	Gammaproteobacteria	Vibrionales	Vibrionaceae	Photobacterium	Photobacterium_carnosum	2179418.0	530.0	4847.0	53.2	2.74	0.39
SequinoG_2024_b__SRR27278125__bin.4	SequinoG_2024_b	SRR27278125	assigned	SGB31329	kSGB	Species	Bacteria	Pseudomonadota	Gammaproteobacteria	Moraxellales	Moraxellaceae	Acinetobacter	Acinetobacter_harbinensis	2231885.0	309.0	10416.0	79.76	1.22	0.42
SequinoG_2024_b__SRR27278126__bin.15	SequinoG_2024_b	SRR27278126	assigned	SGB7517	kSGB	Species	Bacteria	Bacillota	Bacilli	Bacillales	Listeriaceae	Brochothrix	Brochothrix_thermosphacta	2341584.0	123.0	28600.0	99.21	0.15	0.36
SequinoG_2024_b__SRR27278126__bin.5	SequinoG_2024_b	SRR27278126	assigned	SGB10320	kSGB	Species	Bacteria	Pseudomonadota	Gammaproteobacteria	Alteromonadales	Shewanellaceae	Shewanella	Shewanella_baltica	2334588.0	472.0	5557.0	54.48	1.34	0.47
SequinoG_2024_b__SRR27278127__bin.11	SequinoG_2024_b	SRR27278127	assigned	SGB7517	kSGB	Species	Bacteria	Bacillota	Bacilli	Bacillales	Listeriaceae	Brochothrix	Brochothrix_thermosphacta	2326015.0	86.0	44052.0	86.81	0.13	0.36
SequinoG_2024_b__SRR27278127__bin.12	SequinoG_2024_b	SRR27278127	assigned	SGB12105	kSGB	Species	Bacteria	Pseudomonadota	Gammaproteobacteria	Pseudomonadales	Pseudomonadaceae	Pseudomonas	Pseudomonas_paraversuta	2960634.0	108.0	38099.0	70.33	0.37	0.59
SequinoG_2024_b__SRR27278127__bin.14	SequinoG_2024_b	SRR27278127	assigned	SGB10459	kSGB	Species	Bacteria	Pseudomonadota	Gammaproteobacteria	Moraxellales	Moraxellaceae	Psychrobacter	Psychrobacter_immobilis	2972999.0	345.0	13314.0	91.48	0.69	0.43
SequinoG_2024_b__SRR27278127__bin.5	SequinoG_2024_b	SRR27278127	assigned	SGB12106	kSGB	Species	Bacteria	Pseudomonadota	Gammaproteobacteria	Pseudomonadales	Pseudomonadaceae	Pseudomonas	Pseudomonas_fragi	2790965.0	468.0	7526.0	55.29	2.05	0.59
SequinoG_2024_b__SRR27278129__bin.10	SequinoG_2024_b	SRR27278129	assigned	SGB12105	kSGB	Species	Bacteria	Pseudomonadota	Gammaproteobacteria	Pseudomonadales	Pseudomonadaceae	Pseudomonas	Pseudomonas_paraversuta	3468363.0	155.0	31139.0	71.13	4.52	0.59
SequinoG_2024_b__SRR27278129__bin.12	SequinoG_2024_b	SRR27278129	assigned	SGB7517	kSGB	Species	Bacteria	Bacillota	Bacilli	Bacillales	Listeriaceae	Brochothrix	Brochothrix_thermosphacta	2316131.0	113.0	31324.0	98.84	0.07	0.37
SequinoG_2024_b__SRR27278129__bin.13	SequinoG_2024_b	SRR27278129	assigned	SGB12106	kSGB	Species	Bacteria	Pseudomonadota	Gammaproteobacteria	Pseudomonadales	Pseudomonadaceae	Pseudomonas	Pseudomonas_fragi	4125638.0	841.0	6053.0	74.17	2.75	0.59
SequinoG_2024_b__SRR27278129__bin.9	SequinoG_2024_b	SRR27278129	assigned	SGB10459	kSGB	Species	Bacteria	Pseudomonadota	Gammaproteobacteria	Moraxellales	Moraxellaceae	Psychrobacter	Psychrobacter_immobilis	3048565.0	347.0	14023.0	95.73	3.71	0.43
SequinoG_2024_b__SRR27278130__bin.10	SequinoG_2024_b	SRR27278130	assigned	SGB12105	kSGB	Species	Bacteria	Pseudomonadota	Gammaproteobacteria	Pseudomonadales	Pseudomonadaceae	Pseudomonas	Pseudomonas_paraversuta	3343655.0	362.0	12863.0	63.31	3.14	0.59
SequinoG_2024_b__SRR27278130__bin.16	SequinoG_2024_b	SRR27278130	assigned	SGB7987	kSGB	Species	Bacteria	Bacillota	Bacilli	Lactobacillales	Streptococcaceae	Lactococcus	Lactococcus_carnosus	1588857.0	152.0	19472.0	76.06	1.14	0.39
SequinoG_2024_b__SRR27278130__bin.7	SequinoG_2024_b	SRR27278130	assigned	SGB7517	kSGB	Species	Bacteria	Bacillota	Bacilli	Bacillales	Listeriaceae	Brochothrix	Brochothrix_thermosphacta	1874089.0	104.0	26699.0	70.94	0.2	0.36
SequinoG_2024_b__SRR27278131__bin.1	SequinoG_2024_b	SRR27278131	assigned	SGB7903	kSGB	Species	Bacteria	Bacillota	Bacilli	Lactobacillales	Carnobacteriaceae	Carnobacterium	Carnobacterium_divergens	1409078.0	330.0	4621.0	55.33	4.11	0.36
SequinoG_2024_b__SRR27278131__bin.5	SequinoG_2024_b	SRR27278131	assigned	SGB31329	kSGB	Species	Bacteria	Pseudomonadota	Gammaproteobacteria	Moraxellales	Moraxellaceae	Acinetobacter	Acinetobacter_harbinensis	1311751.0	50.0	41472.0	51.35	0.0	0.43
SequinoG_2024_b__SRR27278132__bin.2	SequinoG_2024_b	SRR27278132	assigned	SGB12105	kSGB	Species	Bacteria	Pseudomonadota	Gammaproteobacteria	Pseudomonadales	Pseudomonadaceae	Pseudomonas	Pseudomonas_paraversuta	2574214.0	85.0	42282.0	60.64	0.04	0.59
SequinoG_2024_b__SRR27278132__bin.4	SequinoG_2024_b	SRR27278132	assigned	SGB7987	kSGB	Species	Bacteria	Bacillota	Bacilli	Lactobacillales	Streptococcaceae	Lactococcus	Lactococcus_carnosus	1732470.0	338.0	5995.0	75.47	2.91	0.39
SequinoG_2024_b__SRR27278132__bin.6	SequinoG_2024_b	SRR27278132	assigned	SGB96977	kSGB	Species	Bacteria	Bacillota	Bacilli	Lactobacillales	Lactobacillaceae	Leuconostoc	Leuconostoc_gelidum	1272658.0	238.0	6869.0	65.63	2.75	0.37
SequinoG_2024_b__SRR27278132__bin.8	SequinoG_2024_b	SRR27278132	assigned	SGB12106	kSGB	Species	Bacteria	Pseudomonadota	Gammaproteobacteria	Pseudomonadales	Pseudomonadaceae	Pseudomonas	Pseudomonas_fragi	3741220.0	918.0	4689.0	69.48	2.76	0.59
SequinoG_2024_b__SRR27278133__bin.12	SequinoG_2024_b	SRR27278133	assigned	SGB7517	kSGB	Species	Bacteria	Bacillota	Bacilli	Bacillales	Listeriaceae	Brochothrix	Brochothrix_thermosphacta	2203676.0	125.0	27344.0	85.07	0.14	0.37
SequinoG_2024_b__SRR27278133__bin.20	SequinoG_2024_b	SRR27278133	assigned	SGB96977	kSGB	Species	Bacteria	Bacillota	Bacilli	Lactobacillales	Lactobacillaceae	Leuconostoc	Leuconostoc_gelidum	1443986.0	226.0	7614.0	80.05	1.85	0.37
SequinoG_2024_b__SRR27278133__bin.2	SequinoG_2024_b	SRR27278133	assigned	SGB10258	kSGB	Species	Bacteria	Pseudomonadota	Gammaproteobacteria	Enterobacterales	Yersiniaceae	Serratia	Serratia_proteamaculans	4684098.0	450.0	14620.0	88.83	2.55	0.55
SequinoG_2024_b__SRR27278133__bin.3	SequinoG_2024_b	SRR27278133	assigned	SGB7248	kSGB	Species	Bacteria	Bacillota	Bacilli	Lactobacillales	Lactobacillaceae	Latilactobacillus	Latilactobacillus_sakei	1619711.0	203.0	12581.0	82.79	2.11	0.41
SequinoG_2024_b__SRR27278133__bin.4	SequinoG_2024_b	SRR27278133	assigned	SGB7127	kSGB	Species	Bacteria	Bacillota	Bacilli	Lactobacillales	Lactobacillaceae	Leuconostoc	Leuconostoc_gasicomitatum	1156489.0	204.0	6571.0	55.0	0.69	0.36
SequinoG_2024_b__SRR27278133__bin.9	SequinoG_2024_b	SRR27278133	assigned	SGB25309	kSGB	Species	Bacteria	Bacillota	Bacilli	Lactobacillales	Streptococcaceae	Lactococcus	Lactococcus_paracarnosus	1749485.0	324.0	6679.0	74.53	3.78	0.39
SequinoG_2024_b__SRR27278134__bin.2	SequinoG_2024_b	SRR27278134	assigned	SGB10459	kSGB	Species	Bacteria	Pseudomonadota	Gammaproteobacteria	Moraxellales	Moraxellaceae	Psychrobacter	Psychrobacter_immobilis	2875147.0	480.0	7852.0	85.87	2.05	0.43
SequinoG_2024_b__SRR27278134__bin.4	SequinoG_2024_b	SRR27278134	assigned	SGB12106	kSGB	Species	Bacteria	Pseudomonadota	Gammaproteobacteria	Pseudomonadales	Pseudomonadaceae	Pseudomonas	Pseudomonas_fragi	4352294.0	696.0	9193.0	81.97	4.05	0.59
SequinoG_2024_b__SRR27278134__bin.5	SequinoG_2024_b	SRR27278134	assigned	SGB31329	kSGB	Species	Bacteria	Pseudomonadota	Gammaproteobacteria	Moraxellales	Moraxellaceae	Acinetobacter	Acinetobacter_harbinensis	1994568.0	550.0	4124.0	80.14	1.52	0.42
SequinoG_2024_b__SRR27278134__bin.7	SequinoG_2024_b	SRR27278134	assigned	SGB7517	kSGB	Species	Bacteria	Bacillota	Bacilli	Bacillales	Listeriaceae	Brochothrix	Brochothrix_thermosphacta	2358165.0	102.0	36253.0	99.4	0.2	0.36
SequinoG_2024_b__SRR27278135__bin.3	SequinoG_2024_b	SRR27278135	assigned	SGB10459	kSGB	Species	Bacteria	Pseudomonadota	Gammaproteobacteria	Moraxellales	Moraxellaceae	Psychrobacter	Psychrobacter_immobilis	2761812.0	555.0	6274.0	86.33	2.53	0.43
SequinoG_2024_b__SRR27278136__bin.10	SequinoG_2024_b	SRR27278136	assigned	SGB7987	kSGB	Species	Bacteria	Bacillota	Bacilli	Lactobacillales	Streptococcaceae	Lactococcus	Lactococcus_carnosus	1315556.0	37.0	71905.0	57.56	0.22	0.39
SequinoG_2024_b__SRR27278136__bin.11	SequinoG_2024_b	SRR27278136	assigned	SGB7127	kSGB	Species	Bacteria	Bacillota	Bacilli	Lactobacillales	Lactobacillaceae	Leuconostoc	Leuconostoc_gasicomitatum	1250891.0	19.0	100494.0	70.0	0.2	0.37
SequinoG_2024_b__SRR27278136__bin.23	SequinoG_2024_b	SRR27278136	assigned	SGB10209	kSGB	Species	Bacteria	Pseudomonadota	Gammaproteobacteria	Enterobacterales	Hafniaceae	Hafnia	Hafnia_alvei	2230045.0	87.0	42238.0	55.1	0.11	0.5
SequinoG_2024_b__SRR27278136__bin.26	SequinoG_2024_b	SRR27278136	assigned	SGB92575	kSGB	Species	Bacteria	Pseudomonadota	Gammaproteobacteria	Moraxellales	Moraxellaceae	Psychrobacter	Psychrobacter_immobilis	2332706.0	390.0	6981.0	70.51	3.98	0.43
SequinoG_2024_b__SRR27278136__bin.6	SequinoG_2024_b	SRR27278136	assigned	SGB7517	kSGB	Species	Bacteria	Bacillota	Bacilli	Bacillales	Listeriaceae	Brochothrix	Brochothrix_thermosphacta	2494307.0	110.0	35023.0	98.45	0.44	0.36
SequinoG_2024_b__SRR27278137__bin.10	SequinoG_2024_b	SRR27278137	assigned	SGB7903	kSGB	Species	Bacteria	Bacillota	Bacilli	Lactobacillales	Carnobacteriaceae	Carnobacterium	Carnobacterium_divergens	2570654.0	647.0	4696.0	82.34	4.14	0.35
SequinoG_2024_b__SRR27278137__bin.1	SequinoG_2024_b	SRR27278137	assigned	SGB96977	kSGB	Species	Bacteria	Bacillota	Bacilli	Lactobacillales	Lactobacillaceae	Leuconostoc	Leuconostoc_gelidum	1428865.0	163.0	13403.0	80.13	1.62	0.37
SequinoG_2024_b__SRR27278137__bin.3	SequinoG_2024_b	SRR27278137	assigned	SGB7248	kSGB	Species	Bacteria	Bacillota	Bacilli	Lactobacillales	Lactobacillaceae	Latilactobacillus	Latilactobacillus_sakei	1574978.0	212.0	9420.0	83.42	3.44	0.41
SequinoG_2024_b__SRR27278139__bin.26	SequinoG_2024_b	SRR27278139	assigned	SGB7248	kSGB	Species	Bacteria	Bacillota	Bacilli	Lactobacillales	Lactobacillaceae	Latilactobacillus	Latilactobacillus_sakei	1172230.0	141.0	10699.0	70.67	0.67	0.41
SequinoG_2024_b__SRR27278139__bin.28	SequinoG_2024_b	SRR27278139	assigned	SGB7126	kSGB	Species	Bacteria	Bacillota	Bacilli	Lactobacillales	Lactobacillaceae	Leuconostoc	Leuconostoc_mesenteroides	1638145.0	194.0	11939.0	87.47	0.47	0.38
SequinoG_2024_b__SRR27278139__bin.30	SequinoG_2024_b	SRR27278139	assigned	SGB10459	kSGB	Species	Bacteria	Pseudomonadota	Gammaproteobacteria	Moraxellales	Moraxellaceae	Psychrobacter	Psychrobacter_immobilis	2213129.0	305.0	8646.0	72.0	0.89	0.43
SequinoG_2024_b__SRR27278139__bin.6	SequinoG_2024_b	SRR27278139	assigned	SGB212083	uSGB	Genus	Bacteria	Bacillota	Bacilli	Lactobacillales	Lactobacillaceae	Periweissella	Periweissella_SGB212083	2405324.0	108.0	31516.0	92.0	0.64	0.43
SequinoG_2024_b__SRR27278140__bin.2	SequinoG_2024_b	SRR27278140	assigned	SGB96977	kSGB	Species	Bacteria	Bacillota	Bacilli	Lactobacillales	Lactobacillaceae	Leuconostoc	Leuconostoc_gelidum	1569438.0	224.0	9110.0	87.39	3.49	0.37
SequinoG_2024_b__SRR27278140__bin.5	SequinoG_2024_b	SRR27278140	assigned	SGB7517	kSGB	Species	Bacteria	Bacillota	Bacilli	Bacillales	Listeriaceae	Brochothrix	Brochothrix_thermosphacta	2393496.0	120.0	36737.0	97.24	0.21	0.36
SequinoG_2024_b__SRR27278141__bin.15	SequinoG_2024_b	SRR27278141	assigned	SGB25309	kSGB	Species	Bacteria	Bacillota	Bacilli	Lactobacillales	Streptococcaceae	Lactococcus	Lactococcus_paracarnosus	1278238.0	77.0	29600.0	55.39	0.9	0.38
SequinoG_2024_b__SRR27278141__bin.17	SequinoG_2024_b	SRR27278141	assigned	SGB12106	kSGB	Species	Bacteria	Pseudomonadota	Gammaproteobacteria	Pseudomonadales	Pseudomonadaceae	Pseudomonas	Pseudomonas_fragi	3964781.0	777.0	5907.0	62.84	4.93	0.59
SequinoG_2024_b__SRR27278141__bin.23	SequinoG_2024_b	SRR27278141	assigned	SGB7126	kSGB	Species	Bacteria	Bacillota	Bacilli	Lactobacillales	Lactobacillaceae	Leuconostoc	Leuconostoc_mesenteroides	1656269.0	165.0	17757.0	81.73	3.15	0.38
SequinoG_2024_b__SRR27278141__bin.2	SequinoG_2024_b	SRR27278141	assigned	SGB9824	kSGB	Species	Bacteria	Pseudomonadota	Gammaproteobacteria	Vibrionales	Vibrionaceae	Photobacterium	Photobacterium_phosphoreum	2817937.0	496.0	7144.0	60.78	1.41	0.39
SequinoG_2024_b__SRR27278141__bin.4	SequinoG_2024_b	SRR27278141	assigned	SGB10258	kSGB	Species	Bacteria	Pseudomonadota	Gammaproteobacteria	Enterobacterales	Yersiniaceae	Serratia	Serratia_proteamaculans	4196307.0	582.0	8960.0	83.88	1.72	0.56
SequinoG_2024_b__SRR27278141__bin.5	SequinoG_2024_b	SRR27278141	assigned	SGB31329	kSGB	Species	Bacteria	Pseudomonadota	Gammaproteobacteria	Moraxellales	Moraxellaceae	Acinetobacter	Acinetobacter_harbinensis	2422700.0	81.0	59968.0	91.18	1.04	0.42
SequinoG_2024_b__SRR27278141__bin.7	SequinoG_2024_b	SRR27278141	assigned	SGB7248	kSGB	Species	Bacteria	Bacillota	Bacilli	Lactobacillales	Lactobacillaceae	Latilactobacillus	Latilactobacillus_sakei	1147572.0	135.0	11737.0	58.01	0.36	0.41
SequinoG_2024_b__SRR27278142__bin.15	SequinoG_2024_b	SRR27278142	assigned	SGB7517	kSGB	Species	Bacteria	Bacillota	Bacilli	Bacillales	Listeriaceae	Brochothrix	Brochothrix_thermosphacta	2463701.0	115.0	32594.0	98.61	0.12	0.36
SequinoG_2024_b__SRR27278142__bin.18	SequinoG_2024_b	SRR27278142	assigned	SGB69387	kSGB	Species	Bacteria	Pseudomonadota	Gammaproteobacteria	Vibrionales	Vibrionaceae	Vibrio	Vibrio_hibernica	2260843.0	82.0	54210.0	66.19	0.07	0.41
SequinoG_2024_b__SRR27278142__bin.23	SequinoG_2024_b	SRR27278142	assigned	SGB31329	kSGB	Species	Bacteria	Pseudomonadota	Gammaproteobacteria	Moraxellales	Moraxellaceae	Acinetobacter	Acinetobacter_harbinensis	2251712.0	108.0	31659.0	91.0	0.0	0.42
SequinoG_2024_b__SRR27278142__bin.29	SequinoG_2024_b	SRR27278142	assigned	SGB99661	uSGB	Family	Bacteria	Pseudomonadota	Gammaproteobacteria	Moraxellales	Moraxellaceae	GGB72461	GGB72461_SGB99661	2961019.0	345.0	11048.0	84.89	2.41	0.4
SequinoG_2024_b__SRR27278142__bin.38	SequinoG_2024_b	SRR27278142	assigned	SGB7987	kSGB	Species	Bacteria	Bacillota	Bacilli	Lactobacillales	Streptococcaceae	Lactococcus	Lactococcus_carnosus	1277816.0	213.0	7664.0	60.72	0.27	0.39
SequinoG_2024_b__SRR27278142__bin.39	SequinoG_2024_b	SRR27278142	assigned	SGB10459	kSGB	Species	Bacteria	Pseudomonadota	Gammaproteobacteria	Moraxellales	Moraxellaceae	Psychrobacter	Psychrobacter_immobilis	1577538.0	241.0	7462.0	54.34	1.24	0.43
SequinoG_2024_b__SRR27278142__bin.47	SequinoG_2024_b	SRR27278142	assigned	SGB12231	kSGB	Species	Bacteria	Pseudomonadota	Gammaproteobacteria	Pseudomonadales	Pseudomonadaceae	Pseudomonas	Pseudomonas_prosekii	4897912.0	427.0	16973.0	73.38	4.79	0.6
SequinoG_2024_b__SRR27278142__bin.56	SequinoG_2024_b	SRR27278142	assigned	SGB92575	kSGB	Species	Bacteria	Pseudomonadota	Gammaproteobacteria	Moraxellales	Moraxellaceae	Psychrobacter	Psychrobacter_immobilis	1605449.0	59.0	43342.0	53.2	0.88	0.43
SequinoG_2024_b__SRR27278143__bin.28	SequinoG_2024_b	SRR27278143	assigned	SGB7517	kSGB	Species	Bacteria	Bacillota	Bacilli	Bacillales	Listeriaceae	Brochothrix	Brochothrix_thermosphacta	2114117.0	138.0	24644.0	78.47	4.1	0.36
SequinoG_2024_b__SRR27278143__bin.29	SequinoG_2024_b	SRR27278143	assigned	SGB10258	kSGB	Species	Bacteria	Pseudomonadota	Gammaproteobacteria	Enterobacterales	Yersiniaceae	Serratia	Serratia_proteamaculans	4058587.0	510.0	10471.0	80.13	3.63	0.56
SequinoG_2024_b__SRR27278143__bin.2	SequinoG_2024_b	SRR27278143	assigned	SGB9824	kSGB	Species	Bacteria	Pseudomonadota	Gammaproteobacteria	Vibrionales	Vibrionaceae	Photobacterium	Photobacterium_phosphoreum	2149055.0	192.0	16311.0	51.16	1.03	0.38
SequinoG_2024_b__SRR27278143__bin.34	SequinoG_2024_b	SRR27278143	assigned	SGB7252	kSGB	Species	Bacteria	Bacillota	Bacilli	Lactobacillales	Lactobacillaceae	Dellaglioa	Dellaglioa_algida	1045775.0	305.0	3877.0	54.57	4.28	0.36
SequinoG_2024_b__SRR27278144__bin.10	SequinoG_2024_b	SRR27278144	assigned	SGB12105	kSGB	Species	Bacteria	Pseudomonadota	Gammaproteobacteria	Pseudomonadales	Pseudomonadaceae	Pseudomonas	Pseudomonas_paraversuta	3007563.0	155.0	25546.0	66.55	2.27	0.59
SequinoG_2024_b__SRR27278144__bin.16	SequinoG_2024_b	SRR27278144	assigned	SGB7987	kSGB	Species	Bacteria	Bacillota	Bacilli	Lactobacillales	Streptococcaceae	Lactococcus	Lactococcus_carnosus	1652184.0	212.0	10936.0	75.59	1.71	0.39
SequinoG_2024_b__SRR27278144__bin.18	SequinoG_2024_b	SRR27278144	assigned	SGB31329	kSGB	Species	Bacteria	Pseudomonadota	Gammaproteobacteria	Moraxellales	Moraxellaceae	Acinetobacter	Acinetobacter_harbinensis	1791251.0	63.0	44531.0	67.43	0.2	0.42
SequinoG_2024_b__SRR27278144__bin.21	SequinoG_2024_b	SRR27278144	assigned	SGB7517	kSGB	Species	Bacteria	Bacillota	Bacilli	Bacillales	Listeriaceae	Brochothrix	Brochothrix_thermosphacta	1427292.0	68.0	37643.0	54.3	0.24	0.36
SequinoG_2024_b__SRR27278144__bin.22	SequinoG_2024_b	SRR27278144	assigned	SGB10459	kSGB	Species	Bacteria	Pseudomonadota	Gammaproteobacteria	Moraxellales	Moraxellaceae	Psychrobacter	Psychrobacter_immobilis	1986759.0	177.0	17143.0	65.2	2.55	0.43
SequinoG_2024_b__SRR27278145__bin.18	SequinoG_2024_b	SRR27278145	assigned	SGB29577	kSGB	Species	Bacteria	Bacillota	Bacilli	Lactobacillales	Lactobacillaceae	Weissella	Weissella_sagaensis	1574620.0	182.0	13466.0	83.54	4.69	0.37
SequinoG_2024_b__SRR27278145__bin.23	SequinoG_2024_b	SRR27278145	assigned	SGB214296	uSGB	Genus	Bacteria	Bacteroidota	Flavobacteriia	Flavobacteriales	Flavobacteriaceae	Myroides	Myroides_SGB214296	2262113.0	114.0	36825.0	64.02	0.03	0.33
SequinoG_2024_b__SRR27278145__bin.28	SequinoG_2024_b	SRR27278145	assigned	SGB7848	kSGB	Species	Bacteria	Bacillota	Bacilli	Bacillales	Staphylococcaceae	Staphylococcus	Staphylococcus_saprophyticus	2938913.0	335.0	17390.0	95.67	4.36	0.33
SequinoG_2024_b__SRR27278145__bin.32	SequinoG_2024_b	SRR27278145	assigned	SGB7517	kSGB	Species	Bacteria	Bacillota	Bacilli	Bacillales	Listeriaceae	Brochothrix	Brochothrix_thermosphacta	2418491.0	148.0	25745.0	97.27	0.72	0.36
SequinoG_2024_b__SRR27278145__bin.34	SequinoG_2024_b	SRR27278145	assigned	SGB31286	kSGB	Species	Bacteria	Pseudomonadota	Gammaproteobacteria	Enterobacterales	Yersiniaceae	Rahnella	Rahnella_inusitata	4504556.0	235.0	26205.0	90.57	0.57	0.54
SequinoG_2024_b__SRR27278145__bin.35	SequinoG_2024_b	SRR27278145	assigned	SGB10256	kSGB	Species	Bacteria	Pseudomonadota	Gammaproteobacteria	Enterobacterales	Yersiniaceae	Serratia	Serratia_liquefaciens	3706967.0	601.0	7452.0	57.54	4.2	0.56
SequinoG_2024_b__SRR27278145__bin.36	SequinoG_2024_b	SRR27278145	assigned	SGB7126	kSGB	Species	Bacteria	Bacillota	Bacilli	Lactobacillales	Lactobacillaceae	Leuconostoc	Leuconostoc_mesenteroides	1400721.0	232.0	7448.0	78.3	2.47	0.38
SequinoG_2024_b__SRR27278145__bin.37	SequinoG_2024_b	SRR27278145	assigned	SGB10259	kSGB	Species	Bacteria	Pseudomonadota	Gammaproteobacteria	Enterobacterales	Yersiniaceae	Serratia	Serratia_grimesii	3539460.0	595.0	6953.0	57.4	4.57	0.53
SequinoG_2024_b__SRR27278145__bin.42	SequinoG_2024_b	SRR27278145	assigned	SGB7129	kSGB	Species	Bacteria	Bacillota	Bacilli	Lactobacillales	Lactobacillaceae	Leuconostoc	Leuconostoc_carnosum	1245435.0	29.0	78039.0	78.1	0.04	0.37
SequinoG_2024_b__SRR27278145__bin.50	SequinoG_2024_b	SRR27278145	assigned	SGB12857	kSGB	Species	Bacteria	Pseudomonadota	Betaproteobacteria	Burkholderiales	Oxalobacteraceae	Janthinobacterium	Janthinobacterium_sp_AD80	4079650.0	341.0	18075.0	65.52	0.7	0.64
SequinoG_2024_b__SRR27278145__bin.6	SequinoG_2024_b	SRR27278145	assigned	SGB25309	kSGB	Species	Bacteria	Bacillota	Bacilli	Lactobacillales	Streptococcaceae	Lactococcus	Lactococcus_paracarnosus	2131121.0	121.0	27462.0	91.78	0.61	0.38
SequinoG_2024_b__SRR27278146__bin.20	SequinoG_2024_b	SRR27278146	assigned	SGB7848	kSGB	Species	Bacteria	Bacillota	Bacilli	Bacillales	Staphylococcaceae	Staphylococcus	Staphylococcus_saprophyticus	2418155.0	25.0	237284.0	99.03	0.13	0.33
SequinoG_2024_b__SRR27278146__bin.29	SequinoG_2024_b	SRR27278146	assigned	SGB10187	kSGB	Species	Bacteria	Pseudomonadota	Gammaproteobacteria	Enterobacterales	Erwiniaceae	Pantoea	Pantoea_agglomerans	3493377.0	620.0	6676.0	78.54	1.45	0.56
SequinoG_2024_b__SRR27278146__bin.33	SequinoG_2024_b	SRR27278146	assigned	SGB31329	kSGB	Species	Bacteria	Pseudomonadota	Gammaproteobacteria	Moraxellales	Moraxellaceae	Acinetobacter	Acinetobacter_harbinensis	1817385.0	85.0	32845.0	68.22	0.01	0.42
SequinoG_2024_b__SRR27278146__bin.39	SequinoG_2024_b	SRR27278146	assigned	SGB7517	kSGB	Species	Bacteria	Bacillota	Bacilli	Bacillales	Listeriaceae	Brochothrix	Brochothrix_thermosphacta	2302525.0	137.0	27346.0	85.36	0.24	0.36
SequinoG_2024_b__SRR27278146__bin.3	SequinoG_2024_b	SRR27278146	assigned	SGB7903	kSGB	Species	Bacteria	Bacillota	Bacilli	Lactobacillales	Carnobacteriaceae	Carnobacterium	Carnobacterium_divergens	2190267.0	520.0	4848.0	77.12	1.63	0.35
SequinoG_2024_b__SRR27278147__bin.10	SequinoG_2024_b	SRR27278147	assigned	SGB7903	kSGB	Species	Bacteria	Bacillota	Bacilli	Lactobacillales	Carnobacteriaceae	Carnobacterium	Carnobacterium_divergens	2787790.0	207.0	26064.0	99.98	2.79	0.35
SequinoG_2024_b__SRR27278147__bin.13	SequinoG_2024_b	SRR27278147	assigned	SGB96979	uSGB	Genus	Bacteria	Bacillota	Bacilli	Lactobacillales	Lactobacillaceae	Dellaglioa	Dellaglioa_SGB96979	1195318.0	247.0	5720.0	63.65	2.1	0.36
SequinoG_2024_b__SRR27278147__bin.18	SequinoG_2024_b	SRR27278147	assigned	SGB10459	kSGB	Species	Bacteria	Pseudomonadota	Gammaproteobacteria	Moraxellales	Moraxellaceae	Psychrobacter	Psychrobacter_immobilis	2835622.0	345.0	11456.0	86.77	1.87	0.43
SequinoG_2024_b__SRR27278147__bin.20	SequinoG_2024_b	SRR27278147	assigned	SGB7127	kSGB	Species	Bacteria	Bacillota	Bacilli	Lactobacillales	Lactobacillaceae	Leuconostoc	Leuconostoc_gasicomitatum	1269627.0	210.0	7930.0	64.99	1.09	0.37
SequinoG_2024_b__SRR27278147__bin.25	SequinoG_2024_b	SRR27278147	assigned	SGB96977	kSGB	Species	Bacteria	Bacillota	Bacilli	Lactobacillales	Lactobacillaceae	Leuconostoc	Leuconostoc_gelidum	1344698.0	231.0	6868.0	77.91	0.69	0.37
SequinoG_2024_b__SRR27278147__bin.4	SequinoG_2024_b	SRR27278147	assigned	SGB7252	kSGB	Species	Bacteria	Bacillota	Bacilli	Lactobacillales	Lactobacillaceae	Dellaglioa	Dellaglioa_algida	763387.0	175.0	5760.0	56.57	2.44	0.36
SequinoG_2024_b__SRR27278147__bin.6	SequinoG_2024_b	SRR27278147	assigned	SGB31329	kSGB	Species	Bacteria	Pseudomonadota	Gammaproteobacteria	Moraxellales	Moraxellaceae	Acinetobacter	Acinetobacter_harbinensis	2401172.0	365.0	8891.0	81.94	0.68	0.42
SequinoG_2024_b__SRR27278148__bin.10	SequinoG_2024_b	SRR27278148	assigned	SGB7517	kSGB	Species	Bacteria	Bacillota	Bacilli	Bacillales	Listeriaceae	Brochothrix	Brochothrix_thermosphacta	2356282.0	144.0	25002.0	86.08	1.08	0.36
SequinoG_2024_b__SRR27278148__bin.13	SequinoG_2024_b	SRR27278148	assigned	SGB7248	kSGB	Species	Bacteria	Bacillota	Bacilli	Lactobacillales	Lactobacillaceae	Latilactobacillus	Latilactobacillus_sakei	1359435.0	212.0	7548.0	74.68	0.26	0.41
SequinoG_2024_b__SRR27278148__bin.15	SequinoG_2024_b	SRR27278148	assigned	SGB10459	kSGB	Species	Bacteria	Pseudomonadota	Gammaproteobacteria	Moraxellales	Moraxellaceae	Psychrobacter	Psychrobacter_immobilis	2738480.0	302.0	11561.0	85.96	1.54	0.43
SequinoG_2024_b__SRR27278148__bin.21	SequinoG_2024_b	SRR27278148	assigned	SGB10256	kSGB	Species	Bacteria	Pseudomonadota	Gammaproteobacteria	Enterobacterales	Yersiniaceae	Serratia	Serratia_liquefaciens	3657034.0	633.0	7029.0	63.2	2.47	0.56
SequinoG_2024_b__SRR27278148__bin.29	SequinoG_2024_b	SRR27278148	assigned	SGB96977	kSGB	Species	Bacteria	Bacillota	Bacilli	Lactobacillales	Lactobacillaceae	Leuconostoc	Leuconostoc_gelidum	874620.0	164.0	6059.0	50.54	1.22	0.37
SequinoG_2024_b__SRR27278148__bin.8	SequinoG_2024_b	SRR27278148	assigned	SGB12106	kSGB	Species	Bacteria	Pseudomonadota	Gammaproteobacteria	Pseudomonadales	Pseudomonadaceae	Pseudomonas	Pseudomonas_fragi	3499501.0	481.0	9607.0	56.3	0.58	0.59
SequinoG_2024_b__SRR27278149__bin.10	SequinoG_2024_b	SRR27278149	assigned	SGB31329	kSGB	Species	Bacteria	Pseudomonadota	Gammaproteobacteria	Moraxellales	Moraxellaceae	Acinetobacter	Acinetobacter_harbinensis	2469486.0	426.0	7559.0	84.74	0.2	0.42
SequinoG_2024_b__SRR27278149__bin.4	SequinoG_2024_b	SRR27278149	assigned	SGB7987	kSGB	Species	Bacteria	Bacillota	Bacilli	Lactobacillales	Streptococcaceae	Lactococcus	Lactococcus_carnosus	1201824.0	367.0	3481.0	56.78	0.04	0.39
SequinoG_2024_b__SRR27278149__bin.8	SequinoG_2024_b	SRR27278149	assigned	SGB7517	kSGB	Species	Bacteria	Bacillota	Bacilli	Bacillales	Listeriaceae	Brochothrix	Brochothrix_thermosphacta	2415324.0	122.0	33183.0	95.2	0.16	0.36
SequinoG_2024_b__SRR27278150__bin.15	SequinoG_2024_b	SRR27278150	assigned	SGB7517	kSGB	Species	Bacteria	Bacillota	Bacilli	Bacillales	Listeriaceae	Brochothrix	Brochothrix_thermosphacta	2330419.0	155.0	22624.0	85.7	0.65	0.36
SequinoG_2024_b__SRR27278151__bin.2	SequinoG_2024_b	SRR27278151	assigned	SGB10459	kSGB	Species	Bacteria	Pseudomonadota	Gammaproteobacteria	Moraxellales	Moraxellaceae	Psychrobacter	Psychrobacter_immobilis	2421089.0	587.0	4658.0	76.88	0.52	0.43
SequinoG_2024_b__SRR27278151__bin.4	SequinoG_2024_b	SRR27278151	assigned	SGB12105	kSGB	Species	Bacteria	Pseudomonadota	Gammaproteobacteria	Pseudomonadales	Pseudomonadaceae	Pseudomonas	Pseudomonas_paraversuta	4586241.0	152.0	46034.0	99.63	0.33	0.59
SequinoG_2024_b__SRR27278151__bin.5	SequinoG_2024_b	SRR27278151	assigned	SGB7517	kSGB	Species	Bacteria	Bacillota	Bacilli	Bacillales	Listeriaceae	Brochothrix	Brochothrix_thermosphacta	2392558.0	225.0	17688.0	98.39	0.54	0.36
SequinoG_2024_b__SRR27278152__bin.4	SequinoG_2024_b	SRR27278152	assigned	SGB31286	kSGB	Species	Bacteria	Pseudomonadota	Gammaproteobacteria	Enterobacterales	Yersiniaceae	Rahnella	Rahnella_inusitata	4477508.0	322.0	23131.0	94.75	0.9	0.54
SequinoG_2024_b__SRR27278152__bin.7	SequinoG_2024_b	SRR27278152	assigned	SGB7127	kSGB	Species	Bacteria	Bacillota	Bacilli	Lactobacillales	Lactobacillaceae	Leuconostoc	Leuconostoc_gasicomitatum	1265517.0	259.0	5922.0	52.97	1.31	0.36
SequinoG_2024_b__SRR27278153__bin.14	SequinoG_2024_b	SRR27278153	assigned	SGB7987	kSGB	Species	Bacteria	Bacillota	Bacilli	Lactobacillales	Streptococcaceae	Lactococcus	Lactococcus_carnosus	1405914.0	327.0	4836.0	66.49	2.03	0.39
SequinoG_2024_b__SRR27278153__bin.19	SequinoG_2024_b	SRR27278153	assigned	SGB10459	kSGB	Species	Bacteria	Pseudomonadota	Gammaproteobacteria	Moraxellales	Moraxellaceae	Psychrobacter	Psychrobacter_immobilis	2848500.0	300.0	14037.0	84.1	2.36	0.43
SequinoG_2024_b__SRR27278153__bin.8	SequinoG_2024_b	SRR27278153	assigned	SGB7517	kSGB	Species	Bacteria	Bacillota	Bacilli	Bacillales	Listeriaceae	Brochothrix	Brochothrix_thermosphacta	2394416.0	129.0	28066.0	98.98	0.12	0.36
SequinoG_2024_b__SRR27278154__bin.11	SequinoG_2024_b	SRR27278154	assigned	SGB7848	kSGB	Species	Bacteria	Bacillota	Bacilli	Bacillales	Staphylococcaceae	Staphylococcus	Staphylococcus_saprophyticus	2146584.0	521.0	4761.0	73.29	2.06	0.33
SequinoG_2024_b__SRR27278154__bin.17	SequinoG_2024_b	SRR27278154	assigned	SGB7127	kSGB	Species	Bacteria	Bacillota	Bacilli	Lactobacillales	Lactobacillaceae	Leuconostoc	Leuconostoc_gasicomitatum	1141056.0	184.0	7462.0	53.08	2.26	0.37
SequinoG_2024_b__SRR27278154__bin.4	SequinoG_2024_b	SRR27278154	assigned	SGB7252	kSGB	Species	Bacteria	Bacillota	Bacilli	Lactobacillales	Lactobacillaceae	Dellaglioa	Dellaglioa_algida	900867.0	248.0	3963.0	57.64	1.99	0.36
SequinoG_2024_b__SRR27278154__bin.5	SequinoG_2024_b	SRR27278154	assigned	SGB7517	kSGB	Species	Bacteria	Bacillota	Bacilli	Bacillales	Listeriaceae	Brochothrix	Brochothrix_thermosphacta	1936470.0	81.0	37397.0	73.95	0.87	0.36
SequinoG_2024_b__SRR27278155__bin.12	SequinoG_2024_b	SRR27278155	assigned	SGB10459	kSGB	Species	Bacteria	Pseudomonadota	Gammaproteobacteria	Moraxellales	Moraxellaceae	Psychrobacter	Psychrobacter_immobilis	2976087.0	276.0	16655.0	86.59	3.9	0.43
SequinoG_2024_b__SRR27278155__bin.2	SequinoG_2024_b	SRR27278155	assigned	SGB7517	kSGB	Species	Bacteria	Bacillota	Bacilli	Bacillales	Listeriaceae	Brochothrix	Brochothrix_thermosphacta	1522944.0	54.0	44090.0	52.77	0.29	0.36
SequinoG_2024_b__SRR27278156__bin.19	SequinoG_2024_b	SRR27278156	assigned	SGB7517	kSGB	Species	Bacteria	Bacillota	Bacilli	Bacillales	Listeriaceae	Brochothrix	Brochothrix_thermosphacta	2384157.0	94.0	39832.0	88.93	0.2	0.36
SequinoG_2024_b__SRR27278156__bin.6	SequinoG_2024_b	SRR27278156	assigned	SGB12857	kSGB	Species	Bacteria	Pseudomonadota	Betaproteobacteria	Burkholderiales	Oxalobacteraceae	Janthinobacterium	Janthinobacterium_sp_AD80	5182482.0	919.0	7567.0	84.97	0.3	0.63
SequinoG_2024_b__SRR27278157__bin.12	SequinoG_2024_b	SRR27278157	assigned	SGB7517	kSGB	Species	Bacteria	Bacillota	Bacilli	Bacillales	Listeriaceae	Brochothrix	Brochothrix_thermosphacta	2351513.0	98.0	43628.0	99.05	1.15	0.36
SequinoG_2024_b__SRR27278157__bin.1	SequinoG_2024_b	SRR27278157	assigned	SGB10459	kSGB	Species	Bacteria	Pseudomonadota	Gammaproteobacteria	Moraxellales	Moraxellaceae	Psychrobacter	Psychrobacter_immobilis	2529364.0	509.0	5901.0	78.96	2.04	0.43
SequinoG_2024_b__SRR27278157__bin.2	SequinoG_2024_b	SRR27278157	assigned	SGB12106	kSGB	Species	Bacteria	Pseudomonadota	Gammaproteobacteria	Pseudomonadales	Pseudomonadaceae	Pseudomonas	Pseudomonas_fragi	4017573.0	562.0	9870.0	76.43	2.53	0.59
SequinoG_2024_b__SRR27278157__bin.9	SequinoG_2024_b	SRR27278157	assigned	SGB12105	kSGB	Species	Bacteria	Pseudomonadota	Gammaproteobacteria	Pseudomonadales	Pseudomonadaceae	Pseudomonas	Pseudomonas_paraversuta	4291224.0	195.0	32958.0	83.24	3.59	0.59
SequinoG_2024_b__SRR27278158__bin.11	SequinoG_2024_b	SRR27278158	assigned	SGB7129	kSGB	Species	Bacteria	Bacillota	Bacilli	Lactobacillales	Lactobacillaceae	Leuconostoc	Leuconostoc_carnosum	1577188.0	29.0	87231.0	93.55	1.12	0.37
SequinoG_2024_b__SRR27278158__bin.15	SequinoG_2024_b	SRR27278158	assigned	SGB96977	kSGB	Species	Bacteria	Bacillota	Bacilli	Lactobacillales	Lactobacillaceae	Leuconostoc	Leuconostoc_gelidum	986164.0	194.0	6439.0	57.45	0.33	0.37
SequinoG_2024_b__SRR27278158__bin.17	SequinoG_2024_b	SRR27278158	assigned	SGB7903	kSGB	Species	Bacteria	Bacillota	Bacilli	Lactobacillales	Carnobacteriaceae	Carnobacterium	Carnobacterium_divergens	2454356.0	116.0	39120.0	91.82	2.13	0.35
SequinoG_2024_b__SRR27278158__bin.18	SequinoG_2024_b	SRR27278158	assigned	SGB7127	kSGB	Species	Bacteria	Bacillota	Bacilli	Lactobacillales	Lactobacillaceae	Leuconostoc	Leuconostoc_gasicomitatum	1327690.0	216.0	7542.0	72.45	1.55	0.37
SequinoG_2024_b__SRR27278158__bin.1	SequinoG_2024_b	SRR27278158	assigned	SGB12105	kSGB	Species	Bacteria	Pseudomonadota	Gammaproteobacteria	Pseudomonadales	Pseudomonadaceae	Pseudomonas	Pseudomonas_paraversuta	4007844.0	338.0	17416.0	80.03	3.86	0.59
SequinoG_2024_b__SRR27278158__bin.28	SequinoG_2024_b	SRR27278158	assigned	SGB7517	kSGB	Species	Bacteria	Bacillota	Bacilli	Bacillales	Listeriaceae	Brochothrix	Brochothrix_thermosphacta	1922119.0	92.0	45239.0	71.95	0.78	0.37
SequinoG_2024_b__SRR27278158__bin.2	SequinoG_2024_b	SRR27278158	assigned	SGB7126	kSGB	Species	Bacteria	Bacillota	Bacilli	Lactobacillales	Lactobacillaceae	Leuconostoc	Leuconostoc_mesenteroides	1799902.0	175.0	15962.0	95.77	1.95	0.38
SequinoG_2024_b__SRR27278158__bin.30	SequinoG_2024_b	SRR27278158	assigned	SGB7252	kSGB	Species	Bacteria	Bacillota	Bacilli	Lactobacillales	Lactobacillaceae	Dellaglioa	Dellaglioa_algida	695668.0	161.0	5036.0	51.41	3.69	0.36
SequinoG_2024_b__SRR27278158__bin.37	SequinoG_2024_b	SRR27278158	assigned	SGB10459	kSGB	Species	Bacteria	Pseudomonadota	Gammaproteobacteria	Moraxellales	Moraxellaceae	Psychrobacter	Psychrobacter_immobilis	1571125.0	403.0	4442.0	58.32	1.14	0.43
SequinoG_2024_b__SRR27278158__bin.7	SequinoG_2024_b	SRR27278158	assigned	SGB12100	kSGB	Species	Bacteria	Pseudomonadota	Gammaproteobacteria	Pseudomonadales	Pseudomonadaceae	Pseudomonas	Pseudomonas_weihenstephanensis	3212785.0	741.0	5018.0	63.33	3.13	0.59
SequinoG_2024_b__SRR27278159__bin.11	SequinoG_2024_b	SRR27278159	assigned	SGB7249	kSGB	Species	Bacteria	Bacillota	Bacilli	Lactobacillales	Lactobacillaceae	Latilactobacillus	Latilactobacillus_curvatus	1524735.0	183.0	10478.0	79.82	0.13	0.42
SequinoG_2024_b__SRR27278159__bin.18	SequinoG_2024_b	SRR27278159	assigned	SGB96977	kSGB	Species	Bacteria	Bacillota	Bacilli	Lactobacillales	Lactobacillaceae	Leuconostoc	Leuconostoc_gelidum	1176716.0	212.0	6628.0	67.9	0.51	0.37
SequinoG_2024_b__SRR27278159__bin.22	SequinoG_2024_b	SRR27278159	assigned	SGB7126	kSGB	Species	Bacteria	Bacillota	Bacilli	Lactobacillales	Lactobacillaceae	Leuconostoc	Leuconostoc_mesenteroides	1267840.0	28.0	118404.0	77.89	0.81	0.38
SequinoG_2024_b__SRR27278159__bin.23	SequinoG_2024_b	SRR27278159	assigned	SGB29577	kSGB	Species	Bacteria	Bacillota	Bacilli	Lactobacillales	Lactobacillaceae	Weissella	Weissella_sagaensis	1945446.0	99.0	34496.0	97.87	1.85	0.36
SequinoG_2024_b__SRR27278159__bin.32	SequinoG_2024_b	SRR27278159	assigned	SGB10320	kSGB	Species	Bacteria	Pseudomonadota	Gammaproteobacteria	Alteromonadales	Shewanellaceae	Shewanella	Shewanella_baltica	2173111.0	499.0	4609.0	52.53	0.59	0.47
SequinoG_2024_b__SRR27278159__bin.5	SequinoG_2024_b	SRR27278159	assigned	SGB7903	kSGB	Species	Bacteria	Bacillota	Bacilli	Lactobacillales	Carnobacteriaceae	Carnobacterium	Carnobacterium_divergens	2283537.0	407.0	7391.0	81.98	2.89	0.35
SequinoG_2024_b__SRR27278159__bin.7	SequinoG_2024_b	SRR27278159	assigned	SGB7517	kSGB	Species	Bacteria	Bacillota	Bacilli	Bacillales	Listeriaceae	Brochothrix	Brochothrix_thermosphacta	2513989.0	150.0	27648.0	86.17	2.26	0.36
SequinoG_2024_b__SRR27278159__bin.9	SequinoG_2024_b	SRR27278159	assigned	SGB9825	kSGB	Species	Bacteria	Pseudomonadota	Gammaproteobacteria	Vibrionales	Vibrionaceae	Photobacterium	Photobacterium_iliopiscarium	2835279.0	123.0	43693.0	68.64	0.64	0.38
SequinoG_2024_b__SRR27278160__bin.14	SequinoG_2024_b	SRR27278160	assigned	SGB12105	kSGB	Species	Bacteria	Pseudomonadota	Gammaproteobacteria	Pseudomonadales	Pseudomonadaceae	Pseudomonas	Pseudomonas_paraversuta	3602135.0	143.0	34397.0	79.03	0.71	0.59
SequinoG_2024_b__SRR27278160__bin.20	SequinoG_2024_b	SRR27278160	assigned	SGB7127	kSGB	Species	Bacteria	Bacillota	Bacilli	Lactobacillales	Lactobacillaceae	Leuconostoc	Leuconostoc_gasicomitatum	1096189.0	163.0	9032.0	59.33	0.21	0.37
SequinoG_2024_b__SRR27278160__bin.23	SequinoG_2024_b	SRR27278160	assigned	SGB96977	kSGB	Species	Bacteria	Bacillota	Bacilli	Lactobacillales	Lactobacillaceae	Leuconostoc	Leuconostoc_gelidum	1124897.0	244.0	5538.0	63.2	1.45	0.37
SequinoG_2024_b__SRR27278160__bin.24	SequinoG_2024_b	SRR27278160	assigned	SGB7987	kSGB	Species	Bacteria	Bacillota	Bacilli	Lactobacillales	Streptococcaceae	Lactococcus	Lactococcus_carnosus	1517207.0	167.0	16455.0	69.9	0.43	0.39
SequinoG_2024_b__SRR27278160__bin.25	SequinoG_2024_b	SRR27278160	assigned	SGB10459	kSGB	Species	Bacteria	Pseudomonadota	Gammaproteobacteria	Moraxellales	Moraxellaceae	Psychrobacter	Psychrobacter_immobilis	2836169.0	277.0	15230.0	85.73	2.11	0.43
SequinoG_2024_b__SRR27278160__bin.2	SequinoG_2024_b	SRR27278160	assigned	SGB7248	kSGB	Species	Bacteria	Bacillota	Bacilli	Lactobacillales	Lactobacillaceae	Latilactobacillus	Latilactobacillus_sakei	866392.0	241.0	4059.0	52.29	2.01	0.42
SequinoG_2024_b__SRR27278161__bin.10	SequinoG_2024_b	SRR27278161	assigned	SGB7248	kSGB	Species	Bacteria	Bacillota	Bacilli	Lactobacillales	Lactobacillaceae	Latilactobacillus	Latilactobacillus_sakei	1109505.0	132.0	12031.0	58.47	0.41	0.41
SequinoG_2024_b__SRR27278161__bin.11	SequinoG_2024_b	SRR27278161	assigned	SGB96977	kSGB	Species	Bacteria	Bacillota	Bacilli	Lactobacillales	Lactobacillaceae	Leuconostoc	Leuconostoc_gelidum	1267083.0	231.0	6551.0	73.4	2.0	0.37
SequinoG_2024_b__SRR27278161__bin.15	SequinoG_2024_b	SRR27278161	assigned	SGB9951	kSGB	Species	Bacteria	Pseudomonadota	Gammaproteobacteria	Aeromonadales	Aeromonadaceae	Aeromonas	Aeromonas_salmonicida	3861791.0	535.0	9355.0	87.37	3.26	0.6
SequinoG_2024_b__SRR27278161__bin.17	SequinoG_2024_b	SRR27278161	assigned	SGB214296	uSGB	Genus	Bacteria	Bacteroidota	Flavobacteriia	Flavobacteriales	Flavobacteriaceae	Myroides	Myroides_SGB214296	3300339.0	227.0	27916.0	99.97	0.41	0.34
SequinoG_2024_b__SRR27278161__bin.20	SequinoG_2024_b	SRR27278161	assigned	SGB12100	kSGB	Species	Bacteria	Pseudomonadota	Gammaproteobacteria	Pseudomonadales	Pseudomonadaceae	Pseudomonas	Pseudomonas_weihenstephanensis	3915615.0	299.0	20487.0	68.34	3.71	0.58
SequinoG_2024_b__SRR27278161__bin.21	SequinoG_2024_b	SRR27278161	assigned	SGB7517	kSGB	Species	Bacteria	Bacillota	Bacilli	Bacillales	Listeriaceae	Brochothrix	Brochothrix_thermosphacta	2351633.0	110.0	33260.0	98.56	0.68	0.36
SequinoG_2024_b__SRR27278162__bin.4	SequinoG_2024_b	SRR27278162	assigned	SGB9956	kSGB	Species	Bacteria	Pseudomonadota	Gammaproteobacteria	Aeromonadales	Aeromonadaceae	Aeromonas	Aeromonas_rivipollensis	3210335.0	860.0	4297.0	70.96	4.52	0.63
SequinoG_2024_b__SRR27278162__bin.6	SequinoG_2024_b	SRR27278162	assigned	SGB7517	kSGB	Species	Bacteria	Bacillota	Bacilli	Bacillales	Listeriaceae	Brochothrix	Brochothrix_thermosphacta	1402058.0	490.0	3044.0	55.53	0.52	0.36
SequinoG_2024_b__SRR27278163__bin.12	SequinoG_2024_b	SRR27278163	assigned	SGB25309	kSGB	Species	Bacteria	Bacillota	Bacilli	Lactobacillales	Streptococcaceae	Lactococcus	Lactococcus_paracarnosus	1749443.0	130.0	19124.0	81.76	0.55	0.39
SequinoG_2024_b__SRR27278163__bin.17	SequinoG_2024_b	SRR27278163	assigned	SGB7248	kSGB	Species	Bacteria	Bacillota	Bacilli	Lactobacillales	Lactobacillaceae	Latilactobacillus	Latilactobacillus_sakei	1232470.0	170.0	9732.0	65.77	1.66	0.41
SequinoG_2024_b__SRR27278163__bin.19	SequinoG_2024_b	SRR27278163	assigned	SGB7984	kSGB	Species	Bacteria	Bacillota	Bacilli	Lactobacillales	Streptococcaceae	Lactococcus	Lactococcus_cremoris	2126203.0	46.0	118675.0	84.42	0.79	0.35
SequinoG_2024_b__SRR27278163__bin.20	SequinoG_2024_b	SRR27278163	assigned	SGB7126	kSGB	Species	Bacteria	Bacillota	Bacilli	Lactobacillales	Lactobacillaceae	Leuconostoc	Leuconostoc_mesenteroides	1440162.0	34.0	60423.0	90.45	0.26	0.38
SequinoG_2024_b__SRR27278163__bin.23	SequinoG_2024_b	SRR27278163	assigned	SGB29577	kSGB	Species	Bacteria	Bacillota	Bacilli	Lactobacillales	Lactobacillaceae	Weissella	Weissella_sagaensis	2044041.0	186.0	20395.0	99.98	1.5	0.36
SequinoG_2024_b__SRR27278163__bin.3	SequinoG_2024_b	SRR27278163	assigned	SGB7251	kSGB	Species	Bacteria	Bacillota	Bacilli	Lactobacillales	Lactobacillaceae	Latilactobacillus	Latilactobacillus_fuchuensis	1761138.0	183.0	13276.0	86.19	1.88	0.42
SequinoG_2024_b__SRR27278164__bin.14	SequinoG_2024_b	SRR27278164	assigned	SGB12105	kSGB	Species	Bacteria	Pseudomonadota	Gammaproteobacteria	Pseudomonadales	Pseudomonadaceae	Pseudomonas	Pseudomonas_paraversuta	3600089.0	759.0	5662.0	81.2	1.18	0.59
SequinoG_2024_b__SRR27278164__bin.17	SequinoG_2024_b	SRR27278164	assigned	SGB7127	kSGB	Species	Bacteria	Bacillota	Bacilli	Lactobacillales	Lactobacillaceae	Leuconostoc	Leuconostoc_gasicomitatum	1622910.0	257.0	8309.0	81.82	1.33	0.37
SequinoG_2024_b__SRR27278164__bin.18	SequinoG_2024_b	SRR27278164	assigned	SGB7129	kSGB	Species	Bacteria	Bacillota	Bacilli	Lactobacillales	Lactobacillaceae	Leuconostoc	Leuconostoc_carnosum	1607277.0	36.0	77303.0	89.37	0.04	0.37
SequinoG_2024_b__SRR27278164__bin.20	SequinoG_2024_b	SRR27278164	assigned	SGB96977	kSGB	Species	Bacteria	Bacillota	Bacilli	Lactobacillales	Lactobacillaceae	Leuconostoc	Leuconostoc_gelidum	1057829.0	201.0	6487.0	59.9	0.25	0.37
SequinoG_2024_b__SRR27278164__bin.21	SequinoG_2024_b	SRR27278164	assigned	SGB7252	kSGB	Species	Bacteria	Bacillota	Bacilli	Lactobacillales	Lactobacillaceae	Dellaglioa	Dellaglioa_algida	1021047.0	237.0	5005.0	70.27	2.17	0.35
SequinoG_2024_b__SRR27278165__bin.18	SequinoG_2024_b	SRR27278165	assigned	SGB7903	kSGB	Species	Bacteria	Bacillota	Bacilli	Lactobacillales	Carnobacteriaceae	Carnobacterium	Carnobacterium_divergens	2456235.0	152.0	23504.0	85.41	1.38	0.35
SequinoG_2024_b__SRR27278165__bin.30	SequinoG_2024_b	SRR27278165	assigned	SGB10459	kSGB	Species	Bacteria	Pseudomonadota	Gammaproteobacteria	Moraxellales	Moraxellaceae	Psychrobacter	Psychrobacter_immobilis	2280401.0	437.0	6342.0	73.75	0.81	0.43
SequinoG_2024_b__SRR27278165__bin.6	SequinoG_2024_b	SRR27278165	assigned	SGB212083	uSGB	Genus	Bacteria	Bacillota	Bacilli	Lactobacillales	Lactobacillaceae	Periweissella	Periweissella_SGB212083	2549224.0	383.0	7843.0	91.87	3.94	0.43
SequinoG_2024_b__SRR27278165__bin.7	SequinoG_2024_b	SRR27278165	assigned	SGB7129	kSGB	Species	Bacteria	Bacillota	Bacilli	Lactobacillales	Lactobacillaceae	Leuconostoc	Leuconostoc_carnosum	1523930.0	53.0	57450.0	91.63	0.67	0.37
SequinoG_2024_b__SRR27278165__bin.8	SequinoG_2024_b	SRR27278165	assigned	SGB12105	kSGB	Species	Bacteria	Pseudomonadota	Gammaproteobacteria	Pseudomonadales	Pseudomonadaceae	Pseudomonas	Pseudomonas_paraversuta	4619492.0	206.0	32177.0	95.4	3.15	0.59
SequinoG_2024_b__SRR27278166__bin.12	SequinoG_2024_b	SRR27278166	assigned	SGB7984	kSGB	Species	Bacteria	Bacillota	Bacilli	Lactobacillales	Streptococcaceae	Lactococcus	Lactococcus_cremoris	2313314.0	29.0	187108.0	99.48	1.49	0.36
SequinoG_2024_b__SRR27278166__bin.13	SequinoG_2024_b	SRR27278166	assigned	SGB7126	kSGB	Species	Bacteria	Bacillota	Bacilli	Lactobacillales	Lactobacillaceae	Leuconostoc	Leuconostoc_mesenteroides	1577003.0	58.0	67710.0	92.42	0.17	0.38
SequinoG_2024_b__SRR27278166__bin.17	SequinoG_2024_b	SRR27278166	assigned	SGB29577	kSGB	Species	Bacteria	Bacillota	Bacilli	Lactobacillales	Lactobacillaceae	Weissella	Weissella_sagaensis	1811709.0	204.0	13346.0	87.17	2.09	0.36
SequinoG_2024_b__SRR27278166__bin.18	SequinoG_2024_b	SRR27278166	assigned	SGB7249	kSGB	Species	Bacteria	Bacillota	Bacilli	Lactobacillales	Lactobacillaceae	Latilactobacillus	Latilactobacillus_curvatus	1551856.0	103.0	21752.0	80.65	4.03	0.42
SequinoG_2024_b__SRR27278166__bin.20	SequinoG_2024_b	SRR27278166	assigned	SGB7248	kSGB	Species	Bacteria	Bacillota	Bacilli	Lactobacillales	Lactobacillaceae	Latilactobacillus	Latilactobacillus_sakei	1246217.0	161.0	9364.0	63.92	0.19	0.41
SequinoG_2024_b__SRR27278166__bin.23	SequinoG_2024_b	SRR27278166	assigned	SGB7517	kSGB	Species	Bacteria	Bacillota	Bacilli	Bacillales	Listeriaceae	Brochothrix	Brochothrix_thermosphacta	1202270.0	62.0	32574.0	50.39	1.44	0.37
SequinoG_2024_b__SRR27278166__bin.26	SequinoG_2024_b	SRR27278166	assigned	SGB7903	kSGB	Species	Bacteria	Bacillota	Bacilli	Lactobacillales	Carnobacteriaceae	Carnobacterium	Carnobacterium_divergens	1996137.0	369.0	6562.0	71.42	2.32	0.35
SequinoG_2024_b__SRR27278166__bin.27	SequinoG_2024_b	SRR27278166	assigned	SGB25309	kSGB	Species	Bacteria	Bacillota	Bacilli	Lactobacillales	Streptococcaceae	Lactococcus	Lactococcus_paracarnosus	1472924.0	191.0	9316.0	65.01	2.38	0.38
SequinoG_2024_b__SRR27278166__bin.3	SequinoG_2024_b	SRR27278166	assigned	SGB96977	kSGB	Species	Bacteria	Bacillota	Bacilli	Lactobacillales	Lactobacillaceae	Leuconostoc	Leuconostoc_gelidum	1150234.0	210.0	6677.0	67.75	2.0	0.37
SequinoG_2024_b__SRR27278166__bin.8	SequinoG_2024_b	SRR27278166	assigned	SGB9825	kSGB	Species	Bacteria	Pseudomonadota	Gammaproteobacteria	Vibrionales	Vibrionaceae	Photobacterium	Photobacterium_iliopiscarium	1542895.0	172.0	12697.0	57.51	0.7	0.41
SequinoG_2024_b__SRR27278167__bin.16	SequinoG_2024_b	SRR27278167	assigned	SGB96979	uSGB	Genus	Bacteria	Bacillota	Bacilli	Lactobacillales	Lactobacillaceae	Dellaglioa	Dellaglioa_SGB96979	1056063.0	118.0	13762.0	56.43	2.56	0.36
SequinoG_2024_b__SRR27278167__bin.20	SequinoG_2024_b	SRR27278167	assigned	SGB7129	kSGB	Species	Bacteria	Bacillota	Bacilli	Lactobacillales	Lactobacillaceae	Leuconostoc	Leuconostoc_carnosum	1266878.0	263.0	5879.0	72.72	0.08	0.37
SequinoG_2024_b__SRR27278167__bin.22	SequinoG_2024_b	SRR27278167	assigned	SGB7248	kSGB	Species	Bacteria	Bacillota	Bacilli	Lactobacillales	Lactobacillaceae	Latilactobacillus	Latilactobacillus_sakei	1107163.0	159.0	9180.0	51.98	0.53	0.41
SequinoG_2024_b__SRR27278167__bin.30	SequinoG_2024_b	SRR27278167	assigned	SGB7987	kSGB	Species	Bacteria	Bacillota	Bacilli	Lactobacillales	Streptococcaceae	Lactococcus	Lactococcus_carnosus	1102131.0	110.0	15112.0	51.09	3.83	0.4
SequinoG_2024_b__SRR27278167__bin.3	SequinoG_2024_b	SRR27278167	assigned	SGB10459	kSGB	Species	Bacteria	Pseudomonadota	Gammaproteobacteria	Moraxellales	Moraxellaceae	Psychrobacter	Psychrobacter_immobilis	1501371.0	390.0	4253.0	55.61	0.2	0.43
SequinoG_2024_b__SRR27278167__bin.41	SequinoG_2024_b	SRR27278167	assigned	SGB12105	kSGB	Species	Bacteria	Pseudomonadota	Gammaproteobacteria	Pseudomonadales	Pseudomonadaceae	Pseudomonas	Pseudomonas_paraversuta	3580308.0	153.0	32281.0	80.95	0.71	0.59
SequinoG_2024_b__SRR27278167__bin.5	SequinoG_2024_b	SRR27278167	assigned	SGB96977	kSGB	Species	Bacteria	Bacillota	Bacilli	Lactobacillales	Lactobacillaceae	Leuconostoc	Leuconostoc_gelidum	1084954.0	185.0	7246.0	60.67	4.89	0.37
SequinoG_2024_b__SRR27278168__bin.12	SequinoG_2024_b	SRR27278168	assigned	SGB7126	kSGB	Species	Bacteria	Bacillota	Bacilli	Lactobacillales	Lactobacillaceae	Leuconostoc	Leuconostoc_mesenteroides	1791774.0	77.0	46043.0	96.71	0.73	0.38
SequinoG_2024_b__SRR27278168__bin.16	SequinoG_2024_b	SRR27278168	assigned	SGB96977	kSGB	Species	Bacteria	Bacillota	Bacilli	Lactobacillales	Lactobacillaceae	Leuconostoc	Leuconostoc_gelidum	1134799.0	197.0	6869.0	64.99	0.25	0.37
SequinoG_2024_b__SRR27278168__bin.7	SequinoG_2024_b	SRR27278168	assigned	SGB7248	kSGB	Species	Bacteria	Bacillota	Bacilli	Lactobacillales	Lactobacillaceae	Latilactobacillus	Latilactobacillus_sakei	1153863.0	132.0	11138.0	60.13	0.04	0.41
SequinoG_2024_b__SRR27278177__bin.15	SequinoG_2024_b	SRR27278177	assigned	SGB96977	kSGB	Species	Bacteria	Bacillota	Bacilli	Lactobacillales	Lactobacillaceae	Leuconostoc	Leuconostoc_gelidum	1359649.0	187.0	8777.0	77.31	0.07	0.37
SequinoG_2024_b__SRR27278177__bin.1	SequinoG_2024_b	SRR27278177	assigned	SGB7517	kSGB	Species	Bacteria	Bacillota	Bacilli	Bacillales	Listeriaceae	Brochothrix	Brochothrix_thermosphacta	2582625.0	165.0	30654.0	99.32	1.85	0.36
SequinoG_2024_b__SRR27278177__bin.2	SequinoG_2024_b	SRR27278177	assigned	SGB7248	kSGB	Species	Bacteria	Bacillota	Bacilli	Lactobacillales	Lactobacillaceae	Latilactobacillus	Latilactobacillus_sakei	1446297.0	239.0	7977.0	76.76	1.55	0.41
SequinoG_2024_b__SRR27278177__bin.4	SequinoG_2024_b	SRR27278177	assigned	SGB96979	uSGB	Genus	Bacteria	Bacillota	Bacilli	Lactobacillales	Lactobacillaceae	Dellaglioa	Dellaglioa_SGB96979	1047833.0	133.0	11600.0	58.62	3.39	0.36
SequinoG_2024_b__SRR27278197__bin.3	SequinoG_2024_b	SRR27278197	assigned	SGB10459	kSGB	Species	Bacteria	Pseudomonadota	Gammaproteobacteria	Moraxellales	Moraxellaceae	Psychrobacter	Psychrobacter_immobilis	2715006.0	339.0	10164.0	84.31	0.07	0.43
SequinoG_2024_b__SRR27278197__bin.4	SequinoG_2024_b	SRR27278197	assigned	SGB12105	kSGB	Species	Bacteria	Pseudomonadota	Gammaproteobacteria	Pseudomonadales	Pseudomonadaceae	Pseudomonas	Pseudomonas_paraversuta	3526710.0	119.0	47728.0	81.12	0.77	0.59
SequinoG_2024_b__SRR27278197__bin.6	SequinoG_2024_b	SRR27278197	assigned	SGB7517	kSGB	Species	Bacteria	Bacillota	Bacilli	Bacillales	Listeriaceae	Brochothrix	Brochothrix_thermosphacta	2406915.0	108.0	38632.0	99.11	0.26	0.36
SequinoG_2024_b__SRR27278204__bin.10	SequinoG_2024_b	SRR27278204	assigned	SGB25309	kSGB	Species	Bacteria	Bacillota	Bacilli	Lactobacillales	Streptococcaceae	Lactococcus	Lactococcus_paracarnosus	2418018.0	260.0	15270.0	95.59	4.27	0.38
SequinoG_2024_b__SRR27278204__bin.26	SequinoG_2024_b	SRR27278204	assigned	SGB9956	kSGB	Species	Bacteria	Pseudomonadota	Gammaproteobacteria	Aeromonadales	Aeromonadaceae	Aeromonas	Aeromonas_rivipollensis	3017406.0	771.0	4531.0	63.06	3.4	0.62
SequinoG_2024_b__SRR27278204__bin.3	SequinoG_2024_b	SRR27278204	assigned	SGB23312	kSGB	Species	Bacteria	Pseudomonadota	Gammaproteobacteria	Alteromonadales	Shewanellaceae	Shewanella	Shewanella_oncorhynchi	3829902.0	697.0	6723.0	83.73	1.41	0.45
SequinoG_2024_b__SRR27278215__bin.10	SequinoG_2024_b	SRR27278215	assigned	SGB12110	kSGB	Species	Bacteria	Pseudomonadota	Gammaproteobacteria	Pseudomonadales	Pseudomonadaceae	Pseudomonas	Pseudomonas_psychrophila	3408947.0	1097.0	3349.0	50.21	4.74	0.59
SequinoG_2024_b__SRR27278215__bin.12	SequinoG_2024_b	SRR27278215	assigned	SGB12106	kSGB	Species	Bacteria	Pseudomonadota	Gammaproteobacteria	Pseudomonadales	Pseudomonadaceae	Pseudomonas	Pseudomonas_fragi	4189754.0	527.0	11500.0	75.95	3.07	0.59
SequinoG_2024_b__SRR27278215__bin.3	SequinoG_2024_b	SRR27278215	assigned	SGB12105	kSGB	Species	Bacteria	Pseudomonadota	Gammaproteobacteria	Pseudomonadales	Pseudomonadaceae	Pseudomonas	Pseudomonas_paraversuta	3245404.0	162.0	30753.0	62.79	1.95	0.59
SequinoG_2024_b__SRR27278215__bin.8	SequinoG_2024_b	SRR27278215	assigned	SGB7517	kSGB	Species	Bacteria	Bacillota	Bacilli	Bacillales	Listeriaceae	Brochothrix	Brochothrix_thermosphacta	2304223.0	105.0	38143.0	99.62	0.12	0.37
SequinoG_2024_b__SRR27278228__bin.3	SequinoG_2024_b	SRR27278228	assigned	SGB7517	kSGB	Species	Bacteria	Bacillota	Bacilli	Bacillales	Listeriaceae	Brochothrix	Brochothrix_thermosphacta	2326965.0	113.0	36846.0	99.25	0.18	0.36
SequinoG_2024_b__SRR27278228__bin.5	SequinoG_2024_b	SRR27278228	assigned	SGB7848	kSGB	Species	Bacteria	Bacillota	Bacilli	Bacillales	Staphylococcaceae	Staphylococcus	Staphylococcus_saprophyticus	2395572.0	620.0	4541.0	82.1	4.44	0.33
SequinoG_2024_b__SRR27278229__bin.10	SequinoG_2024_b	SRR27278229	assigned	SGB10459	kSGB	Species	Bacteria	Pseudomonadota	Gammaproteobacteria	Moraxellales	Moraxellaceae	Psychrobacter	Psychrobacter_immobilis	2481557.0	554.0	5356.0	78.55	0.44	0.43
SequinoG_2024_b__SRR27278229__bin.11	SequinoG_2024_b	SRR27278229	assigned	SGB7517	kSGB	Species	Bacteria	Bacillota	Bacilli	Bacillales	Listeriaceae	Brochothrix	Brochothrix_thermosphacta	2395020.0	102.0	40971.0	98.31	0.21	0.36
SequinoG_2024_b__SRR27278229__bin.12	SequinoG_2024_b	SRR27278229	assigned	SGB12106	kSGB	Species	Bacteria	Pseudomonadota	Gammaproteobacteria	Pseudomonadales	Pseudomonadaceae	Pseudomonas	Pseudomonas_fragi	4162194.0	611.0	9258.0	75.95	2.63	0.59
SequinoG_2024_b__SRR27278229__bin.5	SequinoG_2024_b	SRR27278229	assigned	SGB31329	kSGB	Species	Bacteria	Pseudomonadota	Gammaproteobacteria	Moraxellales	Moraxellaceae	Acinetobacter	Acinetobacter_harbinensis	2009820.0	500.0	4705.0	77.84	2.23	0.42
SequinoG_2024_b__SRR27278230__bin.2	SequinoG_2024_b	SRR27278230	assigned	SGB12106	kSGB	Species	Bacteria	Pseudomonadota	Gammaproteobacteria	Pseudomonadales	Pseudomonadaceae	Pseudomonas	Pseudomonas_fragi	4006540.0	1080.0	4165.0	70.3	4.87	0.59
SequinoG_2024_b__SRR27278230__bin.5	SequinoG_2024_b	SRR27278230	assigned	SGB7517	kSGB	Species	Bacteria	Bacillota	Bacilli	Bacillales	Listeriaceae	Brochothrix	Brochothrix_thermosphacta	2320768.0	105.0	39484.0	98.63	0.17	0.37
SequinoG_2024_b__SRR27278230__bin.8	SequinoG_2024_b	SRR27278230	assigned	SGB12105	kSGB	Species	Bacteria	Pseudomonadota	Gammaproteobacteria	Pseudomonadales	Pseudomonadaceae	Pseudomonas	Pseudomonas_paraversuta	2393062.0	213.0	16574.0	50.3	0.6	0.59
