sample	YapM_2020__ERR4142707	YapM_2020__ERR4142708	YapM_2020__ERR4142709	YapM_2020__ERR4142710	YapM_2020__ERR4142711	YapM_2020__ERR4142712	YapM_2020__ERR4142713	YapM_2020__ERR4142714	YapM_2020__ERR4142715	YapM_2020__ERR4142716	YapM_2020__ERR4142717	YapM_2020__ERR4142718	YapM_2020__ERR4142719	YapM_2020__ERR4142720	YapM_2020__ERR4142721	YapM_2020__ERR4142722	YapM_2020__ERR4142723	YapM_2020__ERR4142724
macrocategory	food	food	food	food	food	food	food	food	food	food	food	food	food	food	food	food	food	food
category	dairy	dairy	dairy	dairy	dairy	dairy	dairy	dairy	dairy	dairy	dairy	dairy	dairy	dairy	dairy	dairy	dairy	dairy
type	raw_milk	raw_milk	raw_milk	raw_milk	raw_milk	raw_milk	raw_milk	raw_milk	raw_milk	raw_milk	raw_milk	raw_milk	raw_milk	raw_milk	raw_milk	raw_milk	raw_milk	raw_milk
subtype	bovine_milk	bovine_milk	bovine_milk	bovine_milk	bovine_milk	bovine_milk	bovine_milk	bovine_milk	bovine_milk	bovine_milk	bovine_milk	bovine_milk	bovine_milk	bovine_milk	bovine_milk	bovine_milk	bovine_milk	bovine_milk
country	IRL	IRL	IRL	IRL	IRL	IRL	IRL	IRL	IRL	IRL	IRL	IRL	IRL	IRL	IRL	IRL	IRL	IRL
source	public	public	public	public	public	public	public	public	public	public	public	public	public	public	public	public	public	public
k__Bacteria|p__Proteobacteria|c__Gammaproteobacteria|o__Moraxellales|f__Moraxellaceae|g__Acinetobacter|s__Acinetobacter_guillouiae|t__SGB10380	20.45576	10.3379	3.92608	0.89965	1.01833	0.93359	5.08293	0.0	0.0	0.0	0.0	0.0	0.48475	1.11791	0.63019	0.0	0.0	0.01772
k__Bacteria|p__Proteobacteria|c__Gammaproteobacteria|o__Pseudomonadales|f__Pseudomonadaceae|g__Pseudomonas|s__Pseudomonas_saxonica|t__SGB89059	12.1554	34.29048	29.95312	0.0	0.0	0.0	0.0	0.0	0.0	0.0	0.0	0.0	0.0	0.0	0.0	0.0	0.50969	0.35311
k__Bacteria|p__Proteobacteria|c__Gammaproteobacteria|o__Moraxellales|f__Moraxellaceae|g__Acinetobacter|s__Acinetobacter_sp_ANC_3832|t__SGB10381	11.27977	30.21095	36.57506	0.49769	0.67055	0.50712	0.0	0.0	0.0	0.0	0.0	0.0	0.1076	0.10059	0.0	0.0	0.3055	0.40186
k__Bacteria|p__Proteobacteria|c__Gammaproteobacteria|o__Pseudomonadales|f__Pseudomonadaceae|g__Pseudomonas|s__Pseudomonas_fluorescens|t__SGB12127	8.15582	0.0	0.0	0.0	0.0	0.0	43.33398	50.63918	35.78336	0.0	0.0	0.0	0.05787	0.0463	0.0	0.0	0.0	0.0
k__Bacteria|p__Firmicutes|c__Bacilli|o__Lactobacillales|f__Streptococcaceae|g__Lactococcus|s__Lactococcus_raffinolactis|t__SGB7989	7.19883	4.46805	8.09102	0.0	0.0	0.0	0.0	0.0	0.0	3.56412	0.0	0.0	0.05528	0.0172	0.0	0.0	0.32596	0.60012
k__Bacteria|p__Proteobacteria|c__Gammaproteobacteria|o__Moraxellales|f__Moraxellaceae|g__Acinetobacter|s__Acinetobacter_johnsonii|t__SGB10398	5.81643	0.0	0.0	94.44055	90.67477	92.35264	0.0	0.0	0.0	0.0	0.0	0.0	0.0	0.0	0.0	0.0	0.0	0.09008
k__Bacteria|p__Actinobacteria|c__Actinomycetia|o__Micrococcales|f__Micrococcaceae|g__Arthrobacter|s__Arthrobacter_ulcerisalmonis|t__SGB35079	4.88245	0.0	0.0	0.0	0.0	0.0	0.0	0.0	0.0	0.0	0.0	0.0	0.0	0.0	0.0	0.0	0.0	0.0
k__Bacteria|p__Firmicutes|c__Bacilli|o__Lactobacillales|f__Streptococcaceae|g__Lactococcus|s__Lactococcus_cremoris|t__SGB7984	3.23833	0.0	0.0	0.01326	0.04704	0.0	0.0	0.0	0.0	32.16831	17.8064	11.47235	0.06727	0.16361	0.0	0.0	0.0	0.0
k__Bacteria|p__Firmicutes|c__Bacilli|o__Lactobacillales|f__Streptococcaceae|g__Lactococcus|s__Lactococcus_laudensis|t__SGB7991	2.68115	0.0	0.0	0.0	0.0	0.0	0.0	0.0	0.0	0.0	0.0	0.0	0.0	0.0	0.0	0.0	0.0	0.0
k__Bacteria|p__Proteobacteria|c__Gammaproteobacteria|o__Moraxellales|f__Moraxellaceae|g__Acinetobacter|s__Acinetobacter_bohemicus|t__SGB10392	2.63351	20.69261	21.45473	0.0	0.0	0.0	0.0	0.0	0.0	0.0	0.0	0.0	0.0	0.0	0.0	0.0	0.0238	0.02086
k__Bacteria|p__Proteobacteria|c__Gammaproteobacteria|o__Enterobacterales|f__Yersiniaceae|g__Serratia|s__Serratia_liquefaciens|t__SGB10256	2.24609	0.0	0.0	0.0	0.0	0.0	0.0	0.0	0.0	0.0	0.0	0.0	0.0	0.0	0.0	0.0	0.0	0.0
k__Bacteria|p__Proteobacteria|c__Gammaproteobacteria|o__Pseudomonadales|f__Pseudomonadaceae|g__Pseudomonas|s__Pseudomonas_fluorescens|t__SGB12213	1.62856	0.0	0.0	0.13287	0.19551	0.09058	0.0	0.0	0.0	0.0	0.0	0.0	0.0	0.0	0.0	0.0	0.0	0.0
k__Bacteria|p__Proteobacteria|c__Gammaproteobacteria|o__Moraxellales|f__Moraxellaceae|g__Acinetobacter|s__Acinetobacter_albensis|t__SGB10396	1.43012	0.0	0.0	2.19362	2.24086	2.0145	22.73714	0.0	0.0	0.0	0.0	0.0	93.70377	92.38399	94.73377	0.0	0.0	0.0
k__Bacteria|p__Firmicutes|c__Bacilli|o__Lactobacillales|f__Streptococcaceae|g__Lactococcus|s__Lactococcus_piscium|t__SGB7987	1.09784	0.0	0.0	0.0	0.0	0.0	0.0	0.0	0.0	2.1297	0.0	0.0	0.0	0.0	0.0	0.0	0.0	0.0
k__Bacteria|p__Actinobacteria|c__Actinomycetia|o__Corynebacteriales|f__Nocardiaceae|g__Rhodococcus|s__Rhodococcus_erythropolis|t__SGB15824	1.05466	0.0	0.0	0.0	0.98519	0.98779	1.9361	49.36082	64.21664	0.42094	12.94495	18.94235	0.05782	0.72266	0.3937	0.0	0.00732	0.0
k__Bacteria|p__Firmicutes|c__Bacilli|o__Lactobacillales|f__Streptococcaceae|g__Lactococcus|s__Lactococcus_lactis|t__SGB7985	1.0522	0.0	0.0	0.4001	0.96495	0.65318	0.0	0.0	0.0	49.11015	60.87663	51.55563	0.0	0.0	0.0	0.0	0.0	0.0
k__Bacteria|p__Actinobacteria|c__Actinomycetia|o__Micrococcales|f__Micrococcaceae|g__Arthrobacter|s__Arthrobacter_SGB98507|t__SGB98507	0.94078	0.0	0.0	0.0	0.0	0.0	0.0	0.0	0.0	0.0	0.0	0.0	0.0	0.0	0.0	0.0	0.0	0.0
k__Bacteria|p__Proteobacteria|c__Gammaproteobacteria|o__Pseudomonadales|f__Pseudomonadaceae|g__Pseudomonas|s__Pseudomonas_kielensis|t__SGB89079	0.9388	0.0	0.0	0.0	0.0	0.0	0.0	0.0	0.0	0.0	0.0	0.0	0.0	0.0	0.0	0.0	0.0	0.0
k__Bacteria|p__Proteobacteria|c__Gammaproteobacteria|o__Pseudomonadales|f__Pseudomonadaceae|g__Pseudomonas|s__Pseudomonas_lundensis|t__SGB12101	0.87844	0.0	0.0	0.11785	0.52669	0.33162	1.44548	0.0	0.0	0.0	0.0	0.0	2.63927	2.79107	2.63663	0.0	0.0	0.0
k__Bacteria|p__Bacteroidetes|c__Flavobacteriia|o__Flavobacteriales|f__Flavobacteriaceae|g__Flavobacterium|s__Flavobacterium_plurextorum|t__SGB2982	0.77871	0.0	0.0	0.0	0.0	0.0	0.0	0.0	0.0	0.0	0.0	0.0	0.0	0.0	0.0	0.0	0.0	0.0
k__Bacteria|p__Proteobacteria|c__Gammaproteobacteria|o__Pseudomonadales|f__Pseudomonadaceae|g__Pseudomonas|s__Pseudomonas_sp_18058|t__SGB33177	0.7629	0.0	0.0	0.0	0.0	0.0	0.0	0.0	0.0	0.0	0.0	0.0	0.0	0.0	0.0	0.0	0.0	0.0
k__Bacteria|p__Proteobacteria|c__Gammaproteobacteria|o__Moraxellales|f__Moraxellaceae|g__Psychrobacter|s__Psychrobacter_fulvigenes|t__SGB92571	0.76162	0.0	0.0	0.0	0.0	0.0	0.0	0.0	0.0	0.0	0.0	0.0	0.0	0.0	0.0	0.0	0.0	0.0
k__Bacteria|p__Actinobacteria|c__CFGB5342|o__OFGB5342|f__FGB5342|g__GGB15717|s__GGB15717_SGB23955|t__SGB23955	0.63978	0.0	0.0	0.0	0.0	0.0	0.0	0.0	0.0	0.90247	2.52295	7.96764	0.0	0.0	0.0	0.0	0.0	0.0
k__Bacteria|p__Proteobacteria|c__Gammaproteobacteria|o__Pseudomonadales|f__Pseudomonadaceae|g__Pseudomonas|s__Pseudomonas_haemolytica|t__SGB33220	0.62667	0.0	0.0	0.0	0.0	0.0	14.32231	0.0	0.0	0.19597	0.0	0.0	0.0	0.0	0.0	0.0	0.0	0.0
k__Bacteria|p__Firmicutes|c__Bacilli|o__Lactobacillales|f__Aerococcaceae|g__Aerococcus|s__Aerococcus_urinaeequi|t__SGB7897	0.47356	0.0	0.0	0.0	0.0	0.0	0.0	0.0	0.0	0.0	0.0	0.0	0.00802	0.0109	0.0	0.0	0.0	0.0
k__Bacteria|p__Bacteroidetes|c__Flavobacteriia|o__Flavobacteriales|f__Weeksellaceae|g__Chryseobacterium|s__Chryseobacterium_joostei|t__SGB2580	0.45058	0.0	0.0	0.0	0.0	0.0	0.0	0.0	0.0	0.0	0.0	0.0	0.0	0.0	0.0	0.0	0.0	0.0
k__Bacteria|p__Proteobacteria|c__Gammaproteobacteria|o__Aeromonadales|f__Aeromonadaceae|g__Aeromonas|s__Aeromonas_media|t__SGB9956	0.41668	0.0	0.0	0.0	0.0	0.0	0.0	0.0	0.0	0.0	0.0	0.0	0.0	0.0	0.0	0.0	0.0	0.0
k__Bacteria|p__Bacteroidetes|c__Flavobacteriia|o__Flavobacteriales|f__Flavobacteriaceae|g__Flavobacterium|s__Flavobacterium_tructae|t__SGB2992	0.41189	0.0	0.0	0.0	0.0	0.0	0.0	0.0	0.0	0.0	0.0	0.0	0.0	0.0	0.0	0.0	0.0	0.0
k__Bacteria|p__Proteobacteria|c__Gammaproteobacteria|o__Enterobacterales|f__Enterobacteriaceae|g__Buttiauxella|s__Buttiauxella_gaviniae|t__SGB10037	0.38522	0.0	0.0	0.0	0.0	0.0	0.0	0.0	0.0	0.0	0.0	0.0	0.0	0.0	0.0	0.0	0.0	0.0
k__Bacteria|p__Proteobacteria|c__Gammaproteobacteria|o__Pseudomonadales|f__Pseudomonadaceae|g__Pseudomonas|s__Pseudomonas_synxantha|t__SGB12126	0.35808	0.0	0.0	0.0	0.0	0.0	0.0	0.0	0.0	0.0	0.0	0.0	0.0	0.0	0.0	0.0	0.0	0.0
k__Bacteria|p__Actinobacteria|c__Actinomycetia|o__Micrococcales|f__Micrococcaceae|g__Arthrobacter|s__Arthrobacter_sp_N199823|t__SGB35092	0.34794	0.0	0.0	0.0	0.0	0.0	0.0	0.0	0.0	0.0	0.0	0.0	0.0	0.0	0.0	0.0	0.0	0.0
k__Bacteria|p__Proteobacteria|c__Gammaproteobacteria|o__Moraxellales|f__Moraxellaceae|g__Acinetobacter|s__Acinetobacter_celticus|t__SGB10388	0.29317	0.0	0.0	0.0	0.0	0.0	0.0	0.0	0.0	0.0	0.0	0.0	0.0	0.0	0.0	0.0	0.0	0.0
k__Bacteria|p__Firmicutes|c__Bacilli|o__Lactobacillales|f__Enterococcaceae|g__Enterococcus|s__Enterococcus_faecalis|t__SGB7962	0.28903	0.0	0.0	0.0	0.0	0.0	3.55364	0.0	0.0	0.0	0.0	0.0	0.00504	0.00217	0.0	19.54893	25.62035	24.82014
k__Bacteria|p__Actinobacteria|c__Actinomycetia|o__Micrococcales|f__Brevibacteriaceae|g__Brevibacterium|s__Brevibacterium_aurantiacum|t__SGB16639	0.271	0.0	0.0	0.0	0.0	0.0	0.0	0.0	0.0	0.0	0.0	0.0	0.0	0.0	0.0	0.0	0.0	0.0
k__Bacteria|p__Firmicutes|c__Bacilli|o__Lactobacillales|f__Carnobacteriaceae|g__Trichococcus|s__Trichococcus_shcherbakoviae|t__SGB7469	0.26928	0.0	0.0	0.0	0.0	0.0	0.0	0.0	0.0	0.0	0.0	0.0	0.0	0.0	0.0	0.0	0.0	0.0
k__Bacteria|p__Actinobacteria|c__Actinomycetia|o__Micrococcales|f__Dermabacteraceae|g__Brachybacterium|s__Brachybacterium_SGB98937|t__SGB98937	0.23642	0.0	0.0	0.0	0.0	0.0	0.0	0.0	0.0	0.0	0.0	0.0	0.0	0.0	0.0	0.0	0.0	0.0
k__Bacteria|p__Proteobacteria|c__Gammaproteobacteria|o__Pseudomonadales|f__Pseudomonadaceae|g__Pseudomonas|s__Pseudomonas_sp_TNT3|t__SGB89088	0.21236	0.0	0.0	0.0	0.0	0.0	0.0	0.0	0.0	0.0	0.0	0.0	0.0	0.0	0.0	0.0	0.0	0.0
k__Bacteria|p__Proteobacteria|c__Gammaproteobacteria|o__Pseudomonadales|f__Pseudomonadaceae|g__Pseudomonas|s__Pseudomonas_lurida|t__SGB12150	0.19729	0.0	0.0	0.0	0.0	0.0	0.0	0.0	0.0	0.0	0.0	0.0	0.0	0.0	0.0	0.0	0.0	0.0
k__Bacteria|p__Firmicutes|c__Bacilli|o__Bacillales|f__Listeriaceae|g__Brochothrix|s__Brochothrix_thermosphacta|t__SGB7517	0.19679	0.0	0.0	0.0	0.0	0.0	0.0	0.0	0.0	0.0	0.0	0.0	0.0	0.0	0.0	0.0	0.0	0.0
k__Bacteria|p__Firmicutes|c__Bacilli|o__Lactobacillales|f__Carnobacteriaceae|g__Trichococcus|s__Trichococcus_flocculiformis|t__SGB7467	0.19475	0.0	0.0	0.0	0.0	0.0	0.0	0.0	0.0	0.0	0.0	0.0	0.0	0.0	0.0	0.0	0.0	0.0
k__Bacteria|p__Proteobacteria|c__Betaproteobacteria|o__Burkholderiales|f__Comamonadaceae|g__Acidovorax|s__Acidovorax_sp_BoFeN1|t__SGB22471	0.18251	0.0	0.0	0.0	0.0	0.0	0.0	0.0	0.0	0.0	0.0	0.0	0.0	0.0	0.0	0.0	0.0	0.0
k__Bacteria|p__Proteobacteria|c__Gammaproteobacteria|o__Pseudomonadales|f__Pseudomonadaceae|g__Pseudomonas|s__Pseudomonas_psychrophila|t__SGB33068	0.16953	0.0	0.0	0.0	0.0	0.0	0.0	0.0	0.0	0.0	0.0	0.0	0.0	0.0	0.0	0.0	0.0	0.0
k__Bacteria|p__Proteobacteria|c__Betaproteobacteria|o__Burkholderiales|f__Comamonadaceae|g__Comamonas|s__Comamonas_sp_26|t__SGB12684	0.16212	0.0	0.0	0.0	0.0	0.0	0.0	0.0	0.0	0.0	0.0	0.0	0.0	0.0	0.0	0.0	0.0	0.0
k__Bacteria|p__Proteobacteria|c__Gammaproteobacteria|o__Pseudomonadales|f__Pseudomonadaceae|g__Pseudomonas|s__Pseudomonas_viridiflava|t__SGB12251	0.15015	0.0	0.0	0.0	0.0	0.0	0.0	0.0	0.0	0.0	0.0	0.0	0.0	0.0	0.0	0.0	0.0	0.0
k__Bacteria|p__Firmicutes|c__Bacilli|o__Bacillales|f__Staphylococcaceae|g__Staphylococcus|s__Staphylococcus_equorum|t__SGB7843	0.14975	0.0	0.0	0.0	0.0	0.0	0.0	0.0	0.0	0.0	0.0	0.0	0.0	0.0	0.0	0.0	0.0	0.0
k__Bacteria|p__Firmicutes|c__Bacilli|o__Lactobacillales|f__Carnobacteriaceae|g__Carnobacterium|s__Carnobacterium_maltaromaticum|t__SGB7902	0.13563	0.0	0.0	0.0	0.0	0.0	0.17887	0.0	0.0	0.0	0.0	0.0	0.0	0.0	0.0	0.0	0.0	0.0
k__Bacteria|p__Bacteroidetes|c__Sphingobacteriia|o__Sphingobacteriales|f__Sphingobacteriaceae|g__Sphingobacterium|s__Sphingobacterium_sp_B16_2022|t__SGB3148	0.11476	0.0	0.0	0.0	0.0	0.0	0.0	0.0	0.0	0.0	0.0	0.0	0.0	0.0	0.0	0.0	0.0	0.0
k__Bacteria|p__Firmicutes|c__Bacilli|o__Lactobacillales|f__Streptococcaceae|g__Streptococcus|s__Streptococcus_uberis|t__SGB8224	0.11335	0.0	0.0	0.0	0.0	0.0	0.0	0.0	0.0	0.0	0.0	0.0	0.0	0.0	0.0	0.0	0.0	0.0
k__Bacteria|p__Proteobacteria|c__Gammaproteobacteria|o__Moraxellales|f__Moraxellaceae|g__Psychrobacter|s__Psychrobacter_faecalis|t__SGB10464	0.10241	0.0	0.0	0.0	0.00174	0.0	0.0	0.0	0.0	0.0	0.0	0.0	0.0	0.0	0.0	0.0	0.0	0.0
k__Bacteria|p__Firmicutes|c__Bacilli|o__Lactobacillales|f__Enterococcaceae|g__Enterococcus|s__Enterococcus_durans|t__SGB7966	0.07385	0.0	0.0	0.00673	0.03617	0.0	0.0	0.0	0.0	0.0	0.0	0.0	0.0	0.0	0.0	0.0	0.0	0.0
k__Bacteria|p__Proteobacteria|c__Gammaproteobacteria|o__Pseudomonadales|f__Pseudomonadaceae|g__Pseudomonas|s__Pseudomonas_fragi|t__SGB12107	0.07364	0.0	0.0	0.0	0.0	0.0	0.11015	0.0	0.0	0.0	0.0	0.0	0.95682	0.93333	0.39622	0.0	0.0	0.0
k__Bacteria|p__Actinobacteria|c__Actinomycetia|o__Corynebacteriales|f__Corynebacteriaceae|g__Corynebacterium|s__Corynebacterium_xerosis|t__SGB17082	0.06541	0.0	0.0	0.0	0.0	0.0	0.0	0.0	0.0	0.0	0.0	0.0	0.0	0.0	0.0	0.0	0.0	0.0
k__Bacteria|p__Proteobacteria|c__Betaproteobacteria|o__Burkholderiales|f__Comamonadaceae|g__Comamonas|s__Comamonas_suwonensis|t__SGB88328	0.03706	0.0	0.0	0.0	0.0	0.0	0.0	0.0	0.0	0.0	0.0	0.0	0.0	0.0	0.0	0.0	0.0	0.0
k__Bacteria|p__Firmicutes|c__Bacilli|o__Bacillales|f__Staphylococcaceae|g__Mammaliicoccus|s__Mammaliicoccus_vitulinus|t__SGB7820	0.03225	0.0	0.0	0.0	0.0	0.0	0.0	0.0	0.0	0.0	0.0	0.0	0.0	0.0	0.0	0.0	0.0	0.0
k__Bacteria|p__Proteobacteria|c__Gammaproteobacteria|o__Moraxellales|f__Moraxellaceae|g__Psychrobacter|s__Psychrobacter_maritimus|t__SGB36487	0.0312	0.0	0.0	0.11884	0.45338	0.17516	5.4594	0.0	0.0	0.11739	0.0	0.0	0.0	0.0	0.0	0.0	0.0	0.0
k__Bacteria|p__Actinobacteria|c__Actinomycetia|o__Micrococcales|f__Micrococcaceae|g__Kocuria|s__Kocuria_SGB98773|t__SGB98773	0.02229	0.0	0.0	0.0	0.0	0.0	0.0	0.0	0.0	0.0	0.0	0.0	0.0	0.0	0.0	0.0	0.0	0.0
k__Bacteria|p__Bacteroidetes|c__Sphingobacteriia|o__Sphingobacteriales|f__Sphingobacteriaceae|g__Pedobacter|s__Pedobacter_cryoconitis|t__SGB78643	0.01693	0.0	0.0	0.0	0.0	0.0	0.0	0.0	0.0	0.0	0.0	0.0	0.0	0.0	0.0	0.0	0.0	0.0
k__Bacteria|p__Proteobacteria|c__Gammaproteobacteria|o__Moraxellales|f__Moraxellaceae|g__Acinetobacter|s__Acinetobacter_kyonggiensis|t__SGB10393	0.00792	0.0	0.0	0.0	0.0	0.0	0.0	0.0	0.0	0.0	0.0	0.0	0.0	0.0	0.0	0.0	0.0	0.0
k__Bacteria|p__Proteobacteria|c__Gammaproteobacteria|o__Moraxellales|f__Moraxellaceae|g__Moraxella|s__Moraxella_osloensis|t__SGB10439	0.00643	0.0	0.0	0.0	0.0	0.0	0.0	0.0	0.0	0.02435	0.0	0.0	0.0	0.0	0.0	0.0	0.0	0.0
k__Bacteria|p__Firmicutes|c__Erysipelotrichia|o__Erysipelotrichales|f__Erysipelotrichaceae|g__GGB25004|s__GGB25004_SGB36919|t__SGB36919	0.00519	0.0	0.0	0.0	0.0	0.0	0.0	0.0	0.0	0.15319	0.0	0.0	0.0	0.0	0.0	0.0	0.0	0.0
k__Bacteria|p__Bacteroidetes|c__Flavobacteriia|o__Flavobacteriales|f__Flavobacteriaceae|g__Flavobacterium|s__Flavobacterium_hibernum|t__SGB2994	0.00508	0.0	0.0	0.0	0.0	0.0	0.0	0.0	0.0	0.0	0.0	0.0	0.0	0.0	0.0	0.0	0.0	0.0
k__Bacteria|p__Firmicutes|c__Bacilli|o__Bacillales|f__Staphylococcaceae|g__Staphylococcus|s__Staphylococcus_aureus|t__SGB7852	0.00387	0.0	0.0	0.0	0.0	0.0	0.0	0.0	0.0	0.0	0.0	0.0	0.0	0.0	0.0	0.0	0.0	0.0
k__Bacteria|p__Firmicutes|c__Bacilli|o__Lactobacillales|f__Lactobacillaceae|g__Leuconostoc|s__Leuconostoc_mesenteroides|t__SGB7126	0.0	0.0	0.0	1.12594	1.92775	1.95382	0.0	0.0	0.0	0.0	0.0	0.0	0.0	0.0	0.0	0.0	0.0	0.0
k__Bacteria|p__Proteobacteria|c__Gammaproteobacteria|o__Enterobacterales|f__Enterobacteriaceae|g__Enterobacter|s__Enterobacter_sp_638|t__SGB10143	0.0	0.0	0.0	0.04959	0.18485	0.0	0.0	0.0	0.0	0.0	0.0	0.0	0.0	0.0	0.0	0.0	0.0	0.0
k__Bacteria|p__Proteobacteria|c__Gammaproteobacteria|o__Pseudomonadales|f__Pseudomonadaceae|g__Pseudomonas|s__Pseudomonas_proteolytica|t__SGB12165	0.0	0.0	0.0	0.00332	0.04097	0.0	0.0	0.0	0.0	0.0	0.0	0.36229	0.0	0.0	0.0	0.0	0.0	0.0
k__Bacteria|p__Firmicutes|c__Bacilli|o__Bacillales|f__Bacillales_unclassified|g__Exiguobacterium|s__Exiguobacterium_sp_Helios|t__SGB24984	0.0	0.0	0.0	0.0	0.02118	0.0	0.0	0.0	0.0	0.0	0.0	0.0	0.0	0.0	0.0	0.0	0.0	0.0
k__Bacteria|p__Actinobacteria|c__Actinomycetia|o__Micrococcales|f__Micrococcaceae|g__Glutamicibacter|s__Glutamicibacter_ardleyensis|t__SGB16746	0.0	0.0	0.0	0.0	0.00742	0.0	0.0	0.0	0.0	0.0	0.0	0.0	0.0	0.0	0.0	0.0	0.0	0.0
k__Bacteria|p__Firmicutes|c__Bacilli|o__Bacillales|f__Bacillales_unclassified|g__Exiguobacterium|s__Exiguobacterium_sibiricum|t__SGB8330	0.0	0.0	0.0	0.0	0.00267	0.0	0.0	0.0	0.0	0.0	0.0	0.0	0.0	0.0	0.0	0.0	0.0	0.0
k__Bacteria|p__Proteobacteria|c__Gammaproteobacteria|o__Moraxellales|f__Moraxellaceae|g__Psychrobacter|s__Psychrobacter_alimentarius|t__SGB10455	0.0	0.0	0.0	0.0	0.0	0.0	0.97407	0.0	0.0	0.11638	0.0	0.0	0.0	0.0	0.0	0.0	0.0	0.0
k__Bacteria|p__Firmicutes|c__Clostridia|o__Eubacteriales|f__Clostridiaceae|g__Sarcina|s__Sarcina_sp_DSM_11001|t__SGB5254	0.0	0.0	0.0	0.0	0.0	0.0	0.82148	0.0	0.0	0.0	0.0	0.0	0.0	0.0	0.0	0.0	0.0	0.0
k__Bacteria|p__Firmicutes|c__Bacilli|o__Lactobacillales|f__Enterococcaceae|g__Enterococcus|s__Enterococcus_casseliflavus|t__SGB7952	0.0	0.0	0.0	0.0	0.0	0.0	0.04447	0.0	0.0	0.0	0.0	0.0	0.0	0.0	0.0	0.0	0.0	0.0
k__Bacteria|p__Actinobacteria|c__CFGB10008|o__OFGB10008|f__FGB10008|g__GGB71819|s__GGB71819_SGB98816|t__SGB98816	0.0	0.0	0.0	0.0	0.0	0.0	0.0	0.0	0.0	6.72186	5.84906	9.69974	0.0	0.0	0.0	0.0	0.0	0.0
k__Bacteria|p__Actinobacteria|c__Actinomycetia|o__Propionibacteriales|f__Propionibacteriaceae|g__Brevilactibacter|s__Brevilactibacter_flavus|t__SGB35154	0.0	0.0	0.0	0.0	0.0	0.0	0.0	0.0	0.0	1.11867	0.0	0.0	0.0	0.0	0.0	0.0	0.0	0.0
k__Bacteria|p__Actinobacteria|c__Actinomycetia|o__Micrococcales|f__Micrococcaceae|g__Kocuria|s__Kocuria_carniphila|t__SGB16672	0.0	0.0	0.0	0.0	0.0	0.0	0.0	0.0	0.0	0.71553	0.0	0.0	0.0	0.0	0.0	0.0	0.0	0.0
k__Bacteria|p__Firmicutes|c__Bacilli|o__Lactobacillales|f__Lactobacillaceae|g__Leuconostoc|s__Leuconostoc_lactis|t__SGB7121	0.0	0.0	0.0	0.0	0.0	0.0	0.0	0.0	0.0	0.69168	0.0	0.0	0.09044	0.1231	0.0	0.0	0.0	0.0
k__Bacteria|p__Firmicutes|c__Bacilli|o__Bacillales|f__Staphylococcaceae|g__Staphylococcus|s__Staphylococcus_haemolyticus|t__SGB7861	0.0	0.0	0.0	0.0	0.0	0.0	0.0	0.0	0.0	0.66089	0.0	0.0	0.0	0.0	0.0	0.0	0.0	0.0
k__Bacteria|p__Actinobacteria|c__Actinomycetia|o__Bifidobacteriales|f__Bifidobacteriaceae|g__Bifidobacterium|s__Bifidobacterium_pseudolongum|t__SGB17279	0.0	0.0	0.0	0.0	0.0	0.0	0.0	0.0	0.0	0.27889	0.0	0.0	0.0	0.0	0.0	0.0	0.0	0.0
k__Bacteria|p__Actinobacteria|c__Actinomycetia|o__Corynebacteriales|f__Corynebacteriaceae|g__Corynebacterium|s__Corynebacterium_neomassiliense|t__SGB23975	0.0	0.0	0.0	0.0	0.0	0.0	0.0	0.0	0.0	0.2461	0.0	0.0	0.0	0.0	0.0	0.0	0.0	0.0
k__Bacteria|p__Firmicutes|c__Bacilli|o__Bacillales|f__Staphylococcaceae|g__Staphylococcus|s__Staphylococcus_chromogenes|t__SGB7824	0.0	0.0	0.0	0.0	0.0	0.0	0.0	0.0	0.0	0.23135	0.0	0.0	0.0	0.0	0.0	0.0	0.0	0.0
k__Bacteria|p__Actinobacteria|c__Coriobacteriia|o__Coriobacteriales|f__Atopobiaceae|g__GGB25438|s__GGB25438_SGB37393|t__SGB37393	0.0	0.0	0.0	0.0	0.0	0.0	0.0	0.0	0.0	0.18797	0.0	0.0	0.0	0.0	0.0	0.0	0.0	0.0
k__Bacteria|p__Actinobacteria|c__Actinomycetia|o__Bifidobacteriales|f__Bifidobacteriaceae|g__Bifidobacterium|s__Bifidobacterium_mongoliense|t__SGB17228	0.0	0.0	0.0	0.0	0.0	0.0	0.0	0.0	0.0	0.13639	0.0	0.0	0.0	0.0	0.0	0.0	0.0	0.0
k__Bacteria|p__Bacteroidetes|c__Flavobacteriia|o__Flavobacteriales|f__Weeksellaceae|g__Epilithonimonas|s__Epilithonimonas_bovis|t__SGB2548	0.0	0.0	0.0	0.0	0.0	0.0	0.0	0.0	0.0	0.10768	0.0	0.0	0.0	0.0	0.0	0.0	0.0	0.0
k__Bacteria|p__Actinobacteria|c__Actinomycetia|o__Micrococcales|f__Microbacteriaceae|g__Microbacterium|s__Microbacterium_liquefaciens|t__SGB16874	0.0	0.0	0.0	0.0	0.0	0.0	0.0	0.0	0.0	0.0	0.0	0.0	0.81226	0.85052	0.81015	0.0	0.0	0.0
k__Bacteria|p__Proteobacteria|c__Gammaproteobacteria|o__Moraxellales|f__Moraxellaceae|g__Acinetobacter|s__Acinetobacter_parvus|t__SGB10366	0.0	0.0	0.0	0.0	0.0	0.0	0.0	0.0	0.0	0.0	0.0	0.0	0.72372	0.69893	0.39934	0.0	0.0	0.0
k__Bacteria|p__Bacteroidetes|c__Flavobacteriia|o__Flavobacteriales|f__Weeksellaceae|g__Kaistella|s__Kaistella_haifensis|t__SGB2641	0.0	0.0	0.0	0.0	0.0	0.0	0.0	0.0	0.0	0.0	0.0	0.0	0.17021	0.02427	0.0	0.0	0.0	0.0
k__Bacteria|p__Bacteroidetes|c__Flavobacteriia|o__Flavobacteriales|f__Weeksellaceae|g__Chryseobacterium|s__Chryseobacterium_carnipullorum|t__SGB2594	0.0	0.0	0.0	0.0	0.0	0.0	0.0	0.0	0.0	0.0	0.0	0.0	0.04916	0.01346	0.0	0.0	0.0	0.0
k__Bacteria|p__Actinobacteria|c__Actinomycetia|o__Micrococcales|f__Microbacteriaceae|g__Microbacterium|s__Microbacterium_paulum|t__SGB93166	0.0	0.0	0.0	0.0	0.0	0.0	0.0	0.0	0.0	0.0	0.0	0.0	0.0107	0.0	0.0	0.0	0.0	0.0
k__Bacteria|p__Deinococcus_Thermus|c__Deinococci|o__Deinococcales|f__Deinococcaceae|g__Deinococcus|s__Deinococcus_radiodurans|t__SGB17550	0.0	0.0	0.0	0.0	0.0	0.0	0.0	0.0	0.0	0.0	0.0	0.0	0.0	0.0	0.0	25.93856	26.43444	22.57753
k__Bacteria|p__Proteobacteria|c__Gammaproteobacteria|o__Enterobacterales|f__Enterobacteriaceae|g__Escherichia|s__Escherichia_coli|t__SGB10068	0.0	0.0	0.0	0.0	0.0	0.0	0.0	0.0	0.0	0.0	0.0	0.0	0.0	0.0	0.0	19.9927	10.31383	9.41308
k__Bacteria|p__Proteobacteria|c__Alphaproteobacteria|o__Rhodobacterales|f__Rhodobacteraceae|g__Cereibacter|s__Cereibacter_sphaeroides|t__SGB10737	0.0	0.0	0.0	0.0	0.0	0.0	0.0	0.0	0.0	0.0	0.0	0.0	0.0	0.0	0.0	18.05529	5.3	4.37185
k__Bacteria|p__Firmicutes|c__Bacilli|o__Lactobacillales|f__Streptococcaceae|g__Streptococcus|s__Streptococcus_mutans|t__SGB8000	0.0	0.0	0.0	0.0	0.0	0.0	0.0	0.0	0.0	0.0	0.0	0.0	0.0	0.0	0.0	12.94699	18.80934	19.53105
k__Bacteria|p__Firmicutes|c__Bacilli|o__Bacillales|f__Staphylococcaceae|g__Staphylococcus|s__Staphylococcus_epidermidis|t__SGB7865	0.0	0.0	0.0	0.0	0.0	0.0	0.0	0.0	0.0	0.0	0.0	0.0	0.0	0.0	0.0	2.16127	4.98858	5.95167
k__Bacteria|p__Firmicutes|c__Bacilli|o__Bacillales|f__Bacillaceae|g__Bacillus|s__Bacillus_wiedmannii|t__SGB7700_group	0.0	0.0	0.0	0.0	0.0	0.0	0.0	0.0	0.0	0.0	0.0	0.0	0.0	0.0	0.0	0.92571	1.35701	2.4
k__Bacteria|p__Firmicutes|c__Bacilli|o__Lactobacillales|f__Lactobacillaceae|g__Lactobacillus|s__Lactobacillus_gasseri|t__SGB7039	0.0	0.0	0.0	0.0	0.0	0.0	0.0	0.0	0.0	0.0	0.0	0.0	0.0	0.0	0.0	0.43055	5.53349	8.67822
k__Bacteria|p__Actinobacteria|c__Actinomycetia|o__Bifidobacteriales|f__Bifidobacteriaceae|g__Bifidobacterium|s__Bifidobacterium_adolescentis|t__SGB17244	0.0	0.0	0.0	0.0	0.0	0.0	0.0	0.0	0.0	0.0	0.0	0.0	0.0	0.0	0.0	0.0	0.31263	0.35789
k__Bacteria|p__Firmicutes|c__Clostridia|o__Eubacteriales|f__Clostridiaceae|g__Clostridium|s__Clostridium_beijerinckii|t__SGB6163	0.0	0.0	0.0	0.0	0.0	0.0	0.0	0.0	0.0	0.0	0.0	0.0	0.0	0.0	0.0	0.0	0.15805	0.41482
