sample	LimaC_2020__SRR9640343	LimaC_2020__SRR9640344	LimaC_2020__SRR9640345	LimaC_2020__SRR9640346	LimaC_2020__SRR9640347	LimaC_2020__SRR9640348	LimaC_2020__SRR9640350	LimaC_2020__SRR9640351	LimaC_2020__SRR9640352	LimaC_2020__SRR9640353	LimaC_2020__SRR9640354	LimaC_2020__SRR9640355	LimaC_2020__SRR9640356	LimaC_2020__SRR9646966
k__Bacteria|p__Actinomycetota|c__Actinomycetes|o__Propionibacteriales|f__Propionibacteriaceae|g__Cutibacterium|s__Cutibacterium_acnes|t__SGB16955	0.0	0.0	0.00122	0.0	0.0	0.0	0.0	0.0	0.01893	0.0	0.0	0.0	0.0	0.0
k__Bacteria|p__Pseudomonadota|c__Gammaproteobacteria|o__Enterobacterales|f__Enterobacteriaceae|g__Enterobacter|s__Enterobacter_hormaechei|t__SGB10130	0.02033	0.0	0.0	0.12459	0.0	0.0	0.0	0.0	0.00307	0.00101	0.0	0.0	0.08128	0.0
k__Bacteria|p__Pseudomonadota|c__Gammaproteobacteria|o__Enterobacterales|f__Erwiniaceae|g__Pantoea|s__Pantoea_coffeiphila|t__SGB23192	0.00076	0.0	0.0	0.02281	0.0	0.0	0.0	0.0	0.0	0.00248	0.04152	0.0	0.00773	0.0
k__Bacteria|p__Pseudomonadota|c__Gammaproteobacteria|o__Moraxellales|f__Moraxellaceae|g__Moraxella|s__Moraxella_osloensis|t__SGB10439	0.0	0.0	0.00161	0.0	0.0	0.0	0.0	0.04882	0.24436	0.0	0.0	0.0	0.0	0.0
k__Bacteria|p__Firmicutes|c__Bacilli|o__Bacillales|f__Paenibacillaceae|g__Brevibacillus|s__Brevibacillus_brevis|t__SGB154278	0.0	0.0	0.0	0.0	0.0	0.0	0.00453	0.0	0.0	0.0	0.0	0.0	0.0	0.0
k__Bacteria|p__Firmicutes|c__Bacilli|o__Lactobacillales|f__Lactobacillaceae|g__Limosilactobacillus|s__Limosilactobacillus_fermentum|t__SGB7106	0.00194	0.04326	0.0	0.0	1.20887	3.62817	8.3696	0.0	0.0	0.38637	0.79592	0.0	0.04057	0.62021
k__Bacteria|p__Pseudomonadota|c__Alphaproteobacteria|o__Acetobacterales|f__Acetobacteraceae|g__Acetobacter|s__Acetobacter_fabarum|t__SGB1190	0.29022	0.06645	0.06233	0.04517	0.01794	0.00986	0.0	0.16598	0.02556	0.50986	0.18256	0.82515	0.16325	0.01949
k__Bacteria|p__Pseudomonadota|c__Alphaproteobacteria|o__Acetobacterales|f__Acetobacteraceae|g__Acetobacter|s__Acetobacter_orientalis|t__SGB1187	0.0	0.0	0.0	0.0	0.0	0.0	0.0	0.01264	0.0	0.01923	0.0	0.95422	0.0	0.0
k__Bacteria|p__Pseudomonadota|c__Gammaproteobacteria|o__Enterobacterales|f__Enterobacteriaceae|g__Enterobacter|s__Enterobacter_bugandensis|t__SGB10135	0.02925	0.0	0.0	0.01187	0.0	0.0	0.0	0.0	0.0	0.00623	0.0	0.00304	0.0	0.0
k__Bacteria|p__Pseudomonadota|c__Alphaproteobacteria|o__Acetobacterales|f__Acetobacteraceae|g__Acetobacter|s__Acetobacter_indonesiensis|t__SGB1203	0.0	0.0	0.0	0.0	0.0	0.0	0.0	0.0	0.0	0.00099	0.0	0.0278	0.00263	0.0
k__Bacteria|p__Firmicutes|c__Bacilli|o__Lactobacillales|f__Lactobacillaceae|g__Limosilactobacillus|s__Limosilactobacillus_panis|t__SGB7094	0.0	0.0	0.0	0.0	0.0	0.0	0.03694	0.0	0.0	0.0	0.0	0.0	0.0	0.0
k__Bacteria|p__Pseudomonadota|c__Alphaproteobacteria|o__Acetobacterales|f__Acetobacteraceae|g__Acetobacter|s__Acetobacter_okinawensis|t__SGB1191	0.30995	0.01373	0.01044	0.07045	0.00233	0.0	0.0	0.04016	0.04288	0.28484	0.07288	0.38131	0.08706	0.00246
k__Bacteria|p__Pseudomonadota|c__Gammaproteobacteria|o__Enterobacterales|f__Enterobacteriaceae|g__Enterobacter|s__Enterobacter_mori|t__SGB10132	0.0	0.0	0.0	0.39401	0.0	0.0	0.0	0.0	0.0	0.01143	0.0316	0.04048	0.00689	0.0
k__Bacteria|p__Pseudomonadota|c__Gammaproteobacteria|o__Enterobacterales|f__Enterobacteriaceae|g__Klebsiella|s__Klebsiella_variicola|t__SGB10114	0.69114	0.00788	0.0	0.0	0.00288	0.0	0.0	0.0	0.0	0.02593	0.0	0.01542	0.00914	0.0
k__Bacteria|p__Firmicutes|c__Bacilli|o__Bacillales|f__Bacillaceae|g__Bacillus|s__Bacillus_subtilis|t__SGB7788_group	0.0	0.0	0.0	0.0	0.0	0.04142	0.13666	0.0	0.0	0.0	0.0	0.0	0.0	0.0
k__Bacteria|p__Firmicutes|c__Bacilli|o__Bacillales|f__Bacillaceae|g__Heyndrickxia|s__Heyndrickxia_coagulans|t__SGB7729	0.0	0.0	0.0	0.0	0.0	0.00015	0.09091	0.0	0.0	0.0	0.0	0.0	0.0	0.0
k__Bacteria|p__Pseudomonadota|c__Gammaproteobacteria|o__Enterobacterales|f__Enterobacteriaceae|g__Kosakonia|s__Kosakonia_cowanii|t__SGB10050	0.13098	0.0	0.0	0.0	0.0	0.0	0.0	0.0	0.0	0.0	0.0	0.0	0.0	0.0
k__Bacteria|p__Pseudomonadota|c__Gammaproteobacteria|o__Enterobacterales|f__Erwiniaceae|g__Pantoea|s__Pantoea_dispersa|t__SGB10172	0.27463	0.00073	0.12957	2.05412	0.0	0.00424	0.0	0.06578	0.26417	0.27007	0.41799	0.1243	0.54912	0.0
k__Bacteria|p__Pseudomonadota|c__Gammaproteobacteria|o__Enterobacterales|f__Erwiniaceae|g__Pantoea|s__Pantoea_anthophila|t__SGB10185	0.59053	0.01322	0.02215	3.39867	0.00473	0.00062	0.0	0.03423	0.10693	0.38669	0.43317	0.25922	0.84511	0.00166
k__Eukaryota|p__Ascomycota|c__Saccharomycetes|o__Saccharomycetales|f__Pichiaceae|g__Pichia|s__Pichia_kudriavzevii|t__EUK4909	0.0	0.0	0.0	0.0	0.0	0.01014	0.0	0.0	0.0	0.03355	0.22308	0.00629	0.06359	0.0
k__Bacteria|p__Firmicutes|c__Bacilli|o__Lactobacillales|f__Lactobacillaceae|g__Lactobacillus|s__Lactobacillus_amylovorus|t__SGB7050	0.0	0.0	0.0	0.0	0.0	0.0	0.19071	0.0	0.0	0.0	0.0	0.0	0.0	0.0
k__Bacteria|p__Pseudomonadota|c__Alphaproteobacteria|o__Acetobacterales|f__Acetobacteraceae|g__Acetobacter|s__Acetobacter_suratthaniensis|t__SGB92975	0.0	0.0	0.0	0.0	0.0	0.0	0.0	0.0	0.0	0.0	0.0	0.0	0.0001	0.0
k__Bacteria|p__Pseudomonadota|c__Alphaproteobacteria|o__Acetobacterales|f__Acetobacteraceae|g__Acetobacter|s__Acetobacter_pasteurianus|t__SGB1197	0.12332	16.10716	31.45111	0.02709	22.59859	45.75859	38.76793	16.08193	23.03876	4.2271	18.38146	0.33828	0.58697	19.36276
k__Bacteria|p__Pseudomonadota|c__Alphaproteobacteria|o__Acetobacterales|f__Acetobacteraceae|g__Acetobacter|s__Acetobacter_ghanensis|t__SGB1192	0.38205	3.13002	10.99562	0.03461	1.01154	1.76658	0.45311	9.37297	17.03652	19.76732	22.8344	28.77836	51.83889	1.23357
k__Bacteria|p__Firmicutes|c__Bacilli|o__Lactobacillales|f__Enterococcaceae|g__Enterococcus|s__Enterococcus_casseliflavus|t__SGB7952	0.0	0.0	0.0	0.0	0.0	0.0	0.02182	0.0	0.0	0.0	0.0	0.0	0.0	0.0
k__Bacteria|p__Pseudomonadota|c__Betaproteobacteria|o__Burkholderiales|f__Burkholderiaceae|g__Paraburkholderia|s__Paraburkholderia_tropica|t__SGB12985	0.0	0.0	0.0	0.1011	0.0	0.0	0.0	0.0	0.0	0.0	0.0	0.0	0.0	0.0
k__Bacteria|p__Pseudomonadota|c__Gammaproteobacteria|o__Lysobacterales|f__Rhodanobacteraceae|g__Frateuria|s__Frateuria_aurantia|t__SGB180577	2.8901	0.13607	0.24443	5.40892	0.06276	0.01342	0.00136	1.32531	0.82811	1.69566	1.10092	4.03183	1.814	0.04168
k__Bacteria|p__Pseudomonadota|c__Gammaproteobacteria|o__Moraxellales|f__Moraxellaceae|g__Acinetobacter|s__Acinetobacter_nosocomialis|t__SGB10344	0.0	0.0	0.0	0.0	0.0	0.0	0.0	0.0	0.0	0.0	0.0028	0.0	0.0	0.0
k__Bacteria|p__Pseudomonadota|c__Alphaproteobacteria|o__Acetobacterales|f__Acetobacteraceae|g__Acetobacter|s__Acetobacter_pasteurianus|t__SGB1196	0.32766	68.90479	16.98108	0.04331	70.08344	45.78203	48.72786	51.47567	40.70661	27.2643	30.03666	6.50898	1.55766	72.90046
k__Bacteria|p__Pseudomonadota|c__Alphaproteobacteria|o__Acetobacterales|f__Acetobacteraceae|g__Acetobacter|s__Acetobacter_pomorum|t__SGB1193	0.0	0.0	0.0	0.0	0.0	0.00088	0.0	0.0	0.0	0.0	0.0	0.0	0.0	0.00218
k__Bacteria|p__Pseudomonadota|c__Alphaproteobacteria|o__Acetobacterales|f__Acetobacteraceae|g__Acetobacter|s__Acetobacter_senegalensis|t__SGB1205	0.3009	0.99073	1.81295	0.01831	0.2337	0.89844	0.30466	0.6583	6.34707	1.65188	3.02809	2.48186	10.33171	0.32308
k__Bacteria|p__Firmicutes|c__Bacilli|o__Lactobacillales|f__Lactobacillaceae|g__Pediococcus|s__Pediococcus_acidilactici|t__SGB7168	0.0	0.0	0.0	0.0	0.0	0.02396	0.2918	0.0	0.0	0.0	0.0	0.0	0.0	0.0
k__Bacteria|p__Firmicutes|c__Bacilli|o__Bacillales|f__Bacillaceae|g__Heyndrickxia|s__Heyndrickxia_ginsengihumi|t__SGB7734	0.0	0.02806	0.0	0.0	0.02778	0.01594	0.47424	0.0	0.0	0.0	0.0	0.0	0.0	0.01178
k__Bacteria|p__Pseudomonadota|c__Alphaproteobacteria|o__Acetobacterales|f__Acetobacteraceae|g__Kozakia|s__Kozakia_baliensis|t__SGB1183	0.0	0.01856	0.0	0.0	0.01315	0.0	0.0	0.17747	0.0	0.32114	0.00062	1.10607	0.0	0.01059
k__Bacteria|p__Pseudomonadota|c__Alphaproteobacteria|o__Acetobacterales|f__Acetobacteraceae|g__Acetobacter|s__Acetobacter_persici|t__SGB1199	0.1378	0.09023	0.0166	0.01095	0.00741	0.0	0.0	0.16875	0.0376	0.43815	0.07543	1.36589	0.11481	0.00392
k__Bacteria|p__Pseudomonadota|c__Alphaproteobacteria|o__Acetobacterales|f__Acetobacteraceae|g__Gluconobacter|s__Gluconobacter_kanchanaburiensis|t__SGB89213	0.05179	0.00172	0.0	0.00398	0.0	0.0	0.0	0.00086	0.00095	0.04949	0.00829	0.0737	0.01727	0.0
k__Bacteria|p__Pseudomonadota|c__Alphaproteobacteria|o__Acetobacterales|f__Acetobacteraceae|g__Gluconobacter|s__Gluconobacter_japonicus|t__SGB1161	11.10085	0.68386	0.20929	8.73646	0.17718	0.05674	0.01846	0.42661	1.08517	5.20423	5.24222	6.03771	7.97139	0.07617
k__Bacteria|p__Pseudomonadota|c__Gammaproteobacteria|o__Enterobacterales|f__Enterobacteriaceae|g__GGB59904|s__GGB59904_SGB81786|t__SGB81786	0.0532	0.00105	0.0	0.23971	0.00015	0.0	0.0	0.00107	0.00395	0.02679	0.02701	0.02448	0.04238	0.0
k__Eukaryota|p__Ascomycota|c__Saccharomycetes|o__Saccharomycetales|f__Pichiaceae|g__Pichia|s__Pichia_manshurica|t__EUK121235	0.0	0.0	0.0	0.0	0.00579	0.04856	0.02119	0.0	0.0	0.0	0.0	0.0068	0.04798	0.00041
k__Bacteria|p__Firmicutes|c__Bacilli|o__Lactobacillales|f__Lactobacillaceae|g__Liquorilactobacillus|s__Liquorilactobacillus_vini|t__SGB7065	0.0	0.0	0.0	0.0	0.0	0.21746	1.34492	0.0	0.0	0.0	0.0	0.0	0.0	0.00084
k__Bacteria|p__Pseudomonadota|c__Gammaproteobacteria|o__Lysobacterales|f__Lysobacteraceae|g__Xanthomonas|s__Xanthomonas_massiliensis|t__SGB32973	0.0	5e-05	0.0	0.0	0.0	0.0	0.00716	0.0	0.0	0.0	0.0	0.0	0.0	0.0
k__Bacteria|p__Pseudomonadota|c__Alphaproteobacteria|o__Acetobacterales|f__Acetobacteraceae|g__Acetobacter|s__Acetobacter_vaccinii|t__SGB89215	0.0	0.0	0.0	0.01909	0.0	0.0	0.0	0.0	0.0	0.0	0.00799	0.0	0.0	0.0
k__Bacteria|p__Pseudomonadota|c__Gammaproteobacteria|o__Enterobacterales|f__Erwiniaceae|g__Pantoea|s__Pantoea_sp_Mb_10|t__SGB81775	0.01313	0.0	0.0	0.08816	0.00065	0.0	0.0	0.00565	0.0	0.01867	0.00068	0.11061	0.00106	0.0001
k__Bacteria|p__Pseudomonadota|c__Gammaproteobacteria|o__Enterobacterales|f__Erwiniaceae|g__Pantoea|s__Pantoea_stewartii|t__SGB10192	0.0	0.0	0.0	0.64745	0.0	0.0	0.0	0.0	0.0	0.02494	0.07777	0.0	0.04649	0.0
k__Bacteria|p__Pseudomonadota|c__Gammaproteobacteria|o__Enterobacterales|f__Erwiniaceae|g__Pantoea|s__Pantoea_eucrina|t__SGB10168	0.02321	0.00162	0.00718	1.448	0.01007	0.0	0.0	0.10315	0.08665	0.28396	0.2024	0.6068	0.10383	0.0047
k__Bacteria|p__Pseudomonadota|c__Gammaproteobacteria|o__Pseudomonadales|f__Pseudomonadaceae|g__Pseudomonas|s__Pseudomonas_oryzihabitans|t__SGB12308	0.0	0.0	0.0	0.0	0.0	0.0	0.0	0.00903	0.04107	0.0	0.0	0.0	0.0	0.0
k__Bacteria|p__Pseudomonadota|c__Alphaproteobacteria|o__Acetobacterales|f__Acetobacteraceae|g__Komagataeibacter|s__Komagataeibacter_oboediens|t__SGB1177	0.0	0.23143	0.1946	0.0	0.13579	0.05231	0.01426	0.74575	0.13555	0.03343	0.0	0.09221	0.00356	0.22673
k__Bacteria|p__Firmicutes|c__Bacilli|o__Bacillales|f__Bacillaceae|g__Shouchella|s__Shouchella_clausii|t__SGB8291	0.0	0.0	0.0	0.0	0.0	0.0	0.00358	0.0	0.0	0.0	0.0	0.0	0.0	0.0
k__Bacteria|p__Pseudomonadota|c__Gammaproteobacteria|o__Moraxellales|f__Moraxellaceae|g__Acinetobacter|s__Acinetobacter_lwoffii|t__SGB10405	0.0	0.0	0.00377	0.0	0.0	0.0	0.0	0.0	0.0	0.0	0.0	0.0	0.0	0.0
k__Bacteria|p__Pseudomonadota|c__Gammaproteobacteria|o__Enterobacterales|f__Yersiniaceae|g__Serratia|s__Serratia_rubidaea|t__SGB10249	0.05437	0.0	0.02502	0.47531	0.0	0.0	0.0	0.0	0.04746	0.14226	0.23662	0.00549	0.20796	0.0
k__Bacteria|p__Pseudomonadota|c__Gammaproteobacteria|o__Enterobacterales|f__Erwiniaceae|g__Pantoea|s__Pantoea_ananatis|t__SGB10194	3.42675	0.07197	0.0	0.9707	0.01907	0.0	0.0	0.01208	0.0	0.44345	0.09505	0.33233	0.10198	0.00227
k__Bacteria|p__Pseudomonadota|c__Gammaproteobacteria|o__Enterobacterales|f__Yersiniaceae|g__Serratia|s__Serratia_marcescens|t__SGB206341	0.64174	0.07262	0.0	0.47067	0.00495	0.0	0.0	0.01306	0.00201	0.70262	0.10052	0.68992	0.0973	0.0
k__Bacteria|p__Pseudomonadota|c__Gammaproteobacteria|o__Enterobacterales|f__Erwiniaceae|g__Rosenbergiella|s__Rosenbergiella_epipactidis|t__SGB10292	0.28493	0.01762	0.02523	6.3412	0.022	0.00386	0.0	0.02388	0.00198	0.53468	0.87034	0.85306	0.35547	0.0082
k__Bacteria|p__Bacteroidota|c__Bacteroidia|o__Bacteroidales|f__Bacteroidaceae|g__Phocaeicola|s__Phocaeicola_vulgatus|t__SGB1814	0.0	0.00596	0.04209	0.0	0.0	0.0	0.0	0.02256	0.00975	0.0	0.0	0.0	0.0	0.0
k__Bacteria|p__Bacteroidota|c__Bacteroidia|o__Bacteroidales|f__Bacteroidaceae|g__Bacteroides|s__Bacteroides_uniformis|t__SGB1836	0.0	0.00512	0.05649	0.0	0.0	0.0	0.0	0.02969	0.01808	0.0	0.0	0.0	0.0	0.0
k__Bacteria|p__Pseudomonadota|c__Alphaproteobacteria|o__Acetobacterales|f__Acetobacteraceae|g__Acetobacter|s__Acetobacter_pomorum|t__SGB1194	0.03609	0.37405	0.01431	0.0	0.10183	0.04833	0.00447	0.25824	0.03737	0.60735	0.00335	0.55491	0.00703	0.20377
k__Bacteria|p__Pseudomonadota|c__Alphaproteobacteria|o__Acetobacterales|f__Acetobacteraceae|g__Komagataeibacter|s__Komagataeibacter_saccharivorans|t__SGB24153	0.42522	1.2403	22.64426	0.0	0.51227	0.72441	0.20405	8.90164	0.99813	3.17335	0.92278	9.79461	1.057	1.46416
k__Bacteria|p__Pseudomonadota|c__Alphaproteobacteria|o__Acetobacterales|f__Acetobacteraceae|g__Komagataeibacter|s__Komagataeibacter_melaceti|t__SGB24160	0.0	1.07711	3.02322	0.0	0.52865	0.22036	0.05897	2.37921	0.05192	0.0706	0.00701	0.12029	0.0	0.58419
k__Bacteria|p__Pseudomonadota|c__Alphaproteobacteria|o__Acetobacterales|f__Acetobacteraceae|g__Novacetimonas|s__Novacetimonas_hansenii|t__SGB1175	1.19346	0.1269	0.28629	0.0	0.03451	0.00782	0.0	0.3568	0.08562	0.76123	0.04395	0.70306	0.13418	0.05371
k__Bacteria|p__Pseudomonadota|c__Alphaproteobacteria|o__Acetobacterales|f__Acetobacteraceae|g__Komagataeibacter|s__Komagataeibacter_medellinensis|t__SGB1181	0.00464	0.0	0.0	0.0	0.0	0.0	0.0	0.0	0.0	0.0	0.0	0.00512	0.0	0.0
k__Bacteria|p__Pseudomonadota|c__Alphaproteobacteria|o__Acetobacterales|f__Acetobacteraceae|g__Acetobacter|s__Acetobacter_papayae|t__SGB30486	0.78121	0.05655	0.05403	2.28637	0.01389	0.02553	0.00217	0.26034	0.63968	0.61141	0.53897	1.15957	1.57626	0.01509
k__Bacteria|p__Pseudomonadota|c__Alphaproteobacteria|o__Acetobacterales|f__Acetobacteraceae|g__Gluconobacter|s__Gluconobacter_cerinus|t__SGB1160	0.00331	0.0	0.0	0.0	0.0	0.0	0.0	0.0	0.0	0.00544	0.0	0.0	0.00756	0.0
k__Eukaryota|p__Ascomycota|c__Saccharomycetes|o__Saccharomycetales|f__Pichiaceae|g__Pichia|s__Pichia_kluyveri|t__EUK36015	0.05713	0.0	0.0	0.0	0.0	0.0	0.0	0.0	0.0	0.00735	0.0	0.00762	0.07292	0.0
k__Bacteria|p__Pseudomonadota|c__Alphaproteobacteria|o__Acetobacterales|f__Acetobacteraceae|g__Komagataeibacter|s__Komagataeibacter_diospyri|t__SGB89227	0.0	0.0	0.0	0.0	0.0	0.0	0.0	0.00064	0.0	0.0	0.0	0.00266	0.0	0.00347
k__Bacteria|p__Pseudomonadota|c__Gammaproteobacteria|o__Enterobacterales|f__Erwiniaceae|g__Tatumella|s__Tatumella_saanichensis|t__SGB31094	8.03975	0.57284	0.04301	12.04771	0.248	0.02846	0.0078	0.19179	0.07809	4.42966	2.08413	3.40758	2.31498	0.14371
k__Bacteria|p__Pseudomonadota|c__Alphaproteobacteria|o__Acetobacterales|f__Acetobacteraceae|g__Gluconobacter|s__Gluconobacter_sphaericus|t__SGB89212	2.43301	0.17758	0.03891	0.88341	0.03614	0.00832	0.0	0.05369	0.22611	1.57191	0.65043	1.03584	1.32321	0.02793
k__Bacteria|p__Pseudomonadota|c__Alphaproteobacteria|o__Acetobacterales|f__Acetobacteraceae|g__Novacetimonas|s__Novacetimonas_cocois|t__SGB208091	0.0	0.0	0.0	0.0	0.00817	0.0	0.0	0.0	0.0	0.0	0.0	0.0	0.0	0.00803
k__Bacteria|p__Pseudomonadota|c__Alphaproteobacteria|o__Acetobacterales|f__Acetobacteraceae|g__Gluconobacter|s__Gluconobacter_wancherniae|t__SGB89207	0.01369	0.0	0.0	0.00475	0.0	0.0	0.0	0.0	0.0	0.00261	0.0	0.00135	0.00368	0.0
k__Bacteria|p__Pseudomonadota|c__Alphaproteobacteria|o__Acetobacterales|f__Acetobacteraceae|g__Gluconobacter|s__Gluconobacter_oxydans|t__SGB1165	0.27237	0.12139	0.00686	0.02963	0.0103	0.0049	0.0	0.25436	0.08293	0.55317	0.13937	1.74812	0.35591	0.00669
k__Bacteria|p__Pseudomonadota|c__Alphaproteobacteria|o__Acetobacterales|f__Acetobacteraceae|g__Acetobacter|s__Acetobacter_SGB213673|t__SGB213673	0.35199	0.02444	0.0	0.0	0.0051	0.0	0.0	0.01485	0.00227	0.10722	0.0	0.06163	0.00311	0.00436
k__Bacteria|p__Pseudomonadota|c__Alphaproteobacteria|o__Acetobacterales|f__Acetobacteraceae|g__Gluconobacter|s__Gluconobacter_kondonii|t__SGB30476	0.16653	0.01674	0.00481	1.04854	0.00356	0.00307	0.0	0.00312	0.04672	0.24149	0.49228	0.24275	0.89399	0.0
k__Bacteria|p__Pseudomonadota|c__Alphaproteobacteria|o__Acetobacterales|f__Acetobacteraceae|g__Komagataeibacter|s__Komagataeibacter_xylinus|t__SGB208090	0.02803	0.00177	0.0	0.0	0.0	0.0	0.0	0.00605	0.0	0.0	0.0	0.03056	0.0	0.00476
k__Bacteria|p__Pseudomonadota|c__Gammaproteobacteria|o__Enterobacterales|f__Erwiniaceae|g__Tatumella|s__Tatumella_ptyseos|t__SGB10295	14.96382	0.86537	0.06004	16.865	0.30709	0.04079	0.00821	0.54643	0.12055	5.78784	2.56141	6.07309	2.48778	0.14537
k__Bacteria|p__Pseudomonadota|c__Alphaproteobacteria|o__Acetobacterales|f__Acetobacteraceae|g__Gluconobacter|s__Gluconobacter_cadivus|t__SGB89208	0.0	0.0	0.0	0.00464	0.0	0.0	0.0	0.0	0.0	0.00356	0.01235	0.0	0.0	0.0
k__Bacteria|p__Pseudomonadota|c__Alphaproteobacteria|o__Acetobacterales|f__Acetobacteraceae|g__Komagataeibacter|s__Komagataeibacter_sp_FXV3|t__SGB89228	0.0	0.00054	0.0	0.0	0.0	0.0	0.0	0.00216	0.0	0.0	0.0	0.00193	0.0	0.01266
k__Bacteria|p__Pseudomonadota|c__Gammaproteobacteria|o__Enterobacterales|f__Erwiniaceae|g__Tatumella|s__Tatumella_sp_JGM130|t__SGB92518	1.26713	0.0386	0.0	0.57559	0.03113	0.00029	0.0	0.01485	0.00204	0.32379	0.14228	0.66976	0.20233	0.01322
k__Bacteria|p__Pseudomonadota|c__Gammaproteobacteria|o__Enterobacterales|f__Erwiniaceae|g__Tatumella|s__Tatumella_SGB211856|t__SGB211856	21.38717	1.47624	0.08123	15.08249	0.61568	0.05404	0.00979	0.6713	0.17053	8.58429	3.12609	8.99881	4.3009	0.30385
k__Bacteria|p__Pseudomonadota|c__Alphaproteobacteria|o__Acetobacterales|f__Acetobacteraceae|g__Novacetimonas|s__Novacetimonas_pomaceti|t__SGB24150	0.0	0.0	0.0	0.0	0.02885	0.0	0.0	0.0	0.0	0.0	0.0	0.0	0.0	0.00827
k__Bacteria|p__Pseudomonadota|c__Alphaproteobacteria|o__Acetobacterales|f__Acetobacteraceae|g__Komagataeibacter|s__Komagataeibacter_intermedius|t__SGB1176	0.0	0.00294	0.0	0.0	0.00269	0.0	0.0	0.03811	0.00122	0.0	0.0	0.04604	0.0	0.00234
k__Bacteria|p__Pseudomonadota|c__Alphaproteobacteria|o__Acetobacterales|f__Acetobacteraceae|g__Gluconobacter|s__Gluconobacter_frateurii|t__SGB1163	0.0	0.0	0.0	0.0	0.0	0.0	0.0	0.0	0.00017	0.0	0.0	0.0	0.00295	0.0
k__Bacteria|p__Pseudomonadota|c__Gammaproteobacteria|o__Enterobacterales|f__Erwiniaceae|g__Tatumella|s__Tatumella_sp_JGM118|t__SGB92519	1.31557	0.07653	0.00319	3.6817	0.03066	0.00193	0.0	0.02822	0.03639	0.8617	0.57422	0.41209	0.64548	0.01241
k__Bacteria|p__Pseudomonadota|c__Alphaproteobacteria|o__Acetobacterales|f__Acetobacteraceae|g__Gluconacetobacter|s__Gluconacetobacter_entanii|t__SGB24152	0.0	0.00414	0.00575	0.0	0.01492	0.00026	0.0	0.00453	0.0	0.0	0.0	0.0	0.0	0.01249
k__Bacteria|p__Pseudomonadota|c__Alphaproteobacteria|o__Acetobacterales|f__Acetobacteraceae|g__Acetobacter|s__Acetobacter_malorum|t__SGB1202	0.00557	0.01926	0.0057	0.0	0.00222	0.0	0.0	0.0254	0.01572	0.06858	0.1469	0.31161	0.17903	0.0
k__Bacteria|p__Pseudomonadota|c__Alphaproteobacteria|o__Acetobacterales|f__Acetobacteraceae|g__Acetobacter|s__Acetobacter_thailandicus|t__SGB1186	0.44438	0.0529	0.01109	1.73768	0.01011	0.00988	0.00083	0.01536	0.10183	0.46294	0.90263	0.33499	2.4786	0.00843
k__Bacteria|p__Pseudomonadota|c__Alphaproteobacteria|o__Acetobacterales|f__Acetobacteraceae|g__Komagataeibacter|s__Komagataeibacter_melomenusus|t__SGB89225	0.0	0.0	0.0	0.0	0.0	0.0	0.0	0.0	0.0	0.0	0.0	0.00058	0.0	0.0
k__Bacteria|p__Pseudomonadota|c__Gammaproteobacteria|o__Enterobacterales|f__Erwiniaceae|g__Tatumella|s__Tatumella_citrea|t__SGB10293	10.00913	0.51277	0.03658	4.81858	0.19711	0.02205	0.00126	0.17745	0.05148	2.61254	1.44861	3.59019	2.13549	0.09996
k__Eukaryota|p__Ascomycota|c__Saccharomycetes|o__Saccharomycetales|f__Phaffomycetaceae|g__Starmera|s__Candida_stellimalicola|t__EUK56415	0.01219	0.0	0.0	0.034	0.0	0.0	0.0	0.0	0.0	0.00201	0.0	0.01493	0.01482	0.0
k__Bacteria|p__Pseudomonadota|c__Gammaproteobacteria|o__Lysobacterales|f__Lysobacteraceae|g__Xanthomonas|s__Xanthomonas_arboricola|t__SGB12431	0.0	0.0	0.0	0.0	0.0	0.0	0.0	0.0	0.0	0.0	0.0	0.00806	0.0	0.0
k__Bacteria|p__Pseudomonadota|c__Gammaproteobacteria|o__Enterobacterales|f__Erwiniaceae|g__Tatumella|s__Tatumella_morbirosei|t__SGB10294	0.16254	0.00258	0.0	0.2573	0.00082	6e-05	0.0	0.0	0.00167	0.02461	0.02486	0.02158	0.10492	0.0
k__Bacteria|p__Bacteroidota|c__Chitinophagia|o__Chitinophagales|f__Chitinophagaceae|g__Rhizosphaericola|s__Rhizosphaericola_mali|t__SGB194500	0.01146	0.0	0.0	0.11036	0.0	0.0	0.0	0.0	0.0	0.00852	0.01751	8e-05	0.00692	0.0
k__Bacteria|p__Pseudomonadota|c__Gammaproteobacteria|o__Enterobacterales|f__Erwiniaceae|g__Pantoea|s__Pantoea_rodasii|t__SGB10176	0.00423	0.0	0.0	0.0	0.0	0.0	0.0	0.0	0.0	0.0	0.0	0.0	0.0	0.0
k__Bacteria|p__Pseudomonadota|c__Gammaproteobacteria|o__Enterobacterales|f__Erwiniaceae|g__Pantoea|s__Pantoea_cypripedii|t__SGB10171	0.21289	0.00842	0.00117	0.17681	0.00532	0.0	0.0	0.01312	0.00448	0.13283	0.07418	0.3822	0.08408	0.00219
k__Bacteria|p__Pseudomonadota|c__Gammaproteobacteria|o__Enterobacterales|f__Erwiniaceae|g__Pantoea|s__Pantoea_sp_alder81|t__SGB110057	0.02077	0.0	0.0	0.0	0.0	0.0	0.0	0.0	0.0	0.0	0.0	0.0	0.0	0.0
k__Bacteria|p__Pseudomonadota|c__Gammaproteobacteria|o__Enterobacterales|f__Erwiniaceae|g__Pantoea|s__Pantoea_endophytica|t__SGB10177	0.15474	0.00554	0.0	0.14819	0.0	0.0	0.0	0.0	0.0	0.0649	0.04004	0.02152	0.04008	0.0
k__Eukaryota|p__Ascomycota|c__Saccharomycetes|o__Saccharomycetales|f__Pichiaceae|g__Pichia|s__Pichia_terricola|t__EUK54551	0.05655	0.00689	0.0	0.0261	0.00058	0.0	0.0	0.0	0.0	0.0221	0.0	0.004	0.0	0.0
k__Eukaryota|p__Ascomycota|c__Saccharomycetes|o__Saccharomycetales|f__Pichiaceae|g__Ogataea|s__Candida_boidinii_group_1|t__EUK5477_1	0.03771	0.0	0.0	0.0	0.0	0.0	0.0	0.0	0.0	0.0	0.0	0.0	0.0	0.0
k__Eukaryota|p__Ascomycota|c__Saccharomycetes|o__Saccharomycetales|f__Pichiaceae|g__Pichiaceae_unclassified|s__Candida_sorboxylosa|t__EUK49334	0.15875	0.0	0.0	0.00339	0.0	0.0	0.0	0.0	0.0	0.03527	0.0	0.03732	0.00261	0.0
k__Bacteria|p__Pseudomonadota|c__Gammaproteobacteria|o__Enterobacterales|f__Erwiniaceae|g__Erwiniaceae_unclassified|s__Erwiniaceae_bacterium_L1_54_3|t__SGB81771	0.43802	0.01841	0.0	0.08409	0.00547	0.0	0.0	0.00041	0.0	0.15172	0.01561	0.05488	0.02999	0.00018
k__Bacteria|p__Pseudomonadota|c__Alphaproteobacteria|o__Acetobacterales|f__Acetobacteraceae|g__Komagataeibacter|s__Komagataeibacter_nataicola|t__SGB1182	0.01554	0.00567	0.0	0.0	0.00172	0.0	0.0	0.00243	0.0	0.0	0.0	0.01588	0.00155	0.00123
k__Bacteria|p__Actinomycetota|c__Actinomycetes|o__Micrococcales|f__Micrococcaceae|g__Micrococcus|s__Micrococcus_luteus|t__SGB16676	0.0	0.0	0.00359	0.0	0.0	0.0	0.0	0.0	0.00385	0.0	0.0	0.0	0.0	0.0
k__Bacteria|p__Pseudomonadota|c__Gammaproteobacteria|o__Moraxellales|f__Moraxellaceae|g__Acinetobacter|s__Acinetobacter_schindleri|t__SGB10406	0.0	0.0	0.0061	0.0	0.0	0.0	0.0	0.0	0.0	0.0	0.0	0.0	0.0	0.0
k__Bacteria|p__Pseudomonadota|c__Gammaproteobacteria|o__Enterobacterales|f__Enterobacteriaceae|g__Enterobacter|s__Enterobacter_sp_BIGb0359|t__SGB31151	0.01426	0.0	0.0	0.0	0.0	0.0	0.0	0.0	0.0	0.0	0.0	0.0	0.0	0.0
k__Bacteria|p__Firmicutes|c__Clostridia|o__Eubacteriales|f__Oscillospiraceae|g__Faecalibacterium|s__Faecalibacterium_prausnitzii|t__SGB15332	0.0	0.0	0.00163	0.0	0.0	0.0	0.0	0.00047	0.0	0.0	0.0	0.0	0.0	0.0
k__Bacteria|p__Firmicutes|c__Clostridia|o__Lachnospirales|f__Lachnospiraceae|g__Agathobacter|s__Agathobacter_rectalis|t__SGB4933	0.0	0.0	0.00156	0.0	0.0	0.0	0.0	0.002	0.0	0.0	0.0	0.0	0.0	0.0
k__Bacteria|p__Firmicutes|c__CFGB1354|o__OFGB1354|f__FGB1354|g__GGB3304|s__GGB3304_SGB4367|t__SGB4367	0.0	0.0	0.00038	0.0	0.0	0.0	0.0	0.0	0.0	0.0	0.0	0.0	0.0	0.0
k__Bacteria|p__Firmicutes|c__Clostridia|o__Eubacteriales|f__Oscillospiraceae|g__Oscillibacter|s__Oscillibacter_sp_ER4|t__SGB15254	0.0	0.0	0.01452	0.0	0.0	0.0	0.0	0.01014	0.00423	0.0	0.0	0.0	0.0	0.0
k__Bacteria|p__Pseudomonadota|c__Alphaproteobacteria|o__Sphingomonadales|f__Sphingomonadaceae|g__Sphingomonas|s__Sphingomonas_paucimobilis|t__SGB11675	0.0	0.0	0.0063	0.0	0.0	0.0	0.0	0.0	0.0	0.0	0.0	0.0	0.0	0.0
k__Bacteria|p__Actinomycetota|c__Actinomycetes|o__Bifidobacteriales|f__Bifidobacteriaceae|g__Bifidobacterium|s__Bifidobacterium_adolescentis|t__SGB17244	0.0	0.0	0.00173	0.0	0.0	0.0	0.0	0.00039	0.0	0.0	0.0	0.0	0.0	0.0
k__Bacteria|p__Pseudomonadota|c__Gammaproteobacteria|o__Enterobacterales|f__Enterobacteriaceae|g__Enterobacter|s__Enterobacter_cancerogenus|t__SGB10181	8.13219	0.26191	0.02128	4.47393	0.14827	0.00558	0.00292	0.171	0.13079	2.40083	0.74064	2.9014	1.49145	0.09281
k__Bacteria|p__Pseudomonadota|c__Gammaproteobacteria|o__Enterobacterales|f__Erwiniaceae|g__Pantoea|s__Pantoea_vagans|t__SGB10186	0.61663	0.02176	0.0	1.41366	0.00288	0.0	0.0	0.00312	0.00093	0.19852	0.18835	0.12371	0.16037	0.00072
k__Bacteria|p__Pseudomonadota|c__Gammaproteobacteria|o__Enterobacterales|f__Erwiniaceae|g__Pantoea|s__Pantoea_rwandensis|t__SGB10180	3.37681	0.08973	0.0	0.81269	0.02846	0.00022	0.0	0.00638	0.00648	0.73765	0.22958	0.25264	0.28182	0.0137
k__Bacteria|p__Pseudomonadota|c__Gammaproteobacteria|o__Enterobacterales|f__Erwiniaceae|g__Pantoea|s__Candidatus_Pantoea_multigeneris|t__SGB31219	0.18416	0.00359	0.00119	0.48024	0.00698	0.0	0.0	0.01538	0.00055	0.08798	0.09383	0.13403	0.05671	0.0
k__Bacteria|p__Pseudomonadota|c__Alphaproteobacteria|o__Acetobacterales|f__Acetobacteraceae|g__Asaia|s__Asaia_bogorensis|t__SGB1172	0.14904	0.00193	0.0	0.0	0.0	0.0	0.0	0.0	0.0	0.03504	0.0	0.02182	0.0	0.0
k__Bacteria|p__Pseudomonadota|c__Gammaproteobacteria|o__Enterobacterales|f__Yersiniaceae|g__Serratia|s__Serratia_marcescens|t__SGB10251	0.00864	0.0	0.0	0.0	0.0	0.0	0.0	0.0	0.0	0.00312	0.0	0.00403	0.0	0.0
k__Bacteria|p__Bacteroidota|c__Bacteroidia|o__Bacteroidales|f__Bacteroidaceae|g__Phocaeicola|s__Phocaeicola_dorei|t__SGB1815	0.0	0.0	0.00109	0.0	0.0	0.0	0.0	0.0	0.0	0.0	0.0	0.0	0.0	0.0
k__Bacteria|p__Bacteroidota|c__Bacteroidia|o__Bacteroidales|f__Rikenellaceae|g__Alistipes|s__Alistipes_putredinis|t__SGB2318	0.0	0.02081	0.12624	0.0	0.0	0.0	0.0	0.06758	0.04795	0.0	0.0	0.0	0.0	0.0
k__Bacteria|p__Pseudomonadota|c__Alphaproteobacteria|o__Caulobacterales|f__Caulobacteraceae|g__Brevundimonas|s__Brevundimonas_SGB38301|t__SGB38301	0.0	0.0	0.009	0.0	0.0	0.0	0.0	0.0	0.00716	0.0	0.0	0.0	0.0	0.0
k__Bacteria|p__Bacteroidota|c__Bacteroidia|o__Bacteroidales|f__Prevotellaceae|g__Segatella|s__Segatella_copri|t__SGB1626	0.0	0.0	0.00684	0.0	0.0	0.0	0.0	0.00526	0.00158	0.0	0.0	0.0	0.0	0.0
k__Bacteria|p__Firmicutes|c__CFGB79315|o__OFGB79315|f__FGB79315|g__GGB9758|s__GGB9758_SGB15368|t__SGB15368	0.0	0.0	0.00811	0.0	0.0	0.0	0.0	0.00346	0.0	0.0	0.0	0.0	0.0	0.0
k__Bacteria|p__Bacteroidota|c__CFGB658|o__OFGB658|f__FGB658|g__GGB1627|s__GGB1627_SGB2230|t__SGB2230	0.0	0.0	0.00306	0.0	0.0	0.0	0.0	0.00307	0.0	0.0	0.0	0.0	0.0	0.0
k__Bacteria|p__Firmicutes|c__Clostridia|o__Eubacteriales|f__Oscillospiraceae|g__Oscillibacter|s__Oscillibacter_sp_MSJ_31|t__SGB15249	0.0	0.0026	0.02821	0.0	0.0	0.0	0.0	0.02328	0.00721	0.0	0.0	0.0	0.0	0.0
k__Bacteria|p__Firmicutes|c__Clostridia|o__Eubacteriales|f__Eubacteriales_unclassified|g__Gemmiger|s__Gemmiger_formicilis|t__SGB15300	0.0	0.0	0.00604	0.0	0.0	0.0	0.0	0.0003	0.0	0.0	0.0	0.0	0.0	0.0
k__Bacteria|p__Firmicutes|c__Clostridia|o__Eubacteriales|f__Eubacteriales_incertae_sedis|g__Candidatus_Cibionibacter|s__Candidatus_Cibionibacter_quicibialis|t__SGB15286	0.0	0.0	0.01061	0.0	0.0	0.0	0.0	0.00393	0.00219	0.0	0.0	0.0	0.0	0.0
k__Bacteria|p__Bacteroidota|c__CFGB658|o__OFGB658|f__FGB658|g__GGB1627|s__GGB1627_SGB2227|t__SGB2227	0.0	0.0	0.01451	0.0	0.0	0.0	0.0	0.00655	0.00256	0.0	0.0	0.0	0.0	0.0
k__Bacteria|p__Firmicutes|c__Clostridia|o__Eubacteriales|f__Oscillospiraceae|g__Faecalibacterium|s__Faecalibacterium_prausnitzii|t__SGB15316	0.0	0.0	0.00704	0.0	0.0	0.0	0.0	0.00507	0.00258	0.0	0.0	0.0	0.0	0.0
k__Bacteria|p__Firmicutes|c__Clostridia|o__Eubacteriales|f__Oscillospiraceae|g__Faecalibacterium|s__Faecalibacterium_prausnitzii|t__SGB15342	0.0	0.00118	0.01652	0.0	0.0	0.0	0.0	0.01028	0.00675	0.0	0.0	0.0	0.0	0.0
k__Bacteria|p__Bacteroidota|c__Bacteroidia|o__Bacteroidales|f__Muribaculaceae|g__GGB1497|s__GGB1497_SGB2076|t__SGB2076	0.0	0.0	0.00253	0.0	0.0	0.0	0.0	0.00085	0.0	0.0	0.0	0.0	0.0	0.0
k__Bacteria|p__Firmicutes|c__Clostridia|o__Eubacteriales|f__Oscillospiraceae|g__Faecalibacterium|s__Faecalibacterium_prausnitzii|t__SGB15318	0.0	0.0	0.01106	0.0	0.0	0.0	0.0	0.00792	0.00142	0.0	0.0	0.0	0.0	0.0
k__Bacteria|p__Firmicutes|c__CFGB73062|o__OFGB73062|f__FGB73062|g__GGB9059|s__GGB9059_SGB13976|t__SGB13976	0.0	0.0	0.00521	0.0	0.0	0.0	0.0	0.00016	0.0	0.0	0.0	0.0	0.0	0.0
k__Bacteria|p__Firmicutes|c__CFGB2932|o__OFGB2932|f__FGB2932|g__GGB9261|s__GGB9261_SGB14209|t__SGB14209	0.0	0.0	0.01762	0.0	0.0	0.0	0.0	0.00951	0.00051	0.0	0.0	0.0	0.0	0.0
k__Bacteria|p__Firmicutes|c__Clostridia|o__Eubacteriales|f__Oscillospiraceae|g__Oscillospiraceae_unclassified|s__Oscillospiraceae_unclassified_SGB15256|t__SGB15256	0.0	0.0	0.00071	0.0	0.0	0.0	0.0	0.00071	0.0	0.0	0.0	0.0	0.0	0.0
k__Bacteria|p__Firmicutes|c__Clostridia|o__Eubacteriales|f__Oscillospiraceae|g__GGB9634|s__GGB9634_SGB15106|t__SGB15106	0.0	0.0	0.01561	0.0	0.0	0.0	0.0	0.01093	0.0046	0.0	0.0	0.0	0.0	0.0
k__Bacteria|p__Firmicutes|c__Clostridia|o__Eubacteriales|f__Oscillospiraceae|g__Faecalibacterium|s__Faecalibacterium_prausnitzii|t__SGB15339	0.0	0.0	0.00582	0.0	0.0	0.0	0.0	0.0	0.0	0.0	0.0	0.0	0.0	0.0
k__Bacteria|p__Pseudomonadota|c__Betaproteobacteria|o__Burkholderiales|f__Comamonadaceae|g__Diaphorobacter|s__Diaphorobacter_nitroreducens|t__SGB12715	0.0	0.0	0.05925	0.0	0.0	0.0	0.0	0.00345	0.01774	0.0	0.0	0.0	0.0	0.0
k__Bacteria|p__Firmicutes|c__Bacilli|o__Lactobacillales|f__Lactobacillaceae|g__Lactobacillus|s__Lactobacillus_corticis|t__SGB94434	0.0	0.0	0.0	0.0	0.0	0.00132	0.10865	0.0	0.0	0.0	0.0	0.0	0.0	0.0
k__Bacteria|p__Firmicutes|c__Bacilli|o__Bacillales|f__Caryophanaceae|g__Ureibacillus|s__Ureibacillus_galli|t__SGB82709	0.0	0.0	0.0	0.0	0.0	0.0	0.00749	0.0	0.0	0.0	0.0	0.0	0.0	0.0
k__Bacteria|p__Firmicutes|c__Bacilli|o__Bacillales|f__Bacillaceae|g__Lysinibacillus|s__Lysinibacillus_telephonicus|t__SGB29947	0.0	0.0	0.0	0.0	0.0	0.0	0.00218	0.0	0.0	0.0	0.0	0.0	0.0	0.0
k__Bacteria|p__Pseudomonadota|c__Gammaproteobacteria|o__Enterobacterales|f__Erwiniaceae|g__Pantoea|s__Pantoea_deleyi|t__SGB206333	0.00414	0.0	0.0	0.06015	0.0	0.0	0.0	0.0	0.0	0.00111	0.00334	0.0	0.00819	0.0
k__Bacteria|p__Firmicutes|c__Bacilli|o__Lactobacillales|f__Lactobacillaceae|g__Liquorilactobacillus|s__Liquorilactobacillus_cacaonum|t__SGB7075	0.0	0.0001	0.0	0.0	0.0	0.0	0.0	0.0	0.0	0.04333	0.0	0.01343	0.0	0.0
k__Bacteria|p__Pseudomonadota|c__Gammaproteobacteria|o__Pseudomonadales|f__Pseudomonadaceae|g__Stutzerimonas|s__Stutzerimonas_stutzeri|t__SGB12382	0.0	0.0	0.01857	0.0	0.0	0.0	0.0	0.00875	0.06484	0.0	0.0	0.0	0.0	0.0
k__Bacteria|p__Pseudomonadota|c__Alphaproteobacteria|o__Acetobacterales|f__Acetobacteraceae|g__Novacetimonas|s__Novacetimonas_maltaceti|t__SGB24151	0.0	1.65155	3.22558	0.0	1.38342	0.45724	0.29372	3.41431	4.3703	0.06083	0.00734	0.1185	0.19081	1.88955
k__Bacteria|p__Firmicutes|c__Bacilli|o__Bacillales|f__Bacillaceae|g__Terribacillus|s__Terribacillus_sp_7520_G|t__SGB7766	0.0	0.0	0.0	0.0	0.0	0.0	0.00072	0.0	0.0	0.0	0.0	0.0	0.0	0.0
k__Bacteria|p__Bacteroidota|c__Bacteroidia|o__Bacteroidales|f__Rikenellaceae|g__Alistipes|s__Alistipes_sp_An31A|t__SGB2304	0.0	0.00052	0.04239	0.0	0.0	0.0	0.0	0.02132	0.01586	0.0	0.0	0.0	0.0	0.0
k__Bacteria|p__Pseudomonadota|c__Alphaproteobacteria|o__Sphingomonadales|f__Sphingomonadaceae|g__Sphingomonas|s__Sphingomonas_sp_3F27F9|t__SGB31711	0.0	0.0	0.00092	0.0	0.0	0.0	0.0	0.0	0.0	0.0	0.0	0.0	0.0	0.0
k__Eukaryota|p__Ascomycota|c__Eurotiomycetes|o__Eurotiales|f__Aspergillaceae|g__Penicillium|s__Penicillium_citrinum|t__EUK5077	0.0	0.0	0.0	0.05546	0.0	0.0	0.0	0.0	0.0	0.0	0.0172	0.0	0.0188	0.0
k__Bacteria|p__Pseudomonadota|c__Gammaproteobacteria|o__Enterobacterales|f__Erwiniaceae|g__Pantoea|s__Pantoea_phytobeneficialis|t__SGB10170	0.0375	0.0016	0.0	0.00048	0.0	0.0	0.0	0.0	0.0	0.01766	0.0	0.00738	0.0	0.0
k__Bacteria|p__Firmicutes|c__Bacilli|o__Bacillales|f__Bacillaceae|g__Heyndrickxia|s__Heyndrickxia_shackletonii|t__SGB7730	0.0	0.0	0.0	0.0	0.0	0.0	0.00509	0.0	0.0	0.0	0.0	0.0	0.0	0.0
k__Bacteria|p__Pseudomonadota|c__Alphaproteobacteria|o__Sphingomonadales|f__Sphingomonadaceae|g__Sphingomonas|s__Sphingomonas_hankookensis|t__SGB11671	0.0	0.0	0.02608	0.0	0.0	0.0	0.0	0.03756	0.24918	0.0	0.0	0.0	0.0	0.0
k__Bacteria|p__Pseudomonadota|c__Gammaproteobacteria|o__Enterobacterales|f__Erwiniaceae|g__Pantoea|s__Pantoea_rodasii|t__SGB10178	0.43383	0.01754	0.0	0.1295	0.01141	0.0	0.0	0.01831	0.01115	0.18881	0.06442	0.28223	0.12839	0.00617
k__Bacteria|p__Pseudomonadota|c__Betaproteobacteria|o__Burkholderiales|f__Sphaerotilaceae|g__Roseateles|s__Roseateles_puraquae|t__SGB12794	0.0	0.0	0.01526	0.0	0.0	0.00036	0.0	0.0	0.00598	0.0	0.00216	0.0	0.0	0.0
k__Bacteria|p__Pseudomonadota|c__Betaproteobacteria|o__Burkholderiales|f__Comamonadaceae|g__Acidovorax|s__Acidovorax_delafieldii|t__SGB12700	0.0	0.0	0.01682	0.0	0.0	0.0	0.0	0.0	0.00333	0.0	0.0	0.0	0.0	0.0
k__Bacteria|p__Pseudomonadota|c__Gammaproteobacteria|o__Enterobacterales|f__Erwiniaceae|g__Tatumella|s__Tatumella_SGB21203|t__SGB21203	0.00337	0.0	0.0	0.25145	0.0	0.0	0.0	0.0	0.0	0.00374	0.02006	0.0	0.00415	0.0
k__Bacteria|p__Pseudomonadota|c__Gammaproteobacteria|o__Enterobacterales|f__Erwiniaceae|g__Pantoea|s__Pantoea_cypripedii|t__SGB81774	0.0	0.0	0.0	0.12515	0.00288	0.0	0.0	0.00194	0.0	0.03361	0.00584	0.11848	0.00016	0.00131
k__Bacteria|p__Pseudomonadota|c__Gammaproteobacteria|o__Enterobacterales|f__Erwiniaceae|g__Pantoea|s__Pantoea_rwandensis|t__SGB10182	0.00301	0.0	0.0	0.0	0.0	0.0	0.0	0.0	0.0	0.00047	0.0	0.00011	0.0	0.0
k__Bacteria|p__Pseudomonadota|c__Gammaproteobacteria|o__Enterobacterales|f__Erwiniaceae|g__Pantoea|s__Pantoea_sp_At_9b|t__SGB165728	0.21711	0.00361	0.0	0.38736	0.00164	0.00057	0.0	0.00038	0.00669	0.06586	0.06351	0.02226	0.05252	0.0
k__Eukaryota|p__Ascomycota|c__Saccharomycetes|o__Saccharomycetales|f__Debaryomycetaceae|g__Yamadazyma|s__Candida_gorgasii|t__EUK271357	0.10098	0.00536	0.0	0.0	0.0022	0.0	0.0	0.0	0.0	0.0277	0.0	0.0	0.0	0.0
k__Eukaryota|p__Ascomycota|c__Eurotiomycetes|o__Eurotiales|f__Aspergillaceae|g__Penicillium|s__Penicillium_paxilli|t__EUK70109	0.0685	0.0	0.0	0.40363	0.0	0.0	0.0	0.0	0.0	0.0	0.04972	0.03989	0.02784	0.0
k__Bacteria|p__Pseudomonadota|c__Gammaproteobacteria|o__Enterobacterales|f__Erwiniaceae|g__Tatumella|s__Tatumella_ptyseos|t__SGB165755	0.00589	0.0	0.0	0.22333	0.0	0.0	0.0	0.0	0.0	0.0	0.01492	0.0	0.01427	0.0
k__Bacteria|p__Pseudomonadota|c__Alphaproteobacteria|o__Acetobacterales|f__Acetobacteraceae|g__Asaia|s__Asaia_siamensis|t__SGB89204	0.00434	0.0	0.0	0.0	0.0	0.0	0.0	0.0	0.0	0.0	0.0	0.0	0.0	0.0
k__Bacteria|p__Pseudomonadota|c__Gammaproteobacteria|o__Enterobacterales|f__Erwiniaceae|g__Erwinia|s__Erwinia_phyllosphaerae|t__SGB81779	0.00349	0.0045	0.0	0.0	0.0	0.0	0.0	0.0	0.0	0.03453	0.0	0.00308	0.0	0.0
k__Bacteria|p__Pseudomonadota|c__Alphaproteobacteria|o__Caulobacterales|f__Caulobacteraceae|g__Brevundimonas|s__Brevundimonas_nasdae|t__SGB89347	0.0	0.36535	7.3265	0.0	0.0	0.0	0.0	0.72803	1.9523	0.0	0.0	0.0	0.0	0.0
k__Bacteria|p__Bacteroidota|c__Bacteroidia|o__Bacteroidales|f__Rikenellaceae|g__Alistipes|s__Alistipes_onderdonkii|t__SGB2303	0.0	0.00869	0.06541	0.0	0.0	0.0	0.0	0.03182	0.02162	0.0	0.0	0.0	0.0	0.0
k__Bacteria|p__Bacteroidota|c__Bacteroidia|o__Bacteroidales|f__Rikenellaceae|g__Alistipes|s__Alistipes_communis|t__SGB2290	0.0	0.00324	0.03783	0.0	0.0	0.0	0.0	0.02017	0.013	0.0	0.0	0.0	0.0	0.0
k__Bacteria|p__Bacteroidota|c__Bacteroidia|o__Bacteroidales|f__Rikenellaceae|g__Alistipes|s__Alistipes_shahii|t__SGB2295	0.0	0.00151	0.02454	0.0	0.0	0.0	0.0	0.01149	0.01031	0.0	0.0	0.0	0.0	0.0
k__Bacteria|p__Bacteroidota|c__Bacteroidia|o__Bacteroidales|f__Prevotellaceae|g__Marseilla|s__Marseilla_massiliensis|t__SGB1592	0.0	0.00139	0.01375	0.0	0.0	0.0	0.0	0.01316	0.00446	0.0	0.0	0.0	0.0	0.0
k__Bacteria|p__Bacteroidota|c__Bacteroidia|o__Bacteroidales|f__Rikenellaceae|g__Alistipes|s__Alistipes_finegoldii|t__SGB2301	0.0	0.00114	0.0212	0.0	0.0	0.0	0.0	0.01536	0.00395	0.0	0.0	0.0	0.0	0.0
k__Bacteria|p__Pseudomonadota|c__Alphaproteobacteria|o__Sphingomonadales|f__Sphingomonadaceae|g__Sphingomonas|s__Sphingomonas_SGB90165|t__SGB90165	0.0	0.0	0.03573	0.0	0.0	0.0	0.0	0.02515	0.11814	0.0	0.0	0.0	0.0	0.0
k__Bacteria|p__Pseudomonadota|c__Gammaproteobacteria|o__Alteromonadales|f__Shewanellaceae|g__Shewanella|s__Shewanella_pneumatophori|t__SGB110093	0.0	0.0	0.01685	0.0	0.0	0.0	0.0	0.00044	0.00282	0.0	0.0	0.0	0.0	0.0
k__Bacteria|p__Verrucomicrobiota|c__Verrucomicrobiia|o__Verrucomicrobiales|f__Akkermansiaceae|g__Akkermansia|s__Akkermansia_muciniphila|t__SGB9226	0.0	0.0	0.01329	0.0	0.0	0.0	0.0	0.00684	0.00503	0.0	0.0	0.0	0.0	0.0
k__Bacteria|p__Pseudomonadota|c__Betaproteobacteria|o__Burkholderiales|f__Sutterellaceae|g__Sutterella|s__Sutterella_wadsworthensis|t__SGB9286	0.0	0.0	0.01138	0.0	0.0	0.0	0.0	0.00668	0.00187	0.0	0.0	0.0	0.0	0.0
k__Bacteria|p__Pseudomonadota|c__CFGB2404|o__OFGB2404|f__FGB2404|g__GGB6612|s__GGB6612_SGB9346|t__SGB9346	0.0	0.0	0.01055	0.0	0.0	0.0	0.0	0.00887	0.00052	0.0	0.0	0.0	0.0	0.0
k__Bacteria|p__Firmicutes|c__CFGB2875|o__OFGB2875|f__FGB2875|g__GGB9176|s__GGB9176_SGB14114|t__SGB14114	0.0	0.0	0.00616	0.0	0.0	0.0	0.0	0.00465	0.0004	0.0	0.0	0.0	0.0	0.0
k__Bacteria|p__Firmicutes|c__Clostridia|o__Eubacteriales|f__Oscillospiraceae|g__Dysosmobacter|s__Dysosmobacter_segnis|t__SGB15053	0.0	0.0	0.00581	0.0	0.0	0.0	0.0	0.0023	0.00029	0.0	0.0	0.0	0.0	0.0
k__Bacteria|p__Firmicutes|c__CFGB3054|o__OFGB3054|f__FGB3054|g__GGB9715|s__GGB9715_SGB15265|t__SGB15265	0.0	0.0	0.00576	0.0	0.0	0.0	0.0	0.0	0.0	0.0	0.0	0.0	0.0	0.0
k__Bacteria|p__Pseudomonadota|c__Betaproteobacteria|o__Burkholderiales|f__Comamonadaceae|g__Alicycliphilus|s__Alicycliphilus_denitrificans|t__SGB12717	0.0	0.0	0.00561	0.0	0.0	0.0	0.0	0.0	0.0	0.0	0.0	0.0	0.0	0.0
k__Bacteria|p__Firmicutes|c__CFGB2873|o__OFGB2873|f__FGB2873|g__GGB74835|s__GGB74835_SGB49217|t__SGB49217	0.0	0.0	0.00559	0.0	0.0	0.0	0.0	0.00011	0.00042	0.0	0.0	0.0	0.0	0.0
k__Bacteria|p__Firmicutes|c__Clostridia|o__Eubacteriales|f__Oscillospiraceae|g__Faecalibacterium|s__Faecalibacterium_SGB15346|t__SGB15346	0.0	0.0	0.00479	0.0	0.0	0.0	0.0	0.00157	0.0	0.0	0.0	0.0	0.0	0.0
k__Bacteria|p__Firmicutes|c__Clostridia|o__Eubacteriales|f__Oscillospiraceae|g__GGB9634|s__GGB9634_SGB15095|t__SGB15095	0.0	0.0	0.00361	0.0	0.0	0.0	0.0	0.00073	0.0	0.0	0.0	0.0	0.0	0.0
k__Bacteria|p__Firmicutes|c__Clostridia|o__Eubacteriales|f__Oscillospiraceae|g__GGB9708|s__GGB9708_SGB15234|t__SGB15234	0.0	0.0	0.00324	0.0	0.0	0.0	0.0	0.0	0.0	0.0	0.0	0.0	0.0	0.0
k__Bacteria|p__Bacteroidota|c__CFGB1670|o__OFGB1670|f__FGB1670|g__GGB47687|s__GGB47687_SGB2286|t__SGB2286	0.0	0.0	0.00322	0.0	0.0	0.0	0.0	0.00208	0.0	0.0	0.0	0.0	0.0	0.0
k__Bacteria|p__Pseudomonadota|c__Alphaproteobacteria|o__Sphingomonadales|f__Sphingomonadaceae|g__Novosphingobium|s__Novosphingobium_sp_KACC_22771|t__SGB182845	0.0	0.0	0.00218	0.0	0.0	0.0	0.0	0.0	0.00036	0.0	0.0	0.0	0.0	0.0
k__Bacteria|p__Pseudomonadota|c__CFGB10055|o__OFGB10055|f__FGB10055|g__GGB6606|s__GGB6606_SGB9340|t__SGB9340	0.0	0.0	0.00111	0.0	0.0	0.0	0.0	0.00195	0.0	0.0	0.0	0.0	0.0	0.0
k__Bacteria|p__Firmicutes|c__Clostridia|o__Eubacteriales|f__Oscillospiraceae|g__GGB9634|s__GGB9634_SGB15093|t__SGB15093	0.0	0.0	0.00107	0.0	0.0	0.0	0.0	0.00281	0.0	0.0	0.0	0.0	0.0	0.0
k__Bacteria|p__Firmicutes|c__Clostridia|o__Eubacteriales|f__Oscillospiraceae|g__GGB9708|s__GGB9708_SGB15233|t__SGB15233	0.0	0.0	0.00091	0.0	0.0	0.0	0.0	0.0	0.0	0.0	0.0	0.0	0.0	0.0
k__Bacteria|p__Thermodesulfobacteriota|c__Desulfovibrionia|o__Desulfovibrionales|f__Desulfovibrionaceae|g__Bilophila|s__Bilophila_wadsworthia|t__SGB15452	0.0	0.0	0.00083	0.0	0.0	0.0	0.0	0.0	0.0	0.0	0.0	0.0	0.0	0.0
k__Bacteria|p__Pseudomonadota|c__CFGB2404|o__OFGB2404|f__FGB2404|g__GGB6613|s__GGB6613_SGB9347|t__SGB9347	0.0	0.0	0.00077	0.0	0.0	0.0	0.0	0.0	0.0	0.0	0.0	0.0	0.0	0.0
k__Bacteria|p__Pseudomonadota|c__Alphaproteobacteria|o__Rhodobacterales|f__Paracoccaceae|g__Paracoccus|s__Paracoccus_kondratievae|t__SGB10724	0.0	0.0	0.0001	0.0	0.0	0.0	0.0	0.0	0.0	0.0	0.0	0.0	0.0	0.0
k__Bacteria|p__Pseudomonadota|c__Betaproteobacteria|o__Burkholderiales|f__Alcaligenaceae|g__Castellaniella|s__Castellaniella_SGB133870|t__SGB133870	0.0	0.0	0.0	0.06286	0.0	0.0	0.0	0.0	0.0	0.0	0.0	0.0	0.0	0.0
k__Bacteria|p__Pseudomonadota|c__Betaproteobacteria|o__Burkholderiales|f__Alcaligenaceae|g__Castellaniella|s__Castellaniella_defragrans|t__SGB13108	0.0	0.0	0.0	0.00707	0.0	0.0	0.0	0.0	0.0	0.0	0.0	0.0	0.0	0.0
k__Bacteria|p__Actinomycetota|c__Actinomycetes|o__Mycobacteriales|f__Corynebacteriaceae|g__Corynebacterium|s__Corynebacterium_pseudotuberculosis|t__SGB17017	0.0	0.0	0.0	0.0	0.00428	0.0	0.0	0.0	0.0	0.0	0.0	0.0	0.0	0.0
k__Bacteria|p__Bacteroidota|c__Flavobacteriia|o__Flavobacteriales|f__Flavobacteriaceae|g__Flavobacterium|s__Flavobacterium_crocinum|t__SGB21701	0.0	0.0	0.0	0.0	0.0	0.00085	0.0	0.0	0.0	0.0	0.00217	0.0	0.0	0.0
k__Bacteria|p__Bacteroidota|c__Bacteroidia|o__Bacteroidales|f__Tannerellaceae|g__Parabacteroides|s__Parabacteroides_distasonis|t__SGB1934	0.0	0.0	0.0	0.0	0.0	0.0	0.0	0.0001	0.0	0.0	0.0	0.0	0.0	0.0
k__Bacteria|p__Pseudomonadota|c__Alphaproteobacteria|o__Acetobacterales|f__Acetobacteraceae|g__Asaia|s__Asaia_prunellae|t__SGB30472	0.0	0.0	0.0	0.0	0.0	0.0	0.0	0.0	0.0	0.0005	0.0	0.0	0.0	0.0
k__Bacteria|p__Pseudomonadota|c__Alphaproteobacteria|o__Hyphomicrobiales|f__Rhizobiaceae|g__Agrobacterium|s__Agrobacterium_larrymoorei|t__SGB32151	0.0	0.0	0.0	0.0	0.0	0.0	0.0	0.0	0.0	0.0	0.0	0.00022	0.0	0.0
